S0220000496E6475737472792D62617365642D536D6172742D48656C6D65742E73333784
S31500000000010000000D900D90D0BF0100010000001E
S3150000001000102000A3187D1B000000000000000057
S3150000002000000000000000000000000000000000CA
S315000000300000000000000000000000000D900D9080
S31500000040A55A0000002020080000008000000000E3
S31500000050000000000000000000000000000000009A
S31500000060000000000000000000000000000000008A
S31500000070000000000000000000000000000000007A
S31500000080000000000000000000000000000000006A
S31500000090000000000000000000000000000000005A
S315000000A0000000000000000000000000000000004A
S315000000B0000000000000000000000000000000003A
S315000000C0000000000000000000000000000000002A
S315000000D0000000000000000000000000000000001A
S315000000E0000000000000000000000000000000000A
S315000000F000000000000000000000000000000000FA
S3150000010000000000000000000000000000000000E9
S3150000011000000000000000000000000000000000D9
S3150000012000000000000000000000000000000000C9
S3150000013000000000000000000000000000000000B9
S3150000014000000000000000000000000000000000A9
S315000001500000000000000000000000000000000099
S315000001600000000000000000000000000000000089
S315000001700000000000000000000000000000000079
S315000001800000000000000000000000000000000069
S315000001900000000000000000000000000000000059
S315000001A00000000000000000000000000000000049
S315000001B00000000000000000000000000000000039
S315000001C00000000000000000000000000000000029
S315000001D00000000000000000000000000000000019
S315000001E00000000000000000000000000000000009
S315000001F000000000000000000000000000000000F9
S3150000020000000000000000000000000000000000E8
S3150000021000000000000000000000000000000000D8
S3150000022000000000000000000000000000000000C8
S3150000023000000000000000000000000000000000B8
S3150000024000000000000000000000000000000000A8
S315000002500000000000000000000000000000000098
S315000002600000000000000000000000000000000088
S315000002700000000000000000000000000000000078
S315000002800000000000000000000000000000000068
S315000002900000000000000000000000000000000058
S315000002A00000000000000000000000000000000048
S315000002B00000000000000000000000000000000038
S315000002C00000000000000000000000000000000028
S315000002D00000000000000000000000000000000018
S315000002E00000000000000000000000000000000008
S315000002F000000000000000000000000000000000F8
S3150000030000000000000000000000000000000000E7
S3150000031000000000000000000000000000000000D7
S3150000032000000000000000000000000000000000C7
S3150000033000000000000000000000000000000000B7
S3150000034000000000000000000000000000000000A7
S315000003500000000000000000000000000000000097
S315000003600000000000000000000000000000000087
S315000003700000000000000000000000000000000077
S315000003800000000000000000000000000000000067
S315000003900000000000000000000000000000000057
S315000003A00000000000000000000000000000000047
S315000003B00000000000000000000000000000000037
S315000003C00000000000000000000000000000000027
S315000003D00000000000000000000000000000000017
S315000003E00000000000000000000000000000000007
S315000003F000000000000000000000000000000000F7
S3150000040000000000000000000000000000000000E6
S3150000041000000000000000000000000000000000D6
S3150000042000000000000000000000000000000000C6
S3150000043000000000000000000000000000000000B6
S3150000044000000000000000000000000000000000A6
S315000004500000000000000000000000000000000096
S315000004600000000000000000000000000000000086
S315000004700000000000000000000000000000000076
S315000004800000000000000000000000000000000066
S315000004900000000000000000000000000000000056
S315000004A00000000000000000000000000000000046
S315000004B00000000000000000000000000000000036
S315000004C00000000000000000000000000000000026
S315000004D00000000000000000000000000000000016
S315000004E00000000000000000000000000000000006
S315000004F000000000000000000000000000000000F6
S3150000050000000000000000000000000000000000E5
S3150000051000000000000000000000000000000000D5
S3150000052000000000000000000000000000000000C5
S3150000053000000000000000000000000000000000B5
S3150000054000000000000000000000000000000000A5
S315000005500000000000000000000000000000000095
S315000005600000000000000000000000000000000085
S315000005700000000000000000000000000000000075
S315000005800000000000000000000000000000000065
S315000005900000000000000000000000000000000055
S315000005A00000000000000000000000000000000045
S315000005B00000000000000000000000000000000035
S315000005C00000000000000000000000000000000025
S315000005D00000000000000000000000000000000015
S315000005E00000000000000000000000000000000005
S315000005F000000000000000000000000000000000F5
S3150000060000000000000000000000000000000000E4
S3150000061000000000000000000000000000000000D4
S3150000062000000000000000000000000000000000C4
S3150000063000000000000000000000000000000000B4
S3150000064000000000000000000000000000000000A4
S315000006500000000000000000000000000000000094
S315000006600000000000000000000000000000000084
S315000006700000000000000000000000000000000074
S315000006800000000000000000000000000000000064
S315000006900000000000000000000000000000000054
S315000006A00000000000000000000000000000000044
S315000006B00000000000000000000000000000000034
S315000006C00000000000000000000000000000000024
S315000006D00000000000000000000000000000000014
S315000006E00000000000000000000000000000000004
S315000006F000000000000000000000000000000000F4
S3150000070000000000000000000000000000000000E3
S3150000071000000000000000000000000000000000D3
S3150000072000000000000000000000000000000000C3
S3150000073000000000000000000000000000000000B3
S3150000074000000000000000000000000000000000A3
S315000007500000000000000000000000000000000093
S315000007600000000000000000000000000000000083
S315000007700000000000000000000000000000000073
S315000007800000000000000000000000000000000063
S315000007900000000000000000000000000000000053
S315000007A00000000000000000000000000000000043
S315000007B00000000000000000000000000000000033
S315000007C00000000000000000000000000000000023
S315000007D00000000000000000000000000000000013
S315000007E00000000000000000000000000000000003
S315000007F000000000000000000000000000000000F3
S3150000080000000000000000000000000000000000E2
S3150000081000000000000000000000000000000000D2
S3150000082000000000000000000000000000000000C2
S3150000083000000000000000000000000000000000B2
S3150000084000000000000000000000000000000000A2
S315000008500000000000000000000000000000000092
S315000008600000000000000000000000000000000082
S315000008700000000000000000000000000000000072
S315000008800000000000000000000000000000000062
S315000008900000000000000000000000000000000052
S315000008A00000000000000000000000000000000042
S315000008B00000000000000000000000000000000032
S315000008C00000000000000000000000000000000022
S315000008D00000000000000000000000000000000012
S315000008E00000000000000000000000000000000002
S315000008F000000000000000000000000000000000F2
S3150000090000000000000000000000000000000000E1
S3150000091000000000000000000000000000000000D1
S3150000092000000000000000000000000000000000C1
S3150000093000000000000000000000000000000000B1
S3150000094000000000000000000000000000000000A1
S315000009500000000000000000000000000000000091
S315000009600000000000000000000000000000000081
S315000009700000000000000000000000000000000071
S315000009800000000000000000000000000000000061
S315000009900000000000000000000000000000000051
S315000009A00000000000000000000000000000000041
S315000009B00000000000000000000000000000000031
S315000009C00000000000000000000000000000000021
S315000009D00000000000000000000000000000000011
S315000009E00000000000000000000000000000000001
S315000009F000000000000000000000000000000000F1
S31500000A0000000000000000000000000000000000E0
S31500000A1000000000000000000000000000000000D0
S31500000A2000000000000000000000000000000000C0
S31500000A3000000000000000000000000000000000B0
S31500000A4000000000000000000000000000000000A0
S31500000A500000000000000000000000000000000090
S31500000A600000000000000000000000000000000080
S31500000A700000000000000000000000000000000070
S31500000A800000000000000000000000000000000060
S31500000A900000000000000000000000000000000050
S31500000AA00000000000000000000000000000000040
S31500000AB00000000000000000000000000000000030
S31500000AC00000000000000000000000000000000020
S31500000AD00000000000000000000000000000000010
S31500000AE00000000000000000000000000000000000
S31500000AF000000000000000000000000000000000F0
S31500000B0000000000000000000000000000000000DF
S31500000B1000000000000000000000000000000000CF
S31500000B2000000000000000000000000000000000BF
S31500000B3000000000000000000000000000000000AF
S31500000B40000000000000000000000000000000009F
S31500000B50000000000000000000000000000000008F
S31500000B60000000000000000000000000000000007F
S31500000B70000000000000000000000000000000006F
S31500000B80000000000000000000000000000000005F
S31500000B90000000000000000000000000000000004F
S31500000BA0000000000000000000000000000000003F
S31500000BB0000000000000000000000000000000002F
S31500000BC0000000000000000000000000000000001F
S31500000BD0000000000000000000000000000000000F
S31500000BE000000000000000000000000000000000FF
S31500000BF000000000000000000000000000000000EF
S31500000C0000000000000000000000000000000000DE
S31500000C1000000000000000000000000000000000CE
S31500000C2000000000000000000000000000000000BE
S31500000C3000000000000000000000000000000000AE
S31500000C40000000000000000000000000000000009E
S31500000C50000000000000000000000000000000008E
S31500000C60000000000000000000000000000000007E
S31500000C70000000000000000000000000000000006E
S31500000C80000000000000000000000000000000005E
S31500000C90000000000000000000000000000000004E
S31500000CA0000000000000000000000000000000003E
S31500000CB0000000000000000000000000000000002E
S31500000CC0000000000000000000000000000000001E
S31500000CD0000000000000000000000000000000000E
S31500000CE000000000000000000000000000000000FE
S31500000CF000000000000000000000000000000000EE
S31500000D0000000000000000000000000000000000DD
S31500000D1000000000000000000000000000000000CD
S31500000D2000000000000000000000000000000000BD
S31500000D3000000000000000000000000000000000AD
S31500000D40000000000000000000000000000000009D
S31500000D50000000000000000000000000000000008D
S31500000D60000000000000000000000000000000007D
S31500000D70000000000000000000000000000000006D
S31500000D80000000000000000000000000000000005D
S31500000D90000000000000000000000000000000004D
S31500000DA0000000000000000000000000000000003D
S31500000DB0000000000000000000000000000000002D
S31500000DC0000000000000000000000000000000001D
S31500000DD0000000000000000000000000000000000D
S31500000DE000000000000000000000000000000000FD
S31500000DF000000000000000000000000000000000ED
S31500000E0000000000000000000000000000000000DC
S31500000E1000000000000000000000000000000000CC
S31500000E2000000000000000000000000000000000BC
S31500000E3000000000000000000000000000000000AC
S31500000E40000000000000000000000000000000009C
S31500000E50000000000000000000000000000000008C
S31500000E60000000000000000000000000000000007C
S31500000E70000000000000000000000000000000006C
S31500000E80000000000000000000000000000000005C
S31500000E90000000000000000000000000000000004C
S31500000EA0000000000000000000000000000000003C
S31500000EB0000000000000000000000000000000002C
S31500000EC0000000000000000000000000000000001C
S31500000ED0000000000000000000000000000000000C
S31500000EE000000000000000000000000000000000FC
S31500000EF000000000000000000000000000000000EC
S31500000F0000000000000000000000000000000000DB
S31500000F1000000000000000000000000000000000CB
S31500000F2000000000000000000000000000000000BB
S31500000F3000000000000000000000000000000000AB
S31500000F40000000000000000000000000000000009B
S31500000F50000000000000000000000000000000008B
S31500000F60000000000000000000000000000000007B
S31500000F70000000000000000000000000000000006B
S31500000F80000000000000000000000000000000005B
S31500000F90000000000000000000000000000000004B
S31500000FA0000000000000000000000000000000003B
S31500000FB0000000000000000000000000000000002B
S31500000FC0000000000000000000000000000000001B
S31500000FD0000000000000000000000000000000000B
S31500000FE000000000000000000000000000000000FB
S31500000FF000000000000000000000000000000000EB
S31500001000184D0100554F2008094F2008094F2008A8
S31500001010094F2008094F2008094F2008000000004A
S3150000102000000000000000000000000051452008FC
S31500001030094F200800000000A1452008DB2D2008EC
S31500001040094F2008094F2008094F2008094F20089A
S31500001050094F2008094F2008094F2008094F20088A
S31500001060094F2008094F200819110000FD762008B5
S31500001070B1582008094F2008094F2008094F2008B9
S31500001080094F2008094F2008094F2008094F20085A
S31500001090094F2008094F2008094F2008094F20084A
S315000010A0094F2008094F2008094F2008094F20083A
S315000010B0094F2008094F2008184D0100094F200844
S315000010C0554F200871100000094F2008094F2008CD
S315000010D0094F2008094F200899582008A5582008CC
S315000010E0854E2008094F2008094F2008F3C3AD6933
S315000010F0094F2008094F2008094F2008094F2008EA
S31500001100094F2008094F2008094F2008094F2008D9
S31500001110094F2008094F2008094F2008094F2008C9
S31500001120094F2008094F2008094F2008094F2008B9
S31500001130094F2008094F2008094F2008094F2008A9
S31500001140094F2008094F2008094F2008094F200899
S31500001150094F2008094F2008094F2008094F200889
S31500001160094F2008094F200825A02008000000008C
S315000011700000000000000000000000000000000069
S315000011800348044B834202D0034B03B11847704710
S315000011904027000040270000000000000548064BDD
S315000011A01B1AD90F01EBA301491002D0034B03B15F
S315000011B01847704740270000402700000000000045
S315000011C010B5064C237843B9FFF7DAFF044B13B189
S315000011D00448AFF300800123237010BD40270000B0
S315000011E00000000044A1210808B5054B1BB10549C4
S315000011F00548AFF30080BDE80840FFF7CFBF00BF4A
S31500001200000000004427000044A1210870B50646EE
S3150000121008480C461D4611F0DDF8B6F1004F74F192
S31500001220000405D30448294611F06CF8012070BD6E
S315000012300020FCE76858210874582108F0B5124DC3
S315000012400E4607460FCD89B001AC0FC495E80700DE
S3150000125084E80700326B31680C4811F053F896F8B1
S315000012602C3053B9C8230A48ADF80430094B029311
S31500001270059011F033FBCDE9060001A938460DF0C3
S31500001280DDFE002009B0F0BD20842108A358210806
S3150000129010000000CB582108F0B5134E354607461E
S315000012A00FCD8BB003AC0FC495E8070084E80700A8
S315000012B0D6E907014FF4CA72ADF80C200B4A01AB10
S315000012C083E80300CDE904230123ADF81830084B69
S315000012D0079303A90D233846CDE908330DF0AEFE7A
S315000012E000200BB0F0BD00BF20842108D55821088E
S315000012F0E0582108F0B51F4D0F4606460FCD89B0C0
S3150000130001AC0FC495E8070084E807003A6B39681A
S31500001310194810F0F7FF97F82C3033BBC823ADF807
S315000013200430164B0293164B05934FF4007242F2AB
S31500001330E33301A93046CDE906230DF07FFE42F2E4
S31500001340E315DDE90513B5F5007F2C4628BF4FF4FC
S31500001350007419442246304605910DF09BFF2D1B63
S315000013600694EED1002009B0F0BD01A930460DF07B
S3150000137065FEF7E720842108A3582108CB582108E9
S31500001380C45F21082DE9F04F5F4D894606460FCD13
S31500001390ADF5077D0CAC0FC495E8070084E807009F
S315000013A0D9F83020D9F80010584810F0ABFF99F85A
S315000013B02C30012B61D10025C422294655A80DF1F8
S315000013C04C08549511F064F96022294614A854AFCC
S315000013D00B95C8F8005011F05BF9C72308A93046F1
S315000013E00A93CDF8209009970DF0BCFD05A80FF0E3
S315000013F055FCA02229462CA811F04AF90A2300938D
S31500001400D9F830202CAB394605A80FF0BBFA2CAC26
S315000014100395AB46237C032B1BD16369A2693C4928
S3150000142007EB0309A2EB030A5246484611F006F9F8
S3150000143040BB94F82030032B0BD1D4E90932F918BC
S315000014400091D31A3348344A202110F0CBFF4FF0D5
S31500001450010B203444AB9C42DCD1BBF1000F03D01E
S3150000146015B1039B002B33D14FF4C873ADF8303060
S315000014702A4B10930F23CDE911330CA930460DF0FA
S31500001480DDFD3CE026495246484611F0D7F858B9EA
S31500001490D4E90932F9180091D31A22481E4A40218C
S315000014A010F0A0FF0125D4E71F495246484611F027
S315000014B0C5F80028CDD1D4E90932F9180091D31A1C
S315000014C01A48154A202110F08DFF01230393C0E727
S315000014D01749404611F099F9C823ADF83030404617
S315000014E0144B0D93CDF8408011F0F8F90CA9CDE915
S315000014F0110030460DF0A2FD0F4B02221A7000209B
S315000015000DF5077DBDE8F08F20842108A35821083A
S31500001510EE582108BC270000F3582108115921086C
S31500001520F85821087C270000035921085C27000091
S3150000153021592108325921081C28000010B50648F7
S31500001540144610F0DFFE204602F076FB034810F04A
S3150000155041FF002010BD00BF43592108415A210810
S3150000156010B50648144610F0CDFE204602F064FB86
S31500001570034810F02FFF002010BD00BF605921085E
S31500001580415A21082DE9F04FB0F1004F89B071F1B1
S315000015900001129D1368174605D3344A01201360D3
S315000015A009B0BDE8F08FDBB12846314ADFF8D490A8
S315000015B0DFF8D4A0DFF8D4B040F2CF7110F012FFFC
S315000015C0C0F5F9640544073407F10C064FF000082E
S315000015D03B68984509D3274A2146284610F002FF62
S315000015E0254B01221A700020DAE716F8033C16F89C
S315000015F0012C082B94BF5AF823304B46CDE9003214
S31500001600214633465A46284610F0ECFE16F8022CC0
S3150000161096F82230069216F8042C059296F82720A2
S31500001620049296F82620039296F82520029296F8C0
S315000016302420019296F823200092241A054421467C
S3150000164028460E4A10F0CEFE3B68013B98450544FD
S31500001650A4EB000406D221462846094A10F0C2FE31
S315000016600544241A08F101082E36B1E720280000A7
S31500001670825921082C5A2108922C0000E159210890
S31500001680DF5921087A592108705E2108A5592108D9
S315000016902DE9F043504D894606460FCD95B06C4670
S315000016A00FC495E8070099F82C8084E80700B8F184
S315000016B0000F40F08C804FF4FA600FF0ABFF474DFF
S315000016C007460FCD07AC0FC40FCD0FC40FCD0FC407
S315000016D02B68D9F83020D9F800104148236010F063
S315000016E011FE4FF4FA624146384610F0D1FF3D4CE8
S315000016F03D4810F06FFE3D4984F800803A4640466A
S315000017000BF0BAFF414607AA02200BF0A9FD0528F7
S3150000171001460BD1364810F05DFE00F0ADFB42F2FB
S3150000172010780546237893B3324B1968002937D1D0
S31500001730314810F04FFE384611F0D0F8C823B0F506
S31500001740007F0546044628BF4FF40075ADF800300B
S3150000175006902A4B019369463046CDE904750DF093
S315000017606DFC641B64B3DDE90413B4F5007F254604
S3150000177028BF4FF4007519442A4630460491641B6D
S315000017800DF088FD0595EDE700F0EEFBCAE700F0E9
S3150000179073FB431B4345F7D92378002BC4D107219C
S315000017A0174810F0AFFD4FF4FA73ADF80030154B43
S315000017B00493694619233046CDE905330DF03EFC06
S315000017C038460FF02FFF002015B0BDE8F0836946BC
S315000017D030460DF033FCF6E720842108488F2108B7
S315000017E0A3582108922C00002F5A2108852520088D
S315000017F0435A210820280000BD5A210832592108E1
S31500001800505A2108A35A21082DE9F041F8B0942234
S3150000181000210CA810F03CFF1122002102A810F0B4
S3150000182037FF1422002107A810F032FFA048A14D6F
S31500001830A14E10F0CFFD2B78042B61D8DFE813F012
S315000018400500AD016900AD01A60100239B491A46BA
S3150000185010200CF0A7FB044630B10146984810F062
S3150000186051FD78B0BDE8F0810246964908200BF09C
S3150000187003FF954922460A200BF0FEFE934810F01E
S31500001880A9FD214610200CF0E3FC014608B1904862
S31500001890E5E7904810F09EFD5023ADF81C308E4BC6
S315000018A00A938E4B089307A905238D48ADF824307B
S315000018B00DF0A8FA014608B18A48D0E788480DF02D
S315000018C0F3FA044610B101468748C8E7874810F086
S315000018D081FD31AA214610200CF0F0FC31A9844884
S315000018E010F010FD9DF80F3100939DF80D219DF825
S315000018F00E319DF80C117F4810F004FD01232B706A
S315000019007D4B1B78002B96D04FF0FF3000F05DFB2F
S31500001910FAE773480DF0F0FA014608B177489EE7FA
S315000019206F480DF0ABFA014608B1754897E7754860
S3150000193010F050FD10200CF075FC044610B1014665
S3150000194071488CE7714810F045FD714923462246DF
S3150000195008200CF027FB074610B101466D487EE7CC
S315000019606D486E4C10F036FD4FF48E72394631A834
S3150000197010F08EFE6A4810F0B1FF6949024632A89F
S3150000198010F09EFF664810F0A9FF01210346644A45
S3150000199008460CF0C3FC40223946204610F078FE7B
S315000019A0604810F09BFF5F4984F8200002462046FD
S315000019B010F086FF5C495D4810F01DFFE0B15C4900
S315000019C05A4810F018FF48B35A49584810F013FF08
S315000019D030B35949554810F00EFF18B357495348CC
S315000019E010F009FF00B35649504810F004FF0028D4
S315000019F04FF6FF7008BF0620E085524A04274FF0D5
S31500001A0001080021082084F83070C4F834800CF0F6
S31500001A1035FC044650B101464B4820E70120EBE770
S31500001A200220E9E70720E7E70820E5E7474810F046
S31500001A30D1FC3A49464810F065FC224645494046E5
S31500001A400BF01AFE354946F2A81205200BF0B6FC3B
S31500001A500446E0B10146404810F054FC3F4B9C421E
S31500001A600BD13F4A137833B1013B137041F28830F2
S31500001A7000F0ABFA44E70523137008200CF0D2FB04
S31500001A80014610B1374810F03DFC002337E7014608
S31500001A900CAA08200CF012FC014608B12E48DEE61E
S31500001AA01CA808F011FA014600285FD02E48D6E699
S31500001AB0CF5A21081C2800003C5E2108A883210873
S31500001AC0F25A2108612520083D2520081E5B2108C1
S31500001AD0345B2108635B210899222008E45E210813
S31500001AE024280000755B2108935B2108AB5B210865
S31500001AF0CD5B2108FF5B2108912C0000445C210886
S31500001B005B5C2108745C21088F5C2108A35C2108BA
S31500001B10E4832108BB5C2108EB5C2108DC2700007C
S31500001B207C270000BC2700000F5D21085C27000011
S31500001B30145D2108185D21081D5D2108225D21081C
S31500001B40325D21080C5F21083D5D2108635D210897
S31500001B50885D21080D222008925D210803000100FE
S31500001B60902C0000C55D2108DA5D21080C4810F0B4
S31500001B7031FC1E9B0B48029310F0C4FB02A802F036
S31500001B804DF8094810F026FC2F70B9E6304610F0E3
S31500001B9021FC064B01221A70B2E64FF47A7067E711
S31500001BA0095E21082E5E2108415A2108912C000069
S31500001BB0024A0348002100F06BB900BFA05F21086C
S31500001BC00928200808B500F09DF8FFF7F1FF00F09E
S31500001BD0EDF800B908BD00F094F8F8E770477047D3
S31500001BE07047704708B502F059FD05F069FF07F028
S31500001BF025FA01F0E5FFBDE8084002F023BB704777
S31500001C0000F01EB97047704770477047EFF31080B9
S31500001C1072B6704710B962B6BFF36F8F7047EFF3B5
S31500001C2011800C2383F31188704780F31188BFF36A
S31500001C306F8F7047034638B10020814204D01A5C8A
S31500001C4002B970470130F8E770474FF0FF31FFF7F0
S31500001C50F1BF000040B1054A1378012B04D8037088
S31500001C60013313700020704701207047932C000049
S31500001C7008B512F0C9FD002008BD70B5B0B1ABB112
S31500001C804C4204F00304214489B2C0E900330181C7
S31500001C9042811C460025501EA842264607DC002A23
S31500001CA008BF002048434FF0FF321A5070BD0C4465
S31500001CB034600135F0E738B5044630B1FFF7AFFFC1
S31500001CC025686B1C04D1FFF7B0FF0025284638BDF8
S31500001CD02B682360FFF7A9FFF8E738B504460D46E1
S31500001CE0FFF79DFF23682B602560BDE83840FFF7AE
S31500001CF09CBF08B500F013F800F056F8FEE77047F1
S31500001D007047704708B5FFF76DFFFFF77BFFFFF7DA
S31500001D107AFFFFF779FFBDE80840FFF776BF08B501
S31500001D20FFF7EDFF02F022F9FFF7EAFF00F062F895
S31500001D3000F007F8FFF763FFBDE8084000F01AB8A7
S31500001D40704708B5FFF74AFFFFF749FFFFF748FF5F
S31500001D50FFF747FFFFF7F4FF08BD000008B5FFF7E0
S31500001D6031FF034B1868BDE8084000F014B900BF06
S31500001D70942C000030B5094D0FCD8BB001AC0FC4CB
S31500001D800FCD0FC42B680648236001AA002100F07E
S31500001D907FF8044B18600BB030BD00BF44842108A7
S31500001DA05D2D2008942C0000FFF72ABF0020704705
S31500001DB010B5EFF3058414B10124204610BD12F0CE
S31500001DC037FD0128F9D0EFF31083002BF4D1EFF3A0
S31500001DD01184003C18BF0124EFE708B54FF0E0235B
S31500001DE01B6912F025FD012803D0BDE8084001F06B
S31500001DF07DBC08BD08B5FFF7DBFF48B912F018FD3A
S31500001E000128034607D1054A106820B9136008BDAA
S31500001E106FF00500FBE74FF0FF30F8E78839000068
S31500001E2008B512F005FD38B1022804D0034B186836
S31500001E30431E5842584108BD0320FCE7883900007C
S31500001E4010B5FFF7B5FF044668B912F0F1FC01289A
S31500001E500CD1084B1A68012A08D102221A6012F026
S31500001E60CBFC204610BD6FF00500FBE74FF0FF30BE
S31500001E70F8E700BF8839000008B5FFF799FF18B1E9
S31500001E80BDE8084012F0B0BCBDE8084012F0E4BC62
S31500001E902DE9F04186B0002305460E46904605938F
S31500001EA0FFF786FF00BBFDB1B8F1000F3ED0D8F8B2
S31500001EB018402CB1631E372B03D906B0BDE8F0815C
S31500001EC01824D8F80430DB0735D4D8F814306BB1B1
S31500001ED09A08D8E90270D8F8001057B1772803D9C4
S31500001EE0D8F8100000B1BBB90598E6E74FF4807248
S31500001EF0EFE70028F8D1D8F81030002BF4D105AB65
S31500001F00013C019300943346284612F03DFC01281B
S31500001F101CBF00230593E7E7013CCDE901070094C8
S31500001F203346284612F064FC0590DDE74146182446
S31500001F304FF48072E3E70020BFE712F041BC0000D7
S31500001F4010B50446FFF734FF10B14FF0FF3010BD57
S31500001F50002CFAD0204612F06FFC0328F5D8014B6E
S31500001F601856F4E76884210808B5FFF721FF50B931
S31500001F704FF0E0234FF08052C3F8042DBFF34F8F8C
S31500001F80BFF36F8F08BD6FF00500FBE708B50020B3
S31500001F9012F002FCFEE738B50546FFF709FF0446D6
S31500001FA050B965B1284612F047FC04280AD02846E5
S31500001FB012F0F2FB204638BD6FF00500FBE76FF02C
S31500001FC00300F8E76FF00200F5E710B50446FFF7E7
S31500001FD0EFFE28B914B1204612F036FC002010BDE1
S31500001FE06FF00500FBE710B50446FFF7E1FE50B9B8
S31500001FF05CB1D4E9020328B11F2B04D9BDE8104017
S3150000200000F022BA0BB1002010BDBDE8104000F070
S315000020103FBA37B50C46054630B3B1F1807F23D2BF
S31500002020FFF7C6FEC8B1002301AA21462846019340
S3150000203000F084FBD8B1284600F0FEFA019B4BB1B4
S315000020404FF0E0234FF08052C3F8042DBFF34F8FBB
S31500002050BFF36F8F204303B030BD2146284603B03F
S31500002060BDE8304000F0F6BA6FF00300F3E76FF01A
S315000020700200F0E770B50E46054600B3B1F1807F69
S315000020801DD2FFF795FEA0B1284600F0D5FA3146DD
S315000020900446284600F0C8FAA0B14FF0E0234FF0FE
S315000020A08052C3F8042DBFF34F8FBFF36F8F2046C6
S315000020B070BD31462846BDE8704000F08FBA6FF01B
S315000020C00304F4E76FF00204F1E72DE9F3410C464F
S315000020D015461E46074610B1B1F1807F04D36FF056
S315000020E0030002B0BDE8F081FFF762FE20B1002ECA
S315000020F0F5D16FF00500F4E705F0010885F002025E
S31500002100C2F34002009643462146384600F0CEF917
S3150000211004EA0002B8F1000F08D0A242E1D0002E76
S3150000212014BF6FF001006FF00200DAE7002AF6D064
S31500002130D7E738B50546FFF73BFE044628B93DB15B
S31500002140284600F0CDFA204638BD6FF00500FBE7C3
S315000021506FF00300F8E738B50546FFF729FE10B122
S315000021600024204638BD25B9BDE83840012000F0DE
S3150000217066BD6B681A07F3D4D5E9021203F00103B2
S3150000218079B14F2AECD99BB1042000F024FD044616
S315000021900028E5D0296809B100F0A0FF44F0010449
S315000021A0DFE7002ADCD17BB1042000F048FDEEE732
S315000021B0012000F010FD04460028D1D0296800292E
S315000021C0CFD000F08BFFCCE7012000F038FDF2E71E
S315000021D0F8B505460C4620F0010600F00107FFF7AA
S315000021E0E7FDA0B9012D15D92146304667B100F0AB
S315000021F0F7FE012801D10020F8BD002C14BF6FF0B6
S3150000220001006FF00200F7E700F036FEF1E76FF02D
S315000022100500F1E76FF00300EEE770B5044620F025
S31500002220010500F00106FFF7C3FD90B9012C13D993
S3150000223046B1284600F0E4FC01280CBF00206FF0F0
S31500002240020070BD334632463146284600F007FC90
S31500002250F2E76FF00500F4E76FF00300F1E770B501
S31500002260054620F00106FFF7A3FD044648B9012DF7
S315000022700AD9304600F05AFF304600F079FF204672
S3150000228070BD6FF00500FBE76FF00300F8E738B5A7
S315000022900546FFF78DFD044640B955B1284600F0C6
S315000022A045FF284600F064FF204638BD6FF0050064
S315000022B0FBE76FF00300F8E7F7B505460E46144650
S315000022C0FFF776FD18B10025284603B0F0BD002DB6
S315000022D0F9D0002EF7D03CB3D4E90232BBB14F2A75
S315000022E0F1D92269002AEED0676906FB05F18F4213
S315000022F0E9D300903146284600F040FB0546002809
S31500002300E1D021680029DFD000F0E8FEDCE7002AF2
S31500002310D9D12369002BD6D16269002AD3D131469F
S31500002320284600F06CFBE9E722463146284603B012
S31500002330BDE8F04000F063BB73B51C4605460E468B
S31500002340FFF736FD0346F0B15DB356B34CBB2346EB
S3150000235001AA31462846019400F083FC012803D0E7
S315000023606FF0020002B070BD019B0BB90020F9E7C7
S315000023704FF0E0234FF08052C3F8042DBFF34F8F88
S31500002380BFF36F8FF2E765B15EB12246314628464C
S3150000239000F065FB0128E9D0002CE1D06FF00100C8
S315000023A0E0E76FF00300DDE773B505460E461C4611
S315000023B0FFF7FEFCE8B155B34EB344BB01AA314664
S315000023C02846019400F02DFE012803D06FF002008C
S315000023D002B070BD019B0BB90020F9E74FF0E02376
S315000023E04FF08052C3F8042DBFF34F8FBFF36F8FAA
S315000023F0F2E765B15EB122463146284600F09DFC03
S315000024000128E9D0002CE1D06FF00100E0E76FF081
S315000024100300DDE7FFF73BBF034B0360034B0B6095
S315000024204FF48073136070471039000010350000B8
S31500002430034B0360034B0B604FF40073136070474C
S3150000244098340000982C000013B5044640B94FF0AC
S31500002450140383F31188BFF36F8FBFF34F8FFEE72B
S3150000246020230193019B202B08D04FF0140383F304
S315000024701188BFF36F8FBFF34F8FFEE7002340F83D
S31500002480043B00F063F901232046237702B010BD18
S3150000249038B5202001F03CFA044628B1002540F862
S315000024A0045B00F053F92577204638BD2DE9F84343
S315000024B0DDF820900C4617469846064640B94FF080
S315000024C0140383F31188BFF36F8FBFF34F8FFEE7BB
S315000024D0B1F1807F08D34FF0140383F31188BFF363
S315000024E06F8FBFF34F8FFEE741B94FF0140383F3AD
S315000024F01188BFF36F8FBFF34F8FFEE712F098F985
S31500002500D0B9B9F1000F08D04FF0140383F3118846
S31500002510BFF36F8FBFF34F8FFEE712F099F935685F
S3150000252004EA0503B8F1000F32D09C4232D18FB3D2
S3150000253025EA040434602DE012F08AF9356804EACD
S315000025400503B8F1000F2AD1002BF0D1B9F1000F25
S3150000255020D0391E18BF012109064A462143301DE5
S3150000256012F03AF912F020F928B312F021F983019A
S3150000257005460AD401F086F8356804EA0503B8F181
S31500002580000F23D123BB01F09DF825F07F4503E022
S31500002590002BCCD112F008F92846BDE8F8839C42FE
S315000025A0C5D0B9F1000FF5D0391E18BF01210906B3
S315000025B041F08061D1E74FF0E0234FF08052C3F83D
S315000025C0042DBFF34F8FBFF36F8FCEE79C42DAD156
S315000025D0002FD8D025EA04043460D4E770B50C4641
S315000025E0054640B94FF0140383F31188BFF36F8F8C
S315000025F0BFF34F8FFEE7B1F1807F08D34FF014038E
S3150000260083F31188BFF36F8FBFF34F8FFEE701F09F
S3150000261039F82E6826EA04042C6001F053F8304697
S3150000262070BDFFF7DBBF00000A46002301460148E4
S3150000263000F074BF23362008EFF311834FF0140225
S3150000264082F31188BFF36F8FBFF34F8F006883F358
S31500002650118870472DE9F0410D46044640B94FF008
S31500002660140383F31188BFF36F8FBFF34F8FFEE719
S31500002670B1F1807F08D34FF0140383F31188BFF3C1
S315000026806F8FBFF34F8FFEE700F10C0612F0E0F8F4
S31500002690236820692B43236000258642216807D1E1
S315000026A021EA0501216012F07FF82068BDE8F0817B
S315000026B0D0E9002822F07F4312F0806F03EA010779
S315000026C002D11FB94046E8E7BB42FBD1D20141F037
S315000026D0007148BF1D4312F093F8F3E7FFF7BABF46
S315000026E038B5044640B94FF0140383F31188BFF39D
S315000026F06F8FBFF34F8FFEE712F0AAF804F10C05B7
S31500002700636843B912F050F8237FABB92046BDE8A1
S31500002710384001F0D3B92069A84208D14FF014031C
S3150000272083F31188BFF36F8FBFF34F8FFEE74FF030
S31500002730007112F065F8E3E738BD000013460A465B
S315000027400146014800F0EABEDD36200800F1080324
S315000027504FF0FF32C0E902234360036100230360A8
S31500002760704700230361704743684B609A688A602C
S31500002770516099600368086101330360704730B5A2
S315000027800C68631C0AD103695A684A6091608B60C1
S315000027905960036808610133036030BD00F1080227
S315000027A0134652681568A542FAD9EDE7D0E9011239
S315000027B003698A6051605968814208BF5A600022E5
S315000027C00261186801381860704710B5044600F0B9
S315000027D059FFA46B00F076FFB4FA84F0400910BDEF
S315000027E070B51646026C856B044642B906689EB9FA
S315000027F0806811F0E9FFA6600135A56370BD6EB96A
S31500002800406810F05DF86368226C1344A268636048
S31500002810934224BF236863600020EDE7C06810F090
S315000028204FF8226CE36851429B1A2268E360934298
S315000028303EBFA3685B18E360022EEDD10DB1013DEA
S31500002840EAE72846D8E7034610B41A6C08466AB188
S31500002850DC68996814448C4228BF1968DC6028BF7C
S31500002860D960D9685DF8044B10F02AB85DF8044BBE
S31500002870704770B5044600F005FF94F8455004F122
S3150000288024066DB2002D14DCFF2384F8453000F0D9
S3150000289019FF00F0F7FE94F8445004F110066DB2EB
S315000028A0002D12DCFF2384F84430BDE8704000F0B0
S315000028B009BF636A002BE7D0304611F0ADFF08B1BF
S315000028C011F0CEFF013D6DB2DCE72369002BE9D0A4
S315000028D0304611F0A1FF08B111F0C2FF013D6DB203
S315000028E0DEE770B50E46044640B94FF0140383F395
S315000028F01188BFF36F8FBFF34F8FFEE7C56BA5B38C
S31500002900036CA3FB053585BB00F0BCFED4E90F3193
S31500002910226862604B43D0185B1A1A44FF23A563F2
S31500002920A06084F84430E26084F84530A6B9236993
S3150000293073B104F1100011F06FFF48B14FF0E023BE
S315000029404FF08052C3F8042DBFF34F8FBFF36F8F44
S3150000295000F0B8FE012070BD04F11000FFF7F6FE8E
S3150000296004F12400FFF7F2FEF2E74FF0140383F3BD
S315000029701188BFF36F8FBFF34F8FFEE737B50D4654
S315000029801C4643B94FF0140383F31188BFF36F8FCE
S31500002990BFF34F8FFEE748B3B2B139B3502301936B
S315000029A0019B502B19D1019B22600121C4E90F051F
S315000029B084F846102046FFF794FF9DF8183084F8F7
S315000029C04C30204603B030BD81B950230193019BA2
S315000029D0502B02D1019B2246E6E74FF0140383F306
S315000029E01188BFF36F8FBFF34F8FFEE74FF01403CD
S315000029F083F31188BFF36F8FBFF34F8FFEE72DE987
S31500002A00F0410D461746064600B3A1FB0038B8F163
S31500002A10000F1BD1484310F1510F17D8503000F06A
S31500002A2077FF044668B180F846806DB100F1500327
S31500002A30C4E90F65236001212046FFF752FF84F8A1
S31500002A404C702046BDE8F0810346F1E74FF01403D1
S31500002A5083F31188BFF36F8FBFF34F8FFEE7F0B597
S31500002A6085B00E4601921D46044640B94FF0140348
S31500002A7083F31188BFF36F8FBFF34F8FFEE751B912
S31500002A80036C43B14FF0140383F31188BFF36F8FC8
S31500002A90BFF34F8FFEE7022D0BD1E36B012B08D05E
S31500002AA04FF0140383F31188BFF36F8FBFF34F8F7B
S31500002AB0FEE711F0BDFE08B9019B03BB00F0E2FD85
S31500002AC0A26BE36B9A4223D22A4631462046FFF791
S31500002AD087FE636A1BB104F1240011F09DFE48B124
S31500002AE04FF0E0234FF08052C3F8042DBFF34F8F11
S31500002AF0BFF36F8F00F0E6FD012005B0F0BD4FF08B
S31500002B00140383F31188BFF36F8FBFF34F8FFEE774
S31500002B10022DD9D000231F4637E013B902A811F0C1
S31500002B2057FE00F0CFFD11F093FE00F0ABFD94F8D8
S31500002B304430FF2B08BF84F8447094F84530FF2BCF
S31500002B4008BF84F8457000F0BDFD01A902A811F088
S31500002B501FFE002839D100F095FDA26BE36B9A4267
S31500002B601AD100F0AFFD019904F1100011F050FEEA
S31500002B702046FFF77EFE11F017FED8B100F082FD69
S31500002B80A36BE26B9A429FD80123019A002AC4D113
S31500002B9000F098FD0020B0E700F094FD2046FFF716
S31500002BA068FE11F001FE00F06DFDA26BE36B9A4228
S31500002BB0EAD289E74FF0E0234FF08052C3F8042DA4
S31500002BC0BFF34F8FBFF36F8FEDE72046FFF751FE40
S31500002BD011F0EAFDDEE713B500220B460090114620
S31500002BE00120FFF7CBFE044638B100238360036063
S31500002BF0C3601A461946FFF732FF204602B010BDE1
S31500002C0038B5044640B94FF0140383F31188BFF377
S31500002C106F8FBFF34F8FFEE7856811F0D1FD8542B8
S31500002C200BD1E368013BE3600BB1012038BD1A46C6
S31500002C3019462046FFF713FFF7E70020F6E710B521
S31500002C40024600210120FFF7DAFE044638B10023D0
S31500002C5083600360C3601A461946FFF700FF2046EB
S31500002C6010BD2DE9F843894617461E46044640B96D
S31500002C704FF0140383F31188BFF36F8FBFF34F8FA9
S31500002C80FEE751B9036C43B14FF0140383F3118887
S31500002C90BFF36F8FBFF34F8FFEE7022E0BD1E36BAF
S31500002CA0012B08D04FF0140383F31188BFF36F8F05
S31500002CB0BFF34F8FFEE700F0FDFDEFF311884FF0F5
S31500002CC0140383F31188BFF36F8FBFF34F8FA26B8B
S31500002CD0E36B9A4201D3022E2DD194F84550A36B93
S31500002CE06DB2324649462046FFF77AFD6B1C0ED17F
S31500002CF0636A3BB104F1240011F08EFD10B10FB1EF
S31500002D0001233B60012088F31188BDE8F88311F0A8
S31500002D1053FD8542F6D27F2D08D14FF0140383F37D
S31500002D201188BFF36F8FBFF34F8FFEE701356DB28A
S31500002D3084F84550E6E70020E5E7F0B585B00E4695
S31500002D400192044640B94FF0140383F31188BFF390
S31500002D506F8FBFF34F8FFEE751B9036C43B14FF04E
S31500002D60140383F31188BFF36F8FBFF34F8FFEE712
S31500002D7011F05EFD50B9019B43B14FF0140383F38C
S31500002D801188BFF36F8FBFF34F8FFEE700F07AFC19
S31500002D90A56BDDB131462046FFF755FD2369013DA0
S31500002DA0A56373B104F1100011F036FD48B14FF080
S31500002DB0E0234FF08052C3F8042DBFF34F8FBFF3CB
S31500002DC06F8F00F07FFC012005B0F0BD019B1BB9A1
S31500002DD000F078FC0020F7E702A811F0F9FC2F4676
S31500002DE000F070FC11F034FD00F04CFC94F8443017
S31500002DF0FF2B08BF84F8447094F84530FF2B08BFBA
S31500002E0084F8457000F05EFC01A902A811F0C0FC30
S31500002E1038BB2046FFF7D9FCE8B1019904F124003C
S31500002E2011F0F6FC2046FFF724FD11F0BDFC48B971
S31500002E304FF0E0234FF08052C3F8042DBFF34F8FBD
S31500002E40BFF36F8F00F01EFCA56B002DA2D1019B76
S31500002E50002BC5D1BCE72046FFF70BFD11F0A4FC03
S31500002E60F0E72046FFF705FD11F09EFC2046FFF730
S31500002E70ACFC0028E6D0ADE7F0B585B0044601917C
S31500002E8040B94FF0140383F31188BFF36F8FBFF37C
S31500002E904F8FFEE7056C45B14FF0140383F311889D
S31500002EA0BFF36F8FBFF34F8FFEE711F0C1FC0646ED
S31500002EB020B32E46002700F0E5FBA36B53B3013B7E
S31500002EC0A363236813B911F0AFFCA060236973B143
S31500002ED004F1100011F0A0FC48B14FF0E0234FF0D0
S31500002EE08052C3F8042DBFF34F8FBFF36F8F00F0EE
S31500002EF0E9FB012005B0F0BD3546DBE7019B002B61
S31500002F00FAD04FF0140383F31188BFF36F8FBFF32A
S31500002F104F8FFEE7019B1BB900F0D4FB0020E9E7C9
S31500002F2016B902A811F054FC00F0CCFB11F090FC8D
S31500002F3000F0A8FB94F84430FF2B08BF84F84470D7
S31500002F4094F84530FF2B08BF84F8457000F0BAFBB3
S31500002F5001A902A811F01CFC50BB2046FFF735FC66
S31500002F6000B323683BB900F08DFBA06811F068FC44
S31500002F70054600F0A7FB019904F1240011F048FC76
S31500002F802046FFF776FC11F00FFC48B94FF0E0231E
S31500002F904FF08052C3F8042DBFF34F8FBFF36F8FEE
S31500002FA0012688E72046FFF764FC11F0FDFBF7E7F2
S31500002FB02046FFF75EFC11F0F7FB2046FFF705FC05
S31500002FC00028EDD0002DA9D000F05CFB616A19B194
S31500002FD0236B1968C1F13801A06811F0E1FB9BE78A
S31500002FE070B50D46044640B94FF0140383F31188BB
S31500002FF0BFF36F8FBFF34F8FFEE7866811F0E0FBDC
S31500003000864204D1E3680133E360012070BD29469E
S315000030102046FFF731FF0028F8D0E3680133E3606C
S31500003020F4E72DE9F84389469046044640B94FF047
S31500003030140383F31188BFF36F8FBFF34F8FFEE73F
S3150000304051B9036C43B14FF0140383F31188BFF3F6
S315000030506F8FBFF34F8FFEE700F02CFCEFF3118765
S315000030604FF0140383F31188BFF36F8FBFF34F8FB5
S31500003070A66B86B394F8445049466DB22046FFF7D6
S31500003080E2FB013E6B1CA66311D1236953B104F127
S31500003090100011F0C1FB28B1B8F1000F02D00123D6
S315000030A0C8F80030012087F31188BDE8F88311F0D5
S315000030B083FB8542F6D27F2D08D14FF0140383F3AC
S315000030C01188BFF36F8FBFF34F8FFEE701356DB2E7
S315000030D084F84450E6E73046E5E7000070B540B9AD
S315000030E04FF0140383F31188BFF36F8FBFF34F8F35
S315000030F0FEE7B9B10C4A00231C46154656688642BF
S3150000310004D105EBC403C3E900100BE01BB9166834
S31500003110002E08BF13460134082C02F10802EDD137
S31500003120002BF0D170BD00BF8C39000010B540B93E
S315000031304FF0140383F31188BFF36F8FBFF34F8FE4
S31500003140FEE7094A002352F8331081424FEAC304CE
S3150000315006D1064A002142F833102244516010BDC0
S315000031600133082BEFD1FAE7903900008C390000C3
S3150000317010B540B94FF0140383F31188BFF36F8F76
S31500003180BFF34F8FFEE7FFF7D1FF90F846301BB92C
S31500003190BDE8104000F092BC10BD70B504460D4667
S315000031A0164600F06FFA94F84430FF2B04BF002354
S315000031B084F8443094F84530FF2B04BF002384F88C
S315000031C0453000F07FFAA36B2BB93246294604F14D
S315000031D0240011F0D5FA2046BDE87040FFF749BB40
S315000031E0914208B5416000610AD8D21A83699A42B1
S315000031F00DD2084B011D1868FFF7C1FA002008BD63
S315000032009A4201D2994202D2034B011DF3E70120F3
S31500003210F5E700BF7C3F0000803F000070B5044624
S315000032200D461646A1692B46324629442046FFF72D
S31500003230D7FF00B970BDA36920461D44236A98478D
S31500003240F0E700000E4B1B68DB6870B5DC680546CE
S31500003250201D0E46FFF7AAFA94F828305A0709D51A
S31500003260324629462046FFF7D9FF236A2046BDE8A5
S315000032707040184723F0010384F82830F5E700BFB3
S31500003280803F0000F8B50F4E054611F0E5FA3368A9
S315000032908342044609D90C4F3B681A6852B90B4A57
S315000032A0116839601360012300E000232B6034604D
S315000032B02046F8BDDB684FF0FF311868FFF7C2FF04
S315000032C0EAE700BF703F0000803F00007C3F00003F
S315000032D02DE9F0415B4F5C4E86B03B68D3F8008029
S315000032E0B8F1000F38D0DB68D3F80080002411F065
S315000032F0AFFA02A8FFF7C6FF029B0546002B48D18E
S3150000330064BB404530D311F04FFA29464046FFF7DB
S3150000331099FF1022002102A80FF0BAF930680022A6
S3150000332002A9FFF70AFD0028D7D0029B0498002BBC
S3150000333032DB049C6369002B35D101A8FFF7A2FF9D
S31500003340029B013B0546082BE8D8DFE803F0303046
S31500003350535A733030535A000124C8E73B4B1B685D
S315000033601C68B4FA84F4640930682246A8EB0501A7
S31500003370FFF713FF11F018FA0028CAD14FF0E02327
S315000033804FF08052C3F8042DBFF34F8FBFF36F8FFA
S31500003390BFE711F009FABCE7039B05999847029B22
S315000033A0002BBBDBC5E7201DFFF700FAC5E794F845
S315000033B02830A16943F0010384F82830039B0246B4
S315000033C019442046FFF70CFF0028A7D094F82830B0
S315000033D059070AD5A36903992A4619442046FFF7D7
S315000033E01DFF236A2046984798E723F0010384F8D7
S315000033F02830F6E794F8283023F0010384F82830C3
S315000034008CE794F8283043F0010384F828300399B8
S31500003410A16141B94FF0140383F31188BFF36F8F95
S31500003420BFF34F8FFEE70346024601442046FFF7EF
S31500003430D7FE73E794F828309A07DDD4204600F0CB
S315000034403DFB6BE7803F0000783F00007C3F0000BB
S31500003450F7B5114C00F016F92568BDB90F4F104E9F
S315000034603846FFF773F93046FFF770F90D4B0E4AF1
S315000034701F600E4B10211E6005200D4B0095FFF7B7
S315000034807DFA206010B10B49FFF728FE03B0BDE8B6
S31500003490F04000F017B900BF783F0000983F0000E9
S315000034A0843F0000803F0000203F00007C3F00007A
S315000034B0D03E00007184210810B588B0FFF7C8FF20
S315000034C0124B1B68B3B1002407AA06A905A8CDE9CB
S315000034D00544FEF7ADFF059B0293069B0193372338
S315000034E00093079A0A490B48234611F081F90A4BC3
S315000034F0186040B94FF0140383F31188BFF36F8F40
S31500003500BFF34F8FFEE7012008B010BD783F0000E3
S3150000351076842108D1422008743F00001FB5144666
S315000035201A466FF00103CDE900300548CDE90214D3
S31500003530002369460068FFF794FB04B010BD00BF86
S31500003540783F0000000000000000000000000000BE
S31500003550074B19680868B0E8F04F80F30988BFF395
S315000035606F8F4FF0000080F311887047AFF3008033
S31500003570CC3E000008480068006880F308884FF0D9
S31500003580000080F3148862B661B6BFF34F8FBFF3B5
S315000035906F8F00DF00BF000008ED00E000000000B4
S315000035A0EFF30980BFF36F8F154B1A681EF0100FEB
S315000035B008BF20ED108A20E9F04F10602DE90900C0
S315000035C04FF0140080F31188BFF34F8FBFF36F8F56
S315000035D011F006F94FF0000080F3118809BC196854
S315000035E00868B0E8F04F1EF0100F08BFB0EC108A64
S315000035F080F30988BFF36F8F704700BFAFF3008079
S31500003600CC3E0000DFF80C00016841F47001016057
S315000036107047000088ED00E082B0002301930D4B57
S315000036201B68013308D04FF0140383F31188BFF3EE
S315000036306F8FBFF34F8FFEE74FF0140383F31188AC
S31500003640BFF36F8FBFF34F8F019B002BFCD002B0EF
S31500003650704700BF300A00004FF0807340F8043C0A
S31500003660074B40F80C3C21F001016FF0020340F8D3
S31500003670081C40F8202C40F8243C4438704700BF12
S31500003680194620084FF0140383F31188BFF36F8F98
S31500003690BFF34F8F0A4A13680133012B13600ED113
S315000036A04FF0E023D3F8043DDBB243B14FF01403EF
S315000036B083F31188BFF36F8FBFF34F8FFEE7704719
S315000036C0300A0000084A136843B94FF0140383F325
S315000036D01188BFF36F8FBFF34F8FFEE7013B136077
S315000036E00BB983F311887047300A000008B54FF014
S315000036F0140383F31188BFF36F8FBFF34F8F11F05D
S315000037008FF828B14FF0E0234FF08052C3F8042D14
S31500003710002383F3118808BD4FF0E02200231361D4
S315000037209361054B4FF47A711B68B3FBF1F3013BD0
S315000037305361072313617047300801004FF0E023FF
S3150000374037B5D3F8001D534A914208D14FF0140300
S3150000375083F31188BFF36F8FBFF34F8FFEE7D3F864
S31500003760001D4D4A914208D14FF0140383F311888E
S31500003770BFF36F8FBFF34F8FFEE7D3F8083D474A7D
S31500003780D96A914208D04FF0140383F31188BFF32E
S315000037906F8FBFF34F8FFEE79A6B414B9A4208D06B
S315000037A04FF0140383F31188BFF36F8FBFF34F8F6E
S315000037B0FEE7002301933B4B1A78D2B28DF8022024
S315000037C0FF221A701B78384ADBB28DF803309DF859
S315000037D0033003F01403137043B94FF0140383F35B
S315000037E01188BFF36F8FBFF34F8FFEE79DF803304D
S315000037F0DB4313F0140F10D04FF0140383F311883A
S31500003800BFF36F8FBFF34F8FFEE7013301939DF830
S3150000381003305B00DBB28DF803309DF8033013F004
S31500003820800F019BF1D1082B18BF019B1F4A14BFC3
S31500003830C3F1070300231B0203F4E06313609DF842
S315000038400230184A4FF0E024DBB21370D4F8203D62
S3150000385043F47F03C4F8203DD4F8203D002543F00F
S315000038607F43C4F8203DC4F81C5DFFF755FF104B9D
S315000038701D60FFF7C7FED4F8343F43F04043C4F859
S31500003880343FFFF777FE10F0ABFFFFF7C5FE284683
S3150000389003B030BD71C20F4170C20F4151452008BF
S315000038A0A145200800E400E0B03F0000AC3F000066
S315000038B0300A0000EFF305830F2B0ED9114A9B5CEB
S315000038C0114A12789A4208D94FF0140383F31188EB
S315000038D0BFF36F8FBFF34F8FFEE74FF0E0230B4A26
S315000038E0D3F80C3D126803F4E063934208D94FF015
S315000038F0140383F31188BFF36F8FBFF34F8FFEE777
S31500003900704700BFF0E300E0B03F0000AC3F0000AE
S31500003910F8B5431E0A33624D24D910F099FF2B687F
S3150000392063BB00245F4A604853071FBFD11D21F0C7
S31500003930070102F54842531A0CBF4FF448430A46A2
S315000039401344083B23F00703002141600260C3E9EA
S315000039500011991AC2E900312B60544B1960544B7F
S3150000396019601BE010F0070300F108040BD110F0FA
S315000039706FFF2B68002BD5D0002C11DA10F014FF46
S3150000398000252846F8BDA3F10902A242C5D310308E
S31500003990C41A10F05DFF2B68002BC3D0002CEDDDA0
S315000039A0DFF80CC1DCF80010A142E7D33E4ADFF88D
S315000039B0F4E01368734502D33E4FBB4217D94FF06C
S315000039C0140383F31188BFF36F8FBFF34F8FFEE7A6
S315000039D0764502D3BE421A4608D94FF0140383F344
S315000039E01188BFF36F8FBFF34F8FFEE733465868DA
S315000039F0A04202D21E68002EEAD12D689D42BDD09B
S31500003A0015680835754501D3BD4208D94FF0140332
S31500003A1083F31188BFF36F8FBFF34F8FFEE71F68E5
S31500003A201760A0420FD3001B102819D91E1916F0D3
S31500003A30070F11D04FF0140383F31188BFF36F8F74
S31500003A40BFF34F8FFEE74FF0140383F31188BFF3E4
S31500003A506F8FBFF34F8FFEE770605C601F5116607B
S31500003A6058680A1A1149CCF800200C68A24238BFDF
S31500003A700A6000221A60104A40F00040586013683D
S31500003A800133136010F090FE6B073FF47AAF4FF0EE
S31500003A90140383F31188BFF36F8FBFF34F8FFEE7D5
S31500003AA0C43F0000D03F0000C83F0000BC3F0000FC
S31500003AB0C03F0000CF070100B83F0000F8B505463B
S31500003AC000286FD0384FA0F10804BC4212D3374EFD
S31500003AD0B4420FD850F8043C002B14DA50F8082CE6
S31500003AE0D2B14FF0140383F31188BFF36F8FBFF386
S31500003AF04F8FFEE74FF0140383F31188BFF36F8FE8
S31500003B00BFF34F8FFEE74FF0140383F31188BFF323
S31500003B106F8FBFF34F8FFEE723F0004340F8043C5E
S31500003B2010F096FE224A55F8041C13680B441360E5
S31500003B30204B18461A461B689C42FBD882420CD082
S31500003B40BA4201D3B24208D94FF0140383F3118865
S31500003B50BFF36F8FBFF34F8FFEE750681618B4425E
S31500003B6006D1014450188342516010D1144602E038
S31500003B706018834213D11048006883421FBF5868FB
S31500003B804018606018682060A24218BF14600B4A93
S31500003B90136801331360BDE8F84010F005BE45F820
S31500003BA0083CF1E7F8BD00BFD03F0000CF07010099
S31500003BB0C03F0000C83F0000C43F0000B43F000003
S31500003BC070B5134C134D23685E6C002319462846C6
S31500003BD00222B04723681E6800231946022228469F
S31500003BE0B04723680C4DD3F8C030052098472368AA
S31500003BF05E6C0023194628460A22B04723681C68D3
S31500003C0000232846A4460A22BDE8704019466047AC
S31500003C100001300000C004240000134607B5C37835
S31500003C20009383784278017802480EF06BFB03B06C
S31500003C305DF804FB7E8421081FB558B143790293D1
S31500003C4003790193C3780093837842780178034817
S31500003C500EF058FB05B05DF804FB00BF8A8421080E
S31500003C600FB404B07047000030B5114B93F85830CC
S31500003C70013BDBB2FD2B8FB018D80E4D0FCD6C4635
S31500003C800FC40FCD0FC40FCD0FC495E8030084E811
S31500003C900300094C6846D4F8443715F053FA03F08C
S31500003CA097FFD4F8443700200FB030BD0120FBE762
S31500003CB000021F0858021F0800800524134B0168E4
S31500003CC0D3F84437F0B50127013900D2F0BDD0F85A
S31500003CD008C04668CCF38455C5EBDC623468013213
S31500003CE00023013A0CD203FA05F203EA0C03C3F3EC
S31500003CF0150324EA0202AB40134333600830E3E7BE
S31500003D0007FA02FE43EA0E03EBE700BF0080052434
S31500003D1008B51848FFF7D2FF1748FFF7CFFF04F0A2
S31500003D20E1F904F0F3F904F0FDF904F00FFA04F0F8
S31500003D3019FA1248FFF7C2FF1148FFF7BFFF1148F3
S31500003D40FFF7BCFF1048FFF7B9FF1048FFF7B6FFB3
S31500003D500F48FFF7B3FF0F48FFF7B0FF0E48FFF716
S31500003D60ADFF0E48FFF7AAFFBDE808400C48FFF775
S31500003D70A5BF00BFEC260000502600008C220000E4
S31500003D80582300004C2300006C2300002C22000066
S31500003D90202200001422000068220000B022000049
S31500003DA0A422000010B5254CFFF7B2FF94F80406D4
S31500003DB000F00100FFF758FF4FF4C023C4F86C343D
S31500003DC0D4F840311E4843F40023C4F84031D4F8F7
S31500003DD0403143F00103C4F84031D4F8403143F098
S31500003DE00203C4F84031FFF769FF16491648D1F8B7
S31500003DF0103543F00203C1F81035636923F400332C
S31500003E006361636943F480336361D0F84027D0F877
S31500003E107837C2F34342023A23F4F07343EA42137B
S31500003E20C0F87837D1F8943443F40023C1F89434B9
S31500003E30236943F46013236110BD00BF008004248E
S31500003E407824000000A005240080052408B550B1A0
S31500003E500748FFF733FF0748FFF730FF0648BDE87E
S31500003E600840FFF72BBF0548FFF728FF0448F6E791
S31500003E70C0240000682500005C25000034250000F1
S31500003E80E02400000B48D0F800D05DF804EB5DF8A4
S31500003E9004CB5DF804BB5DF804AB5DF8049B5DF8EC
S31500003EA0048B80BC40BC20BC10BC08BC04BC02BC5B
S31500003EB001BC7047DC070100114AD2F8103623F422
S31500003EC08073C2F810360F4B596B41F001015963EC
S31500003ED0596B41F0020159630423C2F8383482B0A9
S31500003EE000238DF807309DF80730092B01D902B061
S31500003EF0704700BF9DF807300133DBB2F1E700BF22
S31500003F000080042400840424FEE7FEE7054B064AED
S31500003F1006498B4200D3704752F8040B43F8040B52
S31500003F20F7E700BF1000000060A32108402700004B
S31500003F30064B0748DA1C121AC11E22F003029942E8
S31500003F4088BF002200210EF0A3BB00BF181D010090
S31500003F504027000008B5FFF7D9FFFFF7E9FF00F09B
S31500003F60BBF8BDE80840FDF7C4BE000038B562B630
S31500003F703A4B3B4A1A603B4B3B4A93F806363B4C5E
S31500003F803B4D03F00F030F2B15BF3A4B4FF0006369
S31500003F90D3F89312D3F837140CBF11601160364A68
S31500003FA00CBFD3F83634D3F89232136003F090FF87
S31500003FB02B4BE36304F0F8FF032004F04DFA03F003
S31500003FC089FF2E4BDB694FF08061D3F880304FF0CC
S31500003FD08C409847EB69022060F30E33EB61284B67
S31500003FE0DA696FF30202DA6103F0EEFF1D4B1A6A1B
S31500003FF0042161F302021A621A6A1207FCD5AB6940
S31500004000022262F38403AB61AB691B04FCD51D4B32
S315000040101D4D5A6E6FF341025A665A6E6FF30002D7
S315000040205A66FFF749FF19490D4B21614FF4FA40D3
S31500004030E16117496062002220624FF40040C4E942
S315000040400033C4E90B15C4E90F33A2606261E36073
S31500004050A06263636164A26138BD00BF30080100DD
S31500004060005A620200800424D8070100E00701001C
S315000040700081042400001F08D4070100000130005D
S315000040800086042400840424002D310100B4C404F5
S315000040900048E8014FF0E02384B0D3F8402F0192A6
S315000040A0D3F8442F02920199094A91420DD10299FF
S315000040B0084A914209D1D3F8882D0392039A42F413
S315000040C070020392039AC3F8882D04B0704700BFAC
S315000040D0210011101100001113B500230093019364
S315000040E02F4BD3F810250092009A00922D4A1168A2
S315000040F021F00F01116011681160D3F89C1421F4AE
S315000041006071C3F89C14D3F8041701910199C3F8A0
S315000041100415D3F8001701910199C3F80015D3F8D7
S31500004120101541F01C01C3F81015D2F8024014F422
S315000041308074FAD11C48436943F480334361436970
S3150000414064F351434361FFF7A5FF184B4FF08072AC
S315000041505A60174BC0F84031164B5A6864F3C302D5
S315000041605A60036A0E4A43F480330362036A43F4D7
S3150000417000330362D2F8943443F40023C2F8943433
S31500004180036943F4601303610B4B1A6842F400227F
S315000041901A601A6842F480221A6002B010BD00BF8D
S315000041A000A00524000005240080042400003041FE
S315000041B003000800008104240084042430B50E4D59
S315000041C02B6885B043B90D4B0FCB6C4684E80F00C6
S315000041D02046FDF7C0FF2860FDF722FE022808D121
S315000041E0286830B14FF0FF3105B0BDE83040FDF72B
S315000041F0EFBF05B030BD00BF84080100A4842108CC
S3150000420008B5FDF70DFE022806D1044B186818B153
S31500004210BDE80840FEF701B808BD00BF84080100EC
S3150000422020F04040012802D0022805D07047034AFA
S315000042301368013313607047014AF9E78C080100DF
S315000042408808010010B5124CE3689847A368114826
S315000042509847236902209847A46A01211520A047A0
S3150000426001211620A0474FF4E1310120A0470A4C56
S31500004270206810B9FDF76FFF2060084B4FF480529D
S31500004280C3F88020BFF34F8FBFF36F8F10BD00BF01
S31500004290B4842108215220089008010000E100E0C2
S315000042A013B5094C00238DF804302360074B012118
S315000042B09B6901A8984723681BB19DF8040002B0CA
S315000042C010BD00F0FBFAF6E788080100B484210867
S315000042D013B5094C8DF8070000232360074B012115
S315000042E05B690DF10700984723680BB102B010BD5A
S315000042F000F0E4FAF8E700BF8C080100B484210856
S3150000430003681B780022202B04D0093B042B01D91B
S31500004310D0B270470368591C01605B780132F2E73E
S315000043200120704708B505F05DF9162303604FF0CC
S31500004330FF3008BD08B505F055F916230360FEE702
S3150000434070B50D461446FDF76BFD022805D10C4BE2
S315000043504FF0FF311868FDF73BFF2E46731BA34253
S3150000436009DBFDF75DFD022803D1054B1868FDF753
S3150000437054FF204670BD16F8010BFFF7A9FFEDE7C5
S31500004380900801004FF0FF3070474FF400534B6028
S315000043900020704701207047002070470FB42DE9B8
S315000043A0F0438BB012AB002453F8046B019304ADB9
S315000043B08DF81040A846FFF773FF0D2805F8010B8E
S315000043C004D00A2802D00134142CF4D19E4B019F4C
S315000043D0E34004F1280213F001030DEB02041ABFB7
S315000043E0002304F8183C04F8173C9DF81030CDE97A
S315000043F00268002B00F04E810025029B1B78002BE3
S315000044004DD0DDF80C9099F80060002E47D002A838
S31500004410FFF776FF044618B103A8FFF771FFECE734
S31500004420029A1346517813F8010B0293252801D1FD
S31500004430252907D18E4232D109F1010302320393B5
S315000044400292DAE726462046A0461A7806F07C0154
S31500004450002A7CD100B1029309B3002C08BF632463
S31500004460082900F08780202900F0AA80042916D1A7
S3150000447057F8042B4946144400200E780B460131A8
S31500004480002E6AD100286FD1B7E7692A50D01ED80E
S31500004490632A52D011D8392A07D82F2A34D8E8B23D
S315000044A00BB0BDE8F04304B07047582AF7D146F088
S315000044B0200601334FF0100832E0642AEFD146F4AB
S315000044C0005646F0200601334FF00A0828E06F3AFE
S315000044D0D1B20929E3D8092AE1D801A151F822F07D
S315000044E0255520089F5420089F5420089F542008D3
S315000044F0495520089F542008C35420089F5420087B
S315000045009F542008AF542008002CC8D10A211A78DD
S31500004510303A01FB042413F8012F303A092AF6D960
S31500004520012092E746F0200601334FF00808F7E72E
S3150000453046F0200601338846F2E7012C46F00406D1
S3150000454038BF01240133EBE746F00806FAE70029F5
S315000045509BD0002881D002937FE702F8016BA2422C
S315000045604FF0010089D10B46994503933FF445AFBF
S31500004570013542E703A8FFF7C3FE039E57F8043B45
S31500004580314603EB040C00200C4611F8012B12B93E
S3150000459060B103940AE00D2A0FD8082AF8D803F868
S315000045A0012B63454FF00100EED10391039A964229
S315000045B03FF423AF00221A70DAE7202AEFD1E7E7AB
S315000045C003A8FFF79DFE039BB8F1000F10D0B8F1CA
S315000045D0100F17D11A78302A14D15A7802F0DF0258
S315000045E0582A0FD102330393023C4FF0100809E01A
S315000045F01A78302A16D15A7802F0DF02582AF1D0FA
S315000046004FF00808039B1A782B2A0ED02D2A0FD1BB
S3150000461001330393013C4FF0FF31039A0020144409
S31500004620844616E04FF00A08ECE701330393013C99
S315000046300121F2E7A9F14103052B02D920B3039228
S3150000464022E0A9F1370317E0010010000CFB083C3B
S31500004650012092F800909646B9F1000FEED0A242E2
S31500004660ECD0A9F13003DBB2092B06D9A9F161031D
S31500004670052BDFD8A9F15703DBB2984502F10102F9
S31500004680E4D808B1CDF80CE057F8043B0CFB01F177
S3150000469019606DE74FF0FF3501E700BF04480223BC
S315000046A01421C21801334B2B82F80013F9D170473D
S315000046B000E100E0064B1868002382B262F30F03A4
S315000046C0000C60F31F4382B0184602B0704700BF6B
S315000046D028852108014B1868704700BF4C0A000066
S315000046E0014803F091B800BF4C0A0000014903F0ED
S315000046F04BB800BF4C0A0000014803F023B800BFC6
S315000047004C0A000037B504460B200D4600F0EAF9C6
S31500004710064B1B680193064B00930246054B294640
S31500004720204602F0D1FD03B030BD00BF7C0C010075
S31500004730340A00004C0A0000014802F0C1BD00BF67
S315000047404C0A0000014802F0B8BD00BF4C0A000048
S315000047507FB5104BD3E90354B2F5806F2E883ABF6C
S3150000476002F1FF33C3F3090340F2FF3363F30D167F
S315000047702E80258863F30D15074B25801B68029351
S31500004780064B0193064B0093024B02F05DFD04B00D
S3150000479070BD00BF4C0A00007C0C010094080100AB
S315000047A0340A00000D4B1A69B1F5806F13B538BF96
S315000047B001F1FF33148834BFC3F3090340F2FF331A
S315000047C063F30D14064B14801B680193054B00938D
S315000047D0024A054B02F09AFC02B010BD4C0A0000DA
S315000047E07C0C010094080100340A00000D4BDA68C5
S315000047F0B1F5806F13B538BF01F1FF33148834BFAC
S31500004800C3F3090340F2FF3363F30D14064B148020
S315000048101B680193054B0093024A054B02F0C8FB47
S3150000482002B010BD4C0A00007C0C01009408010087
S31500004830340A0000024B034A1B68034902F010BB0E
S315000048407C0C0100340A00004C0A0000034B0449AA
S3150000485004484FF400129A6402F0B2BA00840424A9
S31500004860340A00004C0A000007B5064B0193064BBC
S315000048700093064A064B074902F012FA03B05DF8A8
S3150000488004FB00BF040C01007C0C0100340A00008C
S31500004890001C06244C0A0000014802F0D9B800BFEB
S315000048A0D40A0000014802F0D3B800BF900A000005
S315000048B0014802F0CDB800BF4C0A0000FFF7F8BF70
S315000048C0354BDFED366AD3F8102242F04002C3F8CA
S315000048D0102207EE900AD3F81022F4EEE67A42F0A0
S315000048E01002F1EE10FA07EE101A82B0C3F8102289
S315000048F006DCF0EE086AB4EEE67AF1EE10FA08D5B8
S31500004900D3F8102242F02002C3F81022002002B091
S3150000491070479FED237AF4EEC77AF1EE10FA10D5C0
S31500004920D3F810226FF30302C3F81022D3F8102233
S315000049306FF38612C3F81022D3F810226FF3041215
S31500004940E2E777EEC77ADFED176A134A87EEA67AB3
S31500004950F7EE007A77EE277AFCEEE77ACDED017A6C
S315000049609DF80430F6EE007A77EE277A07EE103AD5
S31500004970B8EE477AB4EEE77AF1EE10FAC2BFFCEE73
S31500004980E77ACDED017A9DF80430D2F8101263F380
S315000049900301C2F81012B9E7003804243333334058
S315000049A0CDCCCC3F0AD7A33D0A4B9A6C013A052AD7
S315000049B00ED8DFE802F003050705090B586C7047AF
S315000049C0D86A7047D86B7047186B7047586B70473A
S315000049D000207047E007010006281DD8DFE800F038
S315000049E0040A0D10131619000C4B586809B1B0FBD8
S315000049F0F1F07047094B186AF8E7084B586AF5E773
S31500004A00064B986AF2E7054BD86AEFE7034B186B3B
S31500004A10ECE7024BD868E9E70020E7E7E00701008A
S31500004A2010B5032814D8DFE800F0020A0D100F486D
S31500004A30C06A7AB1A3B981B1B0FBF1F00DE00B48C1
S31500004A40C069F6E709484069F3E708488068F0E777
S31500004A500020EEE723B909B9400810BD4900EBE78D
S31500004A60CB07FAD50229F8D9E6E700BFE00701002F
S31500004A70F8B50C461546042828D8DFE800F00321CF
S31500004A801B1E2400FFF790FF15B394B10CF050FAEB
S31500004A90064620460F460CF04BFA104B00220CF04F
S31500004AA00BF902460B46304639460CF0E5FB0CF096
S31500004AB053FDF8BD0A4BD869E6E7094B5869E3E7A9
S31500004AC0074B9868E0E7064BD868DDE70020DBE790
S31500004AD0002CEED0B0FBF4F0EBE700BF0000E03FA7
S31500004AE0E007010010B50E2800F28F81DFE810F014
S31500004AF00F001E002D005300720084009600B300C4
S31500004B00CA00DD00E70009013201600182014FF0B1
S31500004B108C43BDE81040D869D969DA69C1F3C3018D
S31500004B20C2F3407200F00700FFF7A2BF4FF08C43BC
S31500004B30BDE81040D869D969DA69C1F38321C2F3A7
S31500004B408072C0F3C210FFF793BF4FF08C42936997
S31500004B509469C3F3C233C4F3C324052B19D8DFE821
S31500004B6003F003090C0F1215FFF71EFF0CB1B0FB83
S31500004B70F4F010BD8C4B9868F8E78B4B1869F5E795
S31500004B80894B5869F2E7884BD869EFE7864BD868B6
S31500004B90ECE70020EAE74FF08C42936A946AC3F38D
S31500004BA04243C4F30554032B12D8DFE803F002088E
S31500004BB00B0EFFF7F9FE002CDBD06400D7E77A4B2B
S31500004BC05869F8E7784B9868F5E7774BD868F2E7C5
S31500004BD00020F0E74FF08C43BDE8104098699969D2
S31500004BE09A69DB69C2F34022C3F30073C1F3C501BE
S31500004BF000F00700FFF714BF4FF08C43BDE81040EC
S31500004C00D86F99699A69DB69C2F34022C3F30073CE
S31500004C10C1F3C501C0F34220FFF702BF4FF08C433A
S31500004C209B69C3F30263042B00F2EF80DFE803F015
S31500004C3003060A0D10005C4BD8689AE7BDE81040E1
S31500004C40FFF7B2BE584B986893E7574BD86990E781
S31500004C50554B58698DE74FF08C429169936992697B
S31500004C6011F4802F5049C2F3C0520CBF48698868BE
S31500004C70C3F3C3431AB1002B3FF47BAF12E083B9F1
S31500004C80400876E74FF08C439A6A9B6A12F4806F6D
S31500004C90454A0CBF9069D068C3F3C523002B3FF487
S31500004CA068AF5B00B0FBF3F063E7404B9869996926
S31500004CB0BDE81040C1F34641000FFFF78DBE3B4BE8
S31500004CC0DA69DB69C2F34302C3F34713052A16D830
S31500004CD0DFE802F00306090C0F12334A5068DDE7DD
S31500004CE0314A106ADAE7304A506AD7E72E4A906AA4
S31500004CF0D4E72D4AD06AD1E72B4A106BCEE70020C5
S31500004D00CCE72A4B1A6A1B6AC2F34302C3F3421367
S31500004D10072A1DD8DFE802F004070A0D101316193A
S31500004D20214A5068A7E7204A106AA4E71E4A506A3B
S31500004D30A1E71D4A906A9EE71B4AD06A9BE71A4A7A
S31500004D40106B98E7184AD06895E7174A506B92E7B8
S31500004D50002090E7154B1B6BC3F34303062B54D877
S31500004D6001A252F823F000BF855D20088B5D200864
S31500004D70915D2008975D20089D5D2008A35D2008B1
S31500004D80375C2008084B5868F3E6074B186AF0E6CC
S31500004D90054B586AEDE6044B986AEAE6024BD86A78
S31500004DA0E7E6014B186BE4E6E00701000014042473
S31500004DB0174B5B6BC3F34303082B26D801A252F8AB
S31500004DC023F000BF855D20088B5D2008915D2008DB
S31500004DD0975D20089D5D2008A35D2008375C2008AC
S31500004DE0E95D2008EF5D20080A4B586BC1E6094BC8
S31500004DF09869BEE6064BD86AD96ABDE81040C1F389
S31500004E004711C0F34300FFF7E7BD0020B1E600BF3E
S31500004E1000140424E0070100024B1B68D3F8BC30E1
S31500004E20184700BF00013000024B1B68D3F8CC3096
S31500004E30184700BF00013000024B1B68D3F8EC3066
S31500004E40184700BF0001300007EE100AFDEEC77AD2
S31500004E50F8EEE76AF4EEC76AF1EE10FA41BF17EE14
S31500004E60903A013307EE903AF8EEE76A16EE900AAA
S31500004E7070470000024B01219B69C0B2184700BF72
S31500004E80300D0100FFF7F6BF1346054A126810B44D
S31500004E90546C0A46A44600215DF8044B604700BFE7
S31500004EA00001300010B54FF4006003F04DF8094CD6
S31500004EB0094B4FF000725A6422782AB9074B08480A
S31500004EC01B6A01219B6A9847237843F001032370EC
S31500004ED010BD00BF801001000084042400013000D2
S31500004EE00014042482B0ADF804000A4B4FF40062AB
S31500004EF01A609DF80420084B2AB9D3F8082242F418
S31500004F000062C3F808225A68002042F001025A6083
S31500004F1002B0704700E100E0003804242DE9F04FAC
S31500004F20224B234893F81CE0224B1A7800231C4698
S31500004F3002F59875D9B28E450CD8DFF8808000232B
S31500004F40A8F5107902F5907CDAB2964509D80020CA
S31500004F50BDE8F08F30F815108C4238BF0C4601338F
S31500004F60E8E743B929F81C300133EDE7B5F820B07E
S31500004F70594489B20AE000271FFA83FABEB2B44246
S31500004F80F2D900220C4D104635F8021F8C4203D987
S31500004F90B142EBD1013080B2013292B25245F3D325
S31500004FA001370028EAD128F81360DDE7300D01004B
S31500004FB0500D01002C0D01008E0F0100900F010015
S31500004FC0012800D17047C30701D44008F8E7002044
S31500004FD0704703460120834208DC00EBD072A3EB46
S31500004FE06203B3EBA00FB8BF400870474000F2E77A
S31500004FF084B02DE9F7430AAC84E80F000023ADF82E
S3150000500006309DF8BC515F4B9DF8BD715A885B68B0
S31500005010B3FBF2F30DB9012F40D15B4901250A8894
S315000050205A4C07EE903A92B20AAB03EB820393ED29
S31500005030057AF8EE677AB8EE477AC7EE877A17EE02
S31500005040900AFFF701FF07EE900A0B88FCEEE77A5D
S315000050509BB203F5987317EE902A24F813200B8859
S315000050609BB203F5987334F81330012B06D80B88DE
S315000050709BB203F59873022224F81320444E0DF1D7
S3150000508038094FF00008B7EE006A5FFA88F39F42CE
S3150000509007D803B0BDE8F04304B070470DF1060130
S315000050A0BDE7B8F1000F17D0D9ED007A3288B8EE17
S315000050B0677AD9ED017AF8EE677AC7EE277A17EEA6
S315000050C0900AFFF7C1FE07EE900AFCEEE77A17EEAC
S315000050D0903A13FB02F37380012F08D072881046B2
S315000050E0FFF76EFF18B91046FFF773FF70808DB19A
S315000050F00B880AAA9BB202EB4303B3F8F430012BE8
S3150000510008D10B889BB203F5987334F813209208E4
S3150000511024F81320DFED1F7A00231FFA88F0984247
S31500005120ADF806300AD2F4EEC67AF1EE10FA27DCB4
S3150000513008F10108023609F10409A6E70A8892B2C5
S3150000514002F59872013334F8122007EE102AB8EEF1
S31500005150477A9BB2C6EE076A77EEA67ADFE70A8839
S3150000516092B202F59872013334F812C04FEA4C0C31
S3150000517024F812C09BB29842ADF80630EFD2D7E7BA
S315000051800023F8E7300D01002C0D0100500D010041
S31500005190AE0F01000000000007EE100ADFED087AEE
S315000051A0084837EE277AF7EE006AC6EE877AFCEEF5
S315000051B0E77A17EE903A834228BF034618467047AF
S315000051C095BFD633404B4C0084B0F0B506AC84E8AE
S315000051D00E00DFED957A002123AC0DF16B050A4632
S315000051E00B46CEB2B04200F2B080002B00F0A48095
S315000051F0B0EE007AF4EEC77AF1EE10FAB0EE047A69
S3150000520005DBF4EEC77AF1EE10FA00F1DD80F4EE7C
S31500005210C77AF1EE10FAB0EE087A05DBF4EEC77A3B
S31500005220F1EE10FA00F1D680F4EEC77AF1EE10FA3C
S31500005230B1EE007A05DBF4EEC77AF1EE10FA00F172
S31500005240CC80F4EEC77AF1EE10FAB1EE047A05DB03
S31500005250F4EEC77AF1EE10FA00F1C280F4EEC77AE6
S31500005260F1EE10FA07DBB1EE087AF4EEC77AF1EE4A
S3150000527010FA00F1B880B1EE0C7AF4EEC77AF1EECE
S3150000528010FAB2EE007A05DBF4EEC77AF1EE10FA08
S3150000529000F1AC80F4EEC77AF1EE10FAB2EE027AC3
S315000052A005DBF4EEC77AF1EE10FA00F1A280F4EE17
S315000052B0C77AF1EE10FA07DBB2EE047AF4EEC77A9B
S315000052C0F1EE10FA00F19880B2EE087AF4EEC77AA1
S315000052D0F1EE10FA06DBB2EE0C7AF4EEC77AF1EED6
S315000052E010FA61D4B3EE017AF4EEC77AF1EE10FA51
S315000052F006DBB3EE027AF4EEC77AF1EE10FA60D46A
S31500005300B3EE097AF4EEC77AF1EE10FA06DBB3EEE5
S315000053100A7AF4EEC77AF1EE10FA70D9B3EE0B7A88
S31500005320F4EEC77AF1EE10FA06DB9FED407AF4EE62
S31500005330C77AF1EE10FA74D9DFED3D7A9FED3D7A2A
S31500005340002A18BFF0EE477A65E015F8016FA6F15E
S31500005350140CBCF1020F2F7C0FD894ED007AF4EEFA
S31500005360C77AF1EE10FA03D50133DBB2F0EE477AD5
S315000053700D2F16D00131043433E7A7F10A0CBCF126
S31500005380020F0CD894ED007AB4EEE77AF1EE10FA3B
S3150000539003DD0133DBB2F0EE477A182EE9E7182E6B
S315000053A0E6D10132D2B2E5E7DFED237A9AB39FED7B
S315000053B0217AF4EEC77AF1EE10FA23D5F0EE477AA9
S315000053C029E0DFED1E7AF1E7DFED1D7AD2B1DFEDE0
S315000053D0197A20E0DFED1B7AF8E7DFED1B7AF5E7B7
S315000053E0DFED1A7AF2E7DFED1A7AEFE7DFED197AE9
S315000053F0ECE7DFED197AE9E7DFED187AE6E7DFEDAE
S31500005400187A42B19FED0A7AF4EE477AF1EE10FA75
S3150000541048BFF0EE477ABDE8F04017EE900A04B0B8
S315000054207047DFED107AECE70000000000004C4208
S3150000543095BFD6338BE16A36EFE608369F9D423636
S315000054402E5A823301A90C3437F859342439EC34F6
S3150000545034580F35AD186335883E8A35ACC5A73547
S31500005460B1B49D36F2DD1C3770B50D4616460446BE
S31500005470D0B9FFF7E1FCAA4807222146FFF704FD51
S31500005480002D40F0AA81012E00F09F810B2C1DD02B
S315000054900C2C40F0F5800520FFF7CEFCA048072233
S315000054A00521FFF7F1FC98E0012818D10220FFF74B
S315000054B0C3FC9B4807220221FFF7E6FC002D76D1AC
S315000054C0012E00F082810B2C40F0DA800320FFF7DA
S315000054D0B3FC072203219248FFF7D6FC96E0022888
S315000054E00ED10420FFF7A8FC072204218C48FFF701
S315000054F0CBFC002D00F06681012D40F0778155E14F
S31500005500032805D10620FFF797FC07220621EDE7C1
S31500005510042805D10820FFF78FFC07220821E5E7BC
S31500005520052805D10A20FFF787FC07220A21DDE7B7
S3150000553006280CD17B4B20225A601920FFF774FCF9
S315000055401920FFF769FC78480E221921B4E70728CD
S315000055501ED1744B20225A601B20FFF765FC1B20CE
S31500005560FFF75AFC0E221B216F48FFF78DFC002D1A
S3150000557000F02881012D40F0D980012E00F019811C
S315000055800C2C21D10520FFF757FC07220521A2E7A5
S31500005590082840F0FD80634B20225A601D20FFF74B
S315000055A043FC1D20FFF738FC0E221D21DCE70B2CE7
S315000055B01ED0012D40F01A81012E00F0FA800C2C2D
S315000055C0E0D00D2C00F0C1800E2C50D00F2C6FD0E7
S315000055D0102C75D12EE0022D40D0032D52D1012E74
S315000055E059D00E2C70D00F2C62D0102C30D121E067
S315000055F00320FFF721FC4A4807220321FFF744FC5A
S31500005600022D2BD0032D03D1012E44D0002070BDD6
S31500005610042D00F0A480052DDAD1012E40F0A380E0
S315000056200720FFF709FC07223D481146FFF72CFC2F
S31500005630102C5ED13B4B20225A601A20FFF7F4FB58
S315000056401A20FFF7E9FB38480E221A21FFF71CFC47
S31500005650112C50D0072D5CD1012E88E0012ED5D11A
S3150000566069E0012E67D00D2C0FD00E2CBBD109207E
S31500005670FFF7E2FB2A4807220921FFF705FCCAE7E4
S315000056800D2C62D00E2C68D1F1E70B20FFF7D4FB6E
S3150000569007220B211FE70B20FFF7CEFB204807222E
S315000056A00B21FFF7F1FB8FE70E2CE0D00F2CB2D1C8
S315000056B00720FFF7C1FB072219481146FFF7E4FB55
S315000056C0062DC5D1012E4FE00920FFF7B5FB0722B5
S315000056D0092100E70920FFF7AFFB1148072209213E
S315000056E0FFF7D2FB7FE70720FFF7A6FB072211464D
S315000056F0F1E6112C0DD10B4B20225A601C20FFF72E
S3150000570093FB1C20FFF788FB07480E221C21FFF79E
S31500005710BBFB122C2FD0082D7FF478AF012E28E08A
S3150000572000C004240000304100001346022D7FF41F
S3150000573054AF012E99D10520FFF77EFB2E48072294
S315000057400521FFF7A1FB0D2CAED10B20FFF774FB53
S31500005750294807220B21FFF797FB042DA6D1012E1E
S31500005760B8D00F2CBFD0102C3FF464AF112CC2D090
S31500005770122C7FF44BAF214B20225A601E20FFF7DC
S3150000578053FB1E20FFF748FB1D480E221E21A3E6F1
S315000057900A287FF475AE0120FFF74EFB1648072254
S315000057A00121FFF771FB012D7FF415AF012E7FF468
S315000057B02DAF0320FFF740FB0F4807220321FFF719
S315000057C063FB65E6012E7FF421AF0120FFF734FB72
S315000057D0094807220121FFF757FB0B2C3FF408AFBE
S315000057E0012D3FF4E9AE0C2C3FF455AE022D3FF4EB
S315000057F038AF0D2CA9D0F0E600C0042400003041DB
S315000058000000134682B02DE9F0410F2906AC84E86A
S315000058100C005FD8BDF82040BDF8225044EA0503CD
S31500005820B3F5806F56D22E4B079E9DF824809DF8C7
S3150000583025E043F8212001F1100701F1400C43F85F
S31500005840276001F15007B24223F81C4023F8175095
S3150000585042D0B8F1000F17D001F1300802EB440234
S31500005860C0F8D42143F8282044EAC12242F4004873
S31500005870C0F8D881D0F8D881C0F8D821D0F8D8217E
S3150000588043F82C8043F82720BEF1000F1DD001F10C
S31500005890600204EB4504344443F82240CA0202F590
S315000058A080622A43C0F8D44142F40044C0F8D8418B
S315000058B001F17004D0F8D85143F824508031C0F873
S315000058C0D821D0F8D82143F821200020BDE8F041A6
S315000058D002B070470120F9E742F20210F6E700BF76
S315000058E0500D01000F2910B528D892B1144A01F1C4
S315000058F0300452F82440C0F8D44101F1400452F873
S315000059002440C0F8D84101F1500452F82420C0F8D0
S31500005910D8218BB10A4B01F1600253F82220C0F85E
S31500005920D42101F17002803153F8222053F821303E
S31500005930C0F8D821C0F8D831002010BD0120FCE7FE
S31500005940500D010010B5274B27485A685A6842F097
S3150000595001025A60D3F8082242F48062C3F8082292
S3150000596003F5B4331A68026852BBD3F8402442F4F4
S315000059706752C3F840241D4AD2F80230DC05FBD436
S315000059801B4BD3F80427D107FBD5D3F80427D2073E
S31500005990FBD4D3F84824174C174B21681A60930898
S315000059A003F4F8530B43910001F07C0112020B4300
S315000059B002F47832134343F081032360012303602A
S315000059C00C4B1A680A4BC3F84424084AD2F8023032
S315000059D013F48073FAD1034A516863F300015160EE
S315000059E010BD00BF00380424200D0100000005246E
S315000059F000A00524280D0100240D010084B070B517
S31500005A002DED028B82B008AC84E80F00444C6E9AF0
S31500005A10A2610D9A43499DF8B531BDF8140123776B
S31500005A20013A8A4278D20DA90122934209D8012B64
S31500005A306FD19DF8B43173B101280FD942F2061027
S31500005A4060E00E4651F8045F3668B54264D8002D12
S31500005A5062D00132E9E7B0F5806FEFD2FFF722FAA4
S31500005A60314B32485A689FED328A6FF38A225A6068
S31500005A70DA686FF31842DA60DA68042161F3090222
S31500005A80DA605A682B4942F480625A60FEF718FFC2
S31500005A90294B5B686360FFF755FF02F081FB2081AD
S31500005AA002F072FB208202F081FBC0F30D0307EEC9
S31500005AB0103AB8EEC77A830BC7EE086A07EE903A3B
S31500005AC0F8EEE77A77EEA67AC4ED037A02F062FB87
S31500005AD0C0F30D0307EE103AB8EEC77A830BC7EE94
S31500005AE0086A01A807EE903AF8EEE77A002377EE07
S31500005AF0A67A0193C4ED057A03F048F8003818BF7A
S31500005B000120404202B0BDEC028BBDE8704004B0FB
S31500005B107047013B0F2B90E742F20410F2E700BFFB
S31500005B20300D0100A025260000380424333333400D
S31500005B3000007A44CDCC4C40E007010084B010B59B
S31500005B402DED028B82B006AC84E80F009DF818306C
S31500005B500F2B7FD84249434C0B706C99A16106A963
S31500005B6001EB8301404849699DF8AD21227701394F
S31500005B70814271D2012A6AD106AA02EB43039DF83B
S31500005B80AC21B3F8F43022B1012B05D942F206104C
S31500005B9056E0B3F5806FF9D2FFF784F9334B3448FA
S31500005BA05A689FED348A6FF38A225A60DA686FF377
S31500005BB01842DA60DA68042161F30902DA605A6889
S31500005BC02D4942F480625A60FEF77AFEFFF7BAFE6C
S31500005BD02A4B5B68636002F0E3FA208102F0D4FA94
S31500005BE0208202F0E3FAC0F30D0307EE103AB8EE96
S31500005BF0C77A830BC7EE086A07EE903AF8EEE77AA3
S31500005C0077EEA67AC4ED037A02F0C4FAC0F30D0368
S31500005C1007EE103AB8EEC77A830BC7EE086A01A8FA
S31500005C2007EE903AF8EEE77A002377EEA67A01932C
S31500005C30C4ED057A02F0AAFF003818BF01204042E1
S31500005C4002B0BDEC028BBDE8104004B07047013ACB
S31500005C500F2A9AE70120F3E742F20410F0E700BFAB
S31500005C602C0D0100300D0100A0252600003804246B
S31500005C703333334000007A44CDCC4C40E00701007A
S31500005C800F29024610B54FF001000CD8D2F8CC41CE
S31500005C9000FA01F32343D2F8CC119BB263F30F0150
S31500005CA0C2F8CC11002010BD0F29024610B54FF0E6
S31500005CB001000DD8D2F8CC4100FA01F343EA1443AF
S31500005CC0D2F8CC119BB263F31F41C2F8CC1100206D
S31500005CD010BD30B50F299DF80C402CD81F2A2AD8A4
S31500005CE00F2B28D8012C26D845686D060FD509013B
S31500005CF034B14518AC6B44EA835343F08063AB631D
S31500005D0001448B6B43EA42438B63002030BD5CB198
S31500005D10D0F8081241F40071C0F80812D0F8081241
S31500005D2063F34811C0F80812D0F8083262F304038E
S31500005D30C0F80832E9E70120E8E7000029B9D0F801
S31500005D40083261F3CB23C0F80832064B5B68DB07E9
S31500005D5041BF43686FF300034360002058BF4FF014
S31500005D60FF30704700380424C1B2024882B002B046
S31500005D70FFF7E4BF003804240F2915D80D4B5A68E5
S31500005D80520603D4D3F8DC31002B0FDAD0F8DC212D
S31500005D9001238B401343D0F8DC219BB263F30F023F
S31500005DA0C0F8DC2100207047012070474FF40450F2
S31500005DB0704700BF00380424B1F5007F14D2B2F555
S31500005DC0806F11D243686FF38A234360C36861F31F
S31500005DD01843C360C36862F30903C360436843F4AE
S31500005DE08063436000207047012070470F2925D843
S31500005DF0012A05D1436A6FF3D753436200207047E7
S31500005E00022A0BD1436A6FF300034362436A6FF3BE
S31500005E1004134362436A6FF3C303EEE7084BD3F8F8
S31500005E20DC31002BEADA436A0122C3F3CF138A403E
S31500005E3023EA0201436A61F3D613DEE701207047C5
S31500005E40003804240F2903464FF0010014D81A6ABB
S31500005E5000FA01F189B2186AC2F30F220A4362F30B
S31500005E60172018621A6AC2F30F2222EA0102196A7F
S31500005E7062F31721196200207047000010B510B1B7
S31500005E80012804D010BDBDE81040FFF70BB84FF451
S31500005E90006002F073F80A4A13786FF30003137078
S31500005EA0DBB2002BEED1074B07484FF000729A6425
S31500005EB0064B1B6ABDE81040DB6B0221184700BF8A
S31500005EC08010010000840424001404240001300022
S31500005ED013B50D4BADF804004FF40062C3F88020F3
S31500005EE0BFF34F8FBFF36F8F03220121002002F013
S31500005EF021FF044628B90120FFF7C0FF204602B063
S31500005F0010BD4FF0FF30FAE700E100E04368064AB3
S31500005F1061F349234360D2F8403443EA4143C2F86F
S31500005F2040340020704700BF00A0052484B02DE94E
S31500005F30F04F2DED028BF1B07CAC84E80F009DF89C
S31500005F40853365934FF4C47201237FA9684669932C
S31500005F509DED818A9DF884530CF0B2FC94E80E0006
S31500005F606598BA4CFFF730F905EE900AFFF714F979
S31500005F7094ED017A07EE900AB8EE476AF8EE677A72
S31500005F80B7EE007A87EE065AC7EE276AC6EE857A1E
S31500005F9017EE900AFEF758FF07EE900AFCEEE77A36
S31500005FA017EE903AC5EE857A9EB217EE900AFEF786
S31500005FB04BFF07EE900AFCEEE77A17EE903A9FB297
S31500005FC0BE4204BF0136B6B2002D5ED1BDF88433A1
S31500005FD027804FF4C27280A9684666809C4CADF853
S31500005FE084310CF06DFC7CAB0FCBFFF701F8FEF7AC
S31500005FF095FF324639462046FFF7DEFE0121204650
S31500006000FFF784FF6368934EDFF8409243F0006326
S315000060106360636843F040036360636865F341034C
S3150000602063603323C4F8E431636843F004036360B8
S31500006030D4F8DC3143F00043C4F8DC310DF2E2233E
S31500006040669306F18103A8AF06F13E0B67930DF543
S31500006050F878659AEBB29A4200F28D807E4B6A938D
S3150000606000227E4B6B9369A9104602F0C7FD10B162
S31500006070452840F0E78069996AAA002002F02CFEC4
S31500006080003818BF012040426EE0B8EE488A394613
S31500006090C6EE087A17EE900AFEF7D6FE07EE106AED
S315000060A007EE900AB8EEC77A6948B4EEE77AF1EEE1
S315000060B010FA49BFFCEEE77A324617EE903A9AB2EA
S315000060C04DBF6280278066802780FFF775FE01211D
S315000060D05F48FFF71BFF5E4B5A6842F000625A604A
S315000060E05A686FF386125A606A1E012A5A684FF080
S315000060F0000194BF42F0020265F341025A60C3F800
S31500006100E4115A6842F004025A60D3F8DC2161F3C4
S31500006110DF72C3F8DC219DF8F1219DF844029DF859
S3150000612054125AB1D3F8086262F34926C3F80862DA
S31500006130D3F8086261F34816C3F80862444ED6F8ED
S31500006140083260F30403C6F80832FFF78DF92A46D1
S3150000615000213046FFF74AFE62886368B3FBF2F31C
S315000061603F4A0020C2F8803271B0BDEC028BBDE818
S31500006170F04F04B0704798F854A098F864306493D0
S3150000618018F8013F6393009352462946649B2046C4
S31500006190FFF79FFD36F8021F328C012A08D0AB00AC
S315000061A003F1105303F58723A3F83811C3F87821B8
S315000061B029462046FFF7E0FDDDE963215046FFF75B
S315000061C053F929462046FFF76FFD7B6E6C93D7F88F
S315000061D0A4306D93669B33F802AF669340F20113C9
S315000061E0ADF8BC31ADF8B8A1ADF8BAA170AB13E902
S315000061F00300DDE96C238DE8030029462046FFF7FE
S3150000620001FB29462046FFF73BFD00222946204692
S31500006210FFF7ECFDB9F80220D9F80430B3FBF2F32E
S31500006220328CB3FBF2F34BF8043F57F8043FA6F861
S31500006230D0A0CBF85030679B639A03F8012F013545
S31500006240679306E74FF0FF308EE700BF300D010081
S31500006250003804248E0F0100755E2008855E200834
S31500006260500D010084B02DE9F04FEDB076AC84E816
S315000062700F009DF8D8419DF86C639DF86DA3012031
S315000062800F2C659000F21281DFF840828A4D88F863
S3150000629000404FF4C47279A968460CF011FB76AB46
S315000062A00ECB5046FEF790FF05EE900AFEF774FF00
S315000062B095ED017A07EE900AB8EE476AF8EE677A2E
S315000062C0B7EE007AC7EE276AC7EE067AC6EEA77A59
S315000062D017EE900AFEF7B8FD07EE900AFCEEE77A95
S315000062E017EE903A66EE257A9FB217EE900AFEF701
S315000062F0ABFD07EE900AFCEEE77A17EE903A1FFA2E
S3150000630083F94F4504BF0137BFB2002E51D1BDF806
S315000063106C336A4C6F804FF4C2727AA96846A5F84E
S315000063200090ADF884310CF0CBFA76AB0FCBFEF7CC
S315000063305FFEFEF7F3FD3A4649462046FFF73CFD71
S3150000634001212046FFF7E2FD63685D4F43F00063DD
S315000063506360636843F040036360636866F3410308
S3150000636063603323C4F8E431636843F00403636075
S31500006370D4F8DC3143F00043C4F8DC31F3B29A457B
S3150000638000F2A6804F4B669300224F4B679365A998
S31500006390104602F033FC10B1452840F02A81659979
S315000063A066AA002002F098FC003818BF012040427F
S315000063B07CE076AB03EB8404D4ED057AF8EE677ADD
S315000063C04946C6EE277A17EE900AFEF73DFD07EE20
S315000063D0107A07EE900AB8EEC77A3848B4EEE77A34
S315000063E0F1EE10FA49BFFCEEE77A3A4617EE903A1C
S315000063F09AB24DBF6A80A5F800906F80A5F800900C
S31500006400FFF7DAFC01212D48FFF780FD2B4B5A6878
S3150000641042F000625A605A686FF386125A60721E22
S31500006420012A5A684FF0000194BF42F0020266F357
S3150000643041025A60C3F8E4115A6842F004025A60F5
S31500006440D3F8DC2161F3DF72C3F8DC2198F8002071
S3150000645002F5EC726A4492F8540092F8641052788D
S315000064605AB1D3F8084262F34924C3F80842D3F874
S31500006470084261F34814C3F80842104FD7F80832AF
S3150000648060F30403C7F80832FEF7EEFF98F8004001
S31500006490324621463846FFF7A9FCA0346A886B6865
S315000064A0B3FBF2F3064A42F8243000206DB0BDE893
S315000064B0F04F04B0704700BF300D010000380424CF
S315000064C0500D0100755E2008855E20082C0D010028
S315000064D098F80010639101F5EC736B44204693F82D
S315000064E0642093F8549093F801B062921346CDF865
S315000064F000B04A46FFF7EDFB639901F5907337F854
S31500006500130001F5987337F81320012A08D08B0081
S3150000651003F1105303F58723A3F83801C3F8782154
S315000065202046FFF729FC5A4662994846FEF79CFF2B
S3150000653098F8009020464946FFF7B6FB76AB03EB8A
S3150000654089030136D3F81431689376AB03EB8903DC
S31500006550D3F85431699376AB03EB4903B3F8F430BF
S31500006560ADF8A831ADF8AA3140F20113ADF8AC315F
S315000065706CAB13E90300DDE968238DE803004946A7
S315000065802046FFF73FF998F8009020464946FFF766
S3150000659077FB494600222046FFF728FC09F1A002B6
S315000065A069886B68B3FBF1F309F5987137F8111038
S315000065B0B3FBF1F347F8223076AA02EB490209F55C
S315000065C0C473B2F8F42027F8132076AA02EB8902E6
S315000065D009F1B403D2F8B42047F8232009F5EC7288
S315000065E007EB09030DEB020999F8012083F8C02295
S315000065F0C4E64FF0FF3059E7D0F8E03143F001032D
S31500006600C0F8E031002070472DE9F341374B9A6A14
S315000066100192019A16020DD5426A1502C2F3C050C4
S3150000662008D45A6A42F400025A62314B9B6904212B
S31500006630984718E0019BDC0709D52C4A136A43F0FA
S31500006640010313622A4B05219B690020F0E7019C98
S3150000665014F080740BD02548012100F095F8254BE5
S3150000666002201B689847002002B0BDE8F0811F4B4E
S315000066705A68500603D4D3F8DC21002A25DA1E4DC9
S315000066801A4FDFF86C80019BE21DD340D90716D55F
S3150000669021463846FFF7D6FB2B78E6B2B3FA83F2EB
S315000066A0520931463846FFF71DF9D8F8183000214F
S315000066B0304698472B78B3FA83F35B092B70013485
S315000066C0102C05F10105DED1CDE75A689207CAD430
S315000066D0D3F8DC11C90FC6D15A6842F004025A60D9
S315000066E00198034BC0B29B69A2E700BF003804249F
S315000066F0300D010084100100100D01000148FFF764
S3150000670083BF00BF00380424030548BF20F400609F
S31500006710174B58BF40F40060D1B11A8A93ED057A41
S31500006720821A07EE902AF8EEE77A67EE877AFDEE90
S31500006730E77A17EE903A18B2B0F5805F11DA0028C2
S3150000674012DDB0F5006F10DBA0F5006000B27047F7
S315000067501A8993ED037A821A07EE902AF8EEE77A01
S31500006760E3E740F6FF70EFE7002000F50060EDE795
S31500006770300D0100406921B11146C0F30B00FFF74F
S31500006780C3BFC0F30B007047436A01291DBF43F026
S3150000679002034362436A43F0807318BF43F0040365
S315000067A04362002070472DE9F04F92F806C092F838
S315000067B002A05378D5781679577992F807E092F8BF
S315000067C0088092F8099092F80AB0D47A127802B347
S315000067D05B0643EA4B7343EA8A5343EA495343EA67
S315000067E0085343EA4E4343EA0C4343EA473309015D
S315000067F0026843EAC62301F1105143EA852301F5F5
S31500006800872142F0004243EA44230260CB63BDE89D
S31500006810F08F02686CF3C712026002686AF34F32A7
S315000068200260026863F313420260036865F3410382
S315000068300360036866F383030360036867F3061364
S31500006840036003686EF30A230360036868F3CB23CF
S315000068500360036869F30C33036003686BF3145336
S315000068600360036864F300030360D0E710B4034CCD
S315000068702468646CA4465DF8044B60470001300050
S31500006880034B1B680A469B6C01460248184700BF2B
S315000068900001300000140424014BDB685B691847D3
S315000068A0000130008A1E70B543680D46052A04D8DB
S315000068B0DFE802F01B1D4C4E50528469B3F1884F3D
S315000068C060D163783F2B19D95B4B60781B684038E1
S315000068D0D3F8E830C0B2984762785848403A062361
S315000068E0D2B20021FFF7C2FF08E0C469E6E7B3F1C0
S315000068F0884F046A32D160783F283AD8E07820B1D0
S315000069004D4B1B68D3F8C03098476078A0F1190347
S31500006910052B04D8484B1B68D3F8B8309847032D8D
S3150000692006D1454B60781B680121D3F8D4309847CF
S31500006930414B60781B68D3F8C8309847A3786278D3
S3150000694021783F48BDE87040FFF790BF446AB5E73D
S31500006950846AB3E7C46AB1E7046BAFE7394A934286
S31500006960C9D0394A934211D160783F28C6D9032D40
S31500006970AAD1314B1B684038D3F8F0300121C0B2A0
S315000069809847A1E72F4A9342EBD19AE72F4A9342C1
S3150000699050D1002C4ED062783F2A18D9032D07D14A
S315000069A0254B1B68403AD3F8F0300121D0B2984706
S315000069B0214B60781B684038D3F8E830C0B298475E
S315000069C06278A37821781D48403AD2B2BAE71C48CB
S315000069D021780923FFF74AFFE07820B1164B1B68A0
S315000069E0D3F8C0309847032D06D1134B60781B6847
S315000069F00121D3F8D43098470F4B60781B68D3F841
S31500006A00C830984721780D4862780023FFF72EFF9B
S31500006A106078A178A0F12E03032B02D82638C0B2E5
S31500006A2002E00F2804D10720BDE87040FFF728BF19
S31500006A300638F4E770BD00BF0001300000C0042432
S31500006A40000013460001004400000245001804241B
S31500006A50F0B5436885B00024B3F1884F019405462C
S31500006A60029403940BD0774A934208D0764A934215
S31500006A7000F0D180754C181B4442444164009A686A
S31500006A800192019A02F00602062A4FEA84742CD17A
S31500006A905B690293029B990710D56A6913686BB10B
S31500006AA001215171202098476B6993F82820032A09
S31500006AB004D193F826300BB144F01004029B5A0718
S31500006AC007D56A69136823B1012111724FF400706A
S31500006AD09847029B1B0740F1A0806A69136823B19F
S31500006AE00121D1714FF480709847019B9E071DD5F7
S31500006AF06B691E6910201A6A6968964209D09F69F7
S31500006B000138BF5C0F6002F101021A62F3D19642AE
S31500006B100CD14A6822F002024A60002283F826203D
S31500006B201B681BB144F0010420469847019B580797
S31500006B3038D56B691A68002A34D06A685169C90762
S31500006B4025D511685A69DB69D1546B69DA69D96848
S31500006B5001328A42DA611AD169684A6822F0010272
S31500006B604A6093F82820023A0021012A197164D854
S31500006B7093F8272083F82710022A5ED0032A59D0DB
S31500006B80012A01D144F001041B68204698476B692D
S31500006B901A683AB1D969DB68994203D044F04004D7
S31500006BA020469047019B1A074AD16B689B6903935D
S31500006BB06B78DB0608D5039BDF0705D56B6944F4C4
S31500006BC080641B68204698476B785E0608D5039B51
S31500006BD0980705D56B6944F400641B6820469847FE
S31500006BE0AB78D90708D5039B5A0705D56B6944F4DA
S31500006BF000541B682046984795F90130002B1FDA90
S31500006C00039B1B071CD56B691B6844F4805005B0B9
S31500006C10BDE8F0401847012431E7029BDF067FF507
S31500006C2064AF6A691368002B3FF45FAF012191716D
S31500006C30802059E744F00404A6E744F00204A3E7E1
S31500006C4005B0F0BD00010044000002450018042410
S31500006C5030B504460AB3B0F5E10F1ED85368802557
S31500006C60DD608900B1FBF0F1D3F8C0006FF30500D9
S31500006C70C3F8C000002018605860D860DD60C1F31A
S31500006C8087151D60C1F3873501F03F015D60C3F8CC
S31500006C90C010D8605369DC6230BD40F20160FBE78A
S31500006CA02DE9F7434E69DDF8289096F8295015F03E
S31500006CB001050C46174698466ED1C6E900053572A1
S31500006CC086F8265086F824504B68B3F1884F02D0D8
S31500006CD0354A934212D1354B10229A60344BA26B3F
S31500006CE0DB69019294F834200092D3F8A45094F80A
S31500006CF03C20002301214FF08C40A84762682D4BB1
S31500006D009A4215D103F15F4303F5213310229A60AD
S31500006D10274BA26BDB69019294F834200092D3F8DA
S31500006D20A45094F83C20012319464FF08C40A84704
S31500006D306268214B9A4210D103F5D8434FF40012F2
S31500006D405A641B4B228F1B6A0092DD6994F83C2023
S31500006D5094F8353019480121A847E3680BB923692F
S31500006D60B3B16568B5F1884F08D00F4B9D4205D089
S31500006D70104B9D4202D0104B9D4211D10C4BDB684B
S31500006D804A461D680B9B41463846A847C9F800008D
S31500006D906369012283F82920002003B0BDE8F0834F
S31500006DA04FF0FF30F9E700BF0001004400840424DF
S31500006DB000013000000002450018042400140424D9
S31500006DC038B54368B3F1884F04460D4602D01F4AD2
S31500006DD0934207D11E4BDB690021D3F8E8304FF010
S31500006DE08C40984762681B4B9A4207D1184BDB6967
S31500006DF00121D3F8E8304FF08C4098476268164B73
S31500006E009A4205D1124B15481B6A0821DB6B98473D
S31500006E10E3680BB923698BB16368B3F1884F08D077
S31500006E200A4A934205D00B4A934202D00A4A934239
S31500006E3009D1074BDB6828465B68984763690020E1
S31500006E4083F8290038BD4FF0FF30FBE7000100440E
S31500006E500001300000000245001804240014042438
S31500006E6070B50C4615461E4620B1022872D06FF04A
S31500006E70030070BD91F9080000280CDB430947495F
S31500006E8000F01F0020330122824041F82320BFF387
S31500006E904F8FBFF36F8FE06862696368B0B192F895
S31500006EA026209AB1B3F1884F0BD03D4A934208D0C1
S31500006EB03C4A934205D03C4A934202D04FF0FF3001
S31500006EC0D7E7007932462946FFF7E6FCD4E9040203
S31500006ED0636890B1127982B1B3F1884F08D0304A15
S31500006EE0934205D02F4A934202D02F4A9342E5D1CE
S31500006EF0007932462946FFF7CFFC63682B4AB3F187
S31500006F00884F05D026498B4202D026498B421DD197
S31500006F101023D36094F90830002B09DB5A090121AC
S31500006F2003F01F03994002F160031C4A42F8231044
S31500006F30636900225A601A7283F8262093F8292082
S31500006F4022F0020283F82920002092E74FF4001372
S31500006F509364DFE74A6992F82930D907AED513F072
S31500006F600203F1D161684B605360137282F82630D8
S31500006F704FF44073138594F90830002BE4DB03F0DB
S31500006F801F015B099B0003F1604303F56143012286
S31500006F908A40C3F880211A60D6E700BF00E100E00E
S31500006FA00001004400000245001804240084042463
S31500006FB02DE9F04F8FB00DF11C0A06460D4690469E
S31500006FC000211C225046DDF864901F460BF060FB42
S31500006FD0002E00F08D80002D00F08A80D8F8142055
S31500006FE092F82930580704D44FF0FF300FB0BDE8AF
S31500006FF0F08F92F82630002B7DD1012482F82640AE
S31500007000D8F80CE013629661D8F804301561BEF129
S31500007010000F59D0B3F1884F099450D0374A9342A4
S315000070204DD0374A93424CD0364A9342DCD1224661
S315000070300324CDE90C4201210B91DEF80000DEF8B5
S3150000704008C007919EF80410BEF800E0CEF3091EB2
S315000070506EF30D1000F0070BBBF1020F01BFBA680B
S3150000706094686BF302049460274C0EF1010295427A
S31500007070E26838BF05F1FF3ED2F808B0189ACDF89D
S31500007080149038BFCEF3090E6EF30D10CDE903C28E
S31500007090CDE9010A009532463846D8470130A3D0DB
S315000070A0D8F80C00E3680079DB6839464A46984709
S315000070B0E36849461B6938469847002096E7192237
S315000070C0B7E71B220224B4E7596989060ED45A6829
S315000070D042F002025A60F0E74C1C1462715C1960BF
S315000070E00138F4D0116AA942F6D1F0E71020F9E789
S315000070F06FF004007AE76FF0010077E700010044C3
S315000071000000024500180424000130002DE9F04F6C
S315000071108FB0984607AB81460F46184616460021A3
S315000071201C22DDF864A00BF0B3FA0346B9F1000F98
S315000071307BD0002F79D0726992F82910490704D4C0
S315000071404FF0FF300FB0BDE8F08F117901296FD0F5
S3150000715000250124546015723069D760C2F8149076
S31500007160D561726800285BD0B2F1884FCDE908542A
S3150000717051D031498A424ED030498A424DD03049A9
S315000071808A42DDD10324B0F800B0D0F800C0D0F8B0
S3150000719008E0CBF3091BCDE90C456BF30D1C01216F
S315000071A00B9107910CF007050021022D0A91017938
S315000071B001BFD8F80800846865F302048460214C96
S315000071C00BF101008742E06838BF07F1FF3B856895
S315000071D01898CDF814A038BFCBF3090B6BF30D1C30
S315000071E0CDE903E0CDE901C300974B464046A847E9
S315000071F00130A5D03069E3680079DB685246414624
S31500007200984796F8403023B9E36851461B694046D3
S315000072109847002096E71825B5E71A250224B2E715
S31500007220536843F001035360F3E76FF0040089E706
S315000072306FF0010086E700BF000100440000024530
S3150000724000180424000130002DE9F3470746DDE964
S315000072500AA8DDF83090084616461D461FB311B33E
S315000072600AB35B6993F82920520723D595F8404065
S31500007270F4B12A7812F0060F1CD0032283F82720D7
S315000072803146CDE9008953462A46FFF73FFF60B9EC
S3150000729053462A4631463846CDE90A8902B0BDE84A
S315000072A0F047FFF785BE6FF0040002B0BDE8F08737
S315000072B02046FAE74FF0FF30F7E74369186A704750
S315000072C04369D869704700002DE9F0471C465B69A1
S315000072D0924693F8292080469007DDE9086789469B
S315000072E040F120825FFA88F5A5F11501052900F223
S315000072F0D680DFE801F0031929426C94B9F1000F3A
S315000073000DD002212046FFF7CDFA626992F82930A6
S3150000731043F0080382F829300020BDE8F08722F008
S31500007320080283F82920F7E7B9F1000F09D00321F5
S315000073302046FFF7B7FA626992F8293043F0100346
S31500007340E8E722F01002ECE7B9F1000F0DD093F850
S315000073502620002A40F0E9816168CA6842F04002AE
S31500007360CA60012283F82620D6E76168CA6822F03F
S315000073704002CA6083F82690CEE76068426822F031
S3150000738002024260D4E90352E2B9B5B10D2282602D
S3150000739093F826309BB1B0F1884F08D08E4B9842B7
S315000073A005D08E4B984202D08D4B984207D1287952
S315000073B03A463146FFF770FA01E0052383606369B8
S315000073C00022CFE70D228260002DE1D1F7E7606849
S315000073D02569426822F0010242604DB9E3682BB983
S315000073E003238360636900221A7195E70B23F8E78C
S315000073F00B2282601B79002BF4D0B0F1884F08D0A5
S31500007400754B984205D0754B984202D0744B984202
S31500007410E8D128793A463146FFF73EFAE2E7626854
S31500007420E068516821F00301516098B193F8263065
S3150000743083B1B2F1884F08D0674B9A4205D0674BAB
S315000074409A4202D0664B9A4204D100793A463146B6
S31500007450FFF722FAD4E90402636840B9E368E3B9A6
S31500007460072362689360636900221A717AE71279CA
S315000074709AB1B3F1884F08D0574A934205D0574A7C
S31500007480934202D0564A934207D100793A46314692
S31500007490FFF702FA2369002BE0D00F23E1E76A1E0B
S315000074A0132A00F24581DFE812F039001400470084
S315000074B05E006F008A00430143014301430143011B
S315000074C043014301430143018F0017008A009200E4
S315000074D08A0094F8403013B96FF006001DE7626821
S315000074E03D4B9A42F8D12378990717D501212046BA
S315000074F0FFF7D8F963689A6D42F001029A659A6DB2
S3150000750042F002029A6594F841109A6D41B342F036
S3150000751010029A659A6D42F020029A6508F4E066B8
S31500007520B6F5A06F72D05DD8002E72D0B6F5807F0A
S3150000753071D06FF00800F0E66268274B9A42CBD113
S3150000754023785A07C8D501212046FFF7ABF96368AF
S315000075509A6D42F001029A659A6D6FF34102D1E786
S3150000756061F30412D5E721780B07D7D563681A6C47
S3150000757042F001021A641A6C8F074CBF6FF3410286
S3150000758042F002021A64C9E76368B3F1884F02D079
S31500007590114A9342A0D12378DE069DD506212046C6
S315000075A0FFF780F920460721FFF77CF92378D806F4
S315000075B092D56268136943F040031361AEE72578FC
S315000075C015F02005AAD087E783F82490A4E625784D
S315000075D015F04005F6E700BF000100440000024533
S315000075E000180424B6F5C06F17D0B6F5E06FA0D129
S315000075F00026022708F44053B3F5805F10D0B3F598
S31500007600005F1BD073B16FF0090086E600260027E5
S31500007610F0E70327EEE70926F9E700260127E9E761
S3150000762047F0180708F44043B3F5804F09D0B3F587
S31500007630004F06D03BB16FF00A006EE647F0080730
S31500007640F0E747F0040708F44033B3F5003F2FD0C6
S3150000765007D8002B3BD0B3F5803F19D06FF00B0055
S315000076605BE6B3F5403FF9D1637803F01803182BB6
S3150000767007D104212046FFF715F905212046FFF71B
S3150000768011F9238803F4C073B3F5C07F0BD0E5E787
S315000076906378190703D505212046FFF703F994F906
S315000076A00030002BDADA6268136943F022030DE03A
S315000076B06378DA0603D504212046FFF7F3F86378EA
S315000076C0DB07CBD56268136943F020031361AB1E59
S315000076D0012B05D818F4802F2DD118F4002F2DD1A9
S315000076E0D4F80480D8F8103023F01003C8F810300E
S315000076F0224651464846FFF7ABFA6369012183F8F3
S315000077002850C8F80810C8F80C70C8F8CC60D8F82B
S31500007710AC2061F3C402C8F8AC2093F8292042F0EB
S315000077200402FEE54FF0FF30F7E56FF00100F4E5E7
S315000077306FF00300F1E56FF00C00EEE56FF00D0061
S31500007740EBE500BF42694368107A5969137981F005
S3150000775080015B00C1F3C01103F002030B435179B2
S31500007760C90001F008010B439179090101F01001EC
S315000077700B43D179490101F0200180010B4300F050
S3150000778040001843704700004B6993F829305B07A7
S3150000779032D54B68002B32D0032830D8DFE800F012
S315000077A0020B121F4A78120729D51A6922F0020223
S315000077B01A61002070474A78100720D51A6942F0EE
S315000077C00202F5E7B3F1884F02D00E4A934216D172
S315000077D04A78910613D51A6922F00102E8E7B3F157
S315000077E0884F02D0074A934209D14A78920606D5B5
S315000077F01A6942F00102DBE74FF0FF3070476FF085
S315000078000300704700010044024630B5536800206B
S315000078101BB3516991F8291049071ED55578996906
S315000078209278EB064CBFC1F30013034615F04004F3
S3150000783018BFC1F3401412F0010218BFC1F3801241
S315000078402D060FD5C1F3C01143EA440343EA810371
S3150000785043EAC20363F3070030BD0246014604460D
S315000078600346F1E70021EFE741F20273984221D087
S3150000787011DC41F2045398421CD005DCF8B1012812
S315000078800CBF21200120704741F2017398420CBFC2
S3150000789011200120704742F2041398420CD042F2A4
S315000078A0061398420AD042F2031398420CBF2120D5
S315000078B00120704721207047282070472B207047F1
S315000078C0014BDB695B6E184700013000014BDB6939
S315000078D09B6B184700013000014BDB695B6A184758
S315000078E000013000484B994270B50C46154600F22F
S315000078F08880464B99420AD9454B4FF400125A628A
S31500007900444B10229A615A6C42F010025A640128C4
S3150000791042D0022861D060BB3F4B404EDB6901215B
S31500007920D3F8EC30A422084698473D4B9C60FFF7FD
S31500007930D3FF3C4B9D4205D101F036FB736823F41F
S31500007940404373604FF45943A6F86030324BDB690D
S315000079502A469B6821464FF08C40984750B9324BD7
S315000079609C420BD8314B4FF40032DA664FF480223A
S31500007970DA660020BDE87040FFF776BF2C4B9C42CC
S31500007980F7D92A4BDA6E9203F3D44FF480229A6623
S315000079904FF400329A66ECE7214B204E5C61FFF70C
S315000079A08FFF204B9D4205D101F0FEFA736823F448
S315000079B0404373604FF45943A6F8A030164BDB6979
S315000079C02A469B6D21464FF08C4098470028D1D11E
S315000079D0592CC7D95A2CD4D1CBE7114B9C61FFF750
S315000079E075FF01F0E1FA0D4B4FF45942A3F8E02080
S315000079F0094BDB692A46DB6B21464FF08C409847E2
S31500007A00B8E7212070BD00BF0095BA0AFF0D270711
S31500007A100000282000800046000130000080184643
S31500007A20E0070100005A62027F4A5D0500840424D3
S31500007A30BF8C6C051E4B994270B505460E460DD897
S31500007A401C4A536A23F4001353621B4B9A6922F0B3
S31500007A5010029A615A6C22F010025A6400221146F2
S31500007A604FF08C4000F0B2FB0446FFF7FDFE0246E5
S31500007A70D8B9D5B1042D13D1104A31460120FFF7EC
S31500007A8031FF04B22046FFF7EFFE024668B92946E9
S31500007A904FF08C4000F09AFBBDE87040FFF7E4BE63
S31500007AA0022DEFD1054A3146E9E7104670BD00BF09
S31500007AB0FF0D27070000282000800046005A6202BA
S31500007AC008B501F071FA03214FF08C4000F05EFC1E
S31500007AD001F06AFA032000F0BFFCBDE80840024945
S31500007AE00220FFF7A7BF00BF0095BA0A044B4FF468
S31500007AF08072DA63034B4FF400629A60704700BFEE
S31500007B00008104240000081208B5284B4FF40062D7
S31500007B101A60274AD2F88C3743F4004343F08003B7
S31500007B20C2F88C37D2F88C375B06FBD5D2F88C2797
S31500007B30204BDFED216A9FED216A214902F03F02C9
S31500007B401A601A68262A84BF26221A601D4A92687D
S31500007B50EAB11D48C2F315020260D3ED007A90ED3A
S31500007B60007AF8EE677AB8EE477A77EEA67A37EEBD
S31500007B70267A67EE867AC7EE876AC1ED006AFFF756
S31500007B80B5FF0A4B4FF400625A60086808BDD3ED92
S31500007B90007AF8EE677A77EEA67ADFED0C6A67EE82
S31500007BA0867A87EEA67A81ED007AE8E70000081269
S31500007BB000A005249010010089410B423333534045
S31500007BC0881001008C2200008C100100C4A08342A2
S31500007BD0F0B5A24CA24BA2680578A24E02EA0301B8
S31500007BE0027802F001020A439F49A2608A6802EA0B
S31500007BF00304427802F00102920042EA95122243FF
S31500007C008A600A69457802EA03040278C2F34402EC
S31500007C102243964C0A61A26802EA0301827802F0C6
S31500007C200302520142EAD5020A439149A2608A68D8
S31500007C3084781A4042EA94028E4C8A60A268C1781F
S31500007C401A4001F01F011143A160B268047902EAEB
S31500007C50030504F03F04C278640044EAD214C2F378
S31500007C60411242EA84022A43B260834E4579B268E1
S31500007C7002EA0304027905F07F05920942EA8502C9
S31500007C8022437E4DB260AA6802EA0304C27902F07A
S31500007C900F0222437A4CAA60A268C579067A1A4076
S31500007CA042EA1512774DA260AA6802EA0304427CF2
S31500007CB002F07F022243AA60734DAA6802EA030417
S31500007CC0027A02F07F022243AA60704DAA6802EA95
S31500007CD00304427A02F01F02520042EAD6122243FD
S31500007CE06B4EAA60B268857A02EA0304C27A520031
S31500007CF042EAD512057B05F0010542EA45222243F8
S31500007D00644DB260AA68467A02EA0304827A02F0F7
S31500007D107F02D20042EA56122243AA605E4D5F4EAF
S31500007D20AA6802EA0304B0F80D202243AA60B268EA
S31500007D30457D02EA0304027D05F00F0542EA0522AD
S31500007D402243574DB260AA68564E02EA0304427DAA
S31500007D50C2F302122243AA60B268C57D477902EADD
S31500007D600304827D05F00F0542EA05222243B26034
S31500007D704D4EC57DB26802EA0304027E120142EA54
S31500007D801512457E05F00F0542EA05322243474D9E
S31500007D90B260AA68467E02EA0304827E120142EAC3
S31500007DA016122243AA60424DAA6802EA0304B0F8FA
S31500007DB01B202243AA603F4DAA6802EA0304827987
S31500007DC0560802F00102520042EAD71242EA86023F
S31500007DD02243847CAA60457C90F8246004F00F025C
S31500007DE0520052EAD512344D1EBFA96819401143FC
S31500007DF0A960324D1A4AAB6803EA0201437F03F0D9
S31500007E000F030B43AB602E4DAB6803EA0201837F81
S31500007E10C3F383030B43AB602A4DAB6803EA02014D
S31500007E2090F8253003F007035B0043EAD6130B43B3
S31500007E30AB60254DAB6803EA0201C37C03F0030384
S31500007E405B0043EAD4130B432049AB608B681A40AE
S31500007E50837CC3F3021313438B60F0BD6C230000D5
S31500007E600000C0FFF4220000582300004023000059
S31500007E70282300001C230000D8220000B0220000A6
S31500007E80A422000034230000982200008C22000067
S31500007E908022000084230000682200007422000073
S31500007EA0E42100005C220000502200004422000071
S31500007EB038220000BC220000102300002C22000003
S31500007EC02022000014220000FC21000008220000ED
S31500007ED0FBF768BFF0B5194D194C2B88E5B004F1D6
S31500007EE01001002600274FF4C2726846ADF88431AF
S31500007EF0CDE962670AF0E4FC94E80F0000F0D4FCD8
S31500007F0062A800F071FD2B78687843EA002000F043
S31500007F101BFEDDE9624532463B462046294609F00E
S31500007F2011FB48B1074B00222046294609F0F6FA14
S31500007F3010B10020FBF78AFF65B0F0BDD00C000041
S31500007F403C0B000000004E4010B50A4A0A4BD2F81E
S31500007F500815D3F80240E405FBD440EA5110C2F8F4
S31500007F600805D3F80220D205FBD4024BD3F8083516
S31500007F7010BD00BF00A005240000052410F4405FDA
S31500007F800F4B0BD0D3F8042522F48012C3F8042536
S31500007F90D3F8042522F40012C3F80425D3F80825E3
S31500007FA0084BD3F80210C905FBD4C04300EA5210AF
S31500007FB0034AC2F80805D3F80220D205FBD470475D
S31500007FC000A00524000005240D4A0E49D2F81035FC
S31500007FD0013823F0030310B5C0B2C2F81035D1F84A
S31500007FE00230DC05FBD4D2F810450123834023433D
S31500007FF0C2F81035D1F80230DB05FBD410BD00BF46
S3150000800000A00524000005242DE9F04F88B305687B
S315000080107DB3002100F1040C01275CF831600131C9
S3150000802050F83130C3F38454C4EBD3620132162ABC
S315000080301FD84FF00009D6F80080A646CA4622444B
S3150000804007FA0EFB0EF1010E28EA0B08724507FA35
S3150000805009FB4AEA0B0A09F10109F1D803EA0A0306
S31500008060A34043EA0803A9423360D6D10020BDE805
S31500008070F08F0120FBE7F0B500B30768F7B10025E4
S315000080804FF0010C013550F83530C3F38454C4EB7E
S31500008090D3620132162A11D800210E4622440CFA68
S315000080A001FE013146EA0E0604EB010E7245F6D8D2
S315000080B0BD42E7D103EA0600A040F0BD0120FCE77F
S315000080C0024A93689B0D9B0593607047E42100006C
S315000080D0034AD2F8383723F00403C2F8383770471A
S315000080E000800524064B074A996C0748DA62022984
S315000080F0D96C08BF1A60022908BF5A60FFF784BF0F
S31500008100E00701000048E80140230000024B034A53
S3150000811003485A63FFF778BFE00701000048E8010B
S3150000812028230000064B074A996C07481A6305295D
S31500008130D96C08BF1A60052908BF5A60FFF764BFEB
S31500008140E0070100002D310198220000034B04488E
S315000081504FF4FA421A62FFF757BF00BFE00701006B
S315000081601C230000034B04484FF4FA425A62FFF7FF
S315000081704BBF00BFE0070100BC2200000148FFF72B
S315000081807ABF00BF742200000148FFF774BF00BF2A
S315000081905C2200000148FFF76EBF00BF50220000BE
S315000081A00148FFF768BF00BF442200000148FFF7FF
S315000081B062BF00BF382200000148FFF75CBF00BF66
S315000081C06822000001B108477047000010B500287A
S315000081D052D03E2A50D82B4BDB689C0748BF52082A
S315000081E0052949D8DFE801F003481B26313C836A9C
S315000081F06FF303038362244B1B6824490B60846D71
S31500008200E405FCD5846A62F30914846212B1B3FBF7
S31500008210F2F30B601C4B0A68DA60002010BD836D18
S315000082209B062BD5836A022161F303038362164BF7
S315000082309B68E2E7836D5C0620D5836A032161F3C0
S3150000824003038362104B1B69D7E7836D190715D5A6
S31500008250836A042161F3030383620B4B5B69CCE7FA
S315000082600B4B5B6A5B0709D5836A052161F3030340
S315000082708362054B9B6BC0E70120CFE741F201709B
S31500008280CCE700BF00860424E007010030080100A7
S315000082900014042407B50B46114606281ED8DFE84D
S315000082A000F00421333B47586400364A106A400206
S315000082B05EBF106A40F48000106213B90A20FFF70F
S315000082C081FF314BD3F81C2122F08012C3F81C2108
S315000082D0D3F81C2142F00122C3F81C21002003B070
S315000082E05DF804FB274A106A800207D4106A40F43E
S315000082F080101062106A40F400101062002BEDD15D
S315000083000A20FFF75FFFE9E71E4A106AC002F5D4AC
S31500008310106A40F48010F0E71A4A106A00035EBF44
S31500008320106A40F400201062002BD7D10220E8E743
S31500008330144B1A6A5203D1D41A6A42F480221A6282
S315000083404FF4FA700191FFF73DFF019940F2DC50BE
S31500008350D7E70C4A106A80035EBF106A40F400300B
S315000083601062002BBAD1FA20CBE7064A106AC00386
S315000083705EBF106A40F480301062002BAED19620AA
S31500008380BFE700BF008104240080042410B5044622
S31500008390002858D00139052955D8DFE801F0031324
S315000083A01D273445294BD969012262F30201D9619F
S315000083B0274B9A645B6C264A1360A36D002BFCDA8C
S315000083C0002010BD214BD969022262F30201D96156
S315000083D01F4B9A64DB6AEEE71C4BD969032262F3F2
S315000083E00201D9611A4B9A64DB6BE4E7194B402210
S315000083F09A83164BD969042262F30201D961144BA0
S315000084009A641B6CD7E7114B1A6AD2025EBF1A6ACE
S3150000841042F480121A62D969052262F30201D96117
S315000084200B4B9A641B6BC6E7012100220846FFF737
S3150000843031FF064BD969062262F30201D961044B6A
S315000084409A645B6BB7E70120BBE700BF0081042499
S31500008450E007010000801341013808B5052850D80F
S31500008460DFE800F003101A243140274BD9690122B6
S3150000847062F31241D961254BDA645B6C234A002012
S31500008480536008BD204BD969022262F31241D961BB
S315000084901E4BDA64DB6AF1E71B4BD969032262F3F0
S315000084A01241D961194BDA64DB6BE7E7184B4022BE
S315000084B09A83154BD969042262F31241D961134B91
S315000084C0DA641B6CDAE7002201210220FFF7E2FEE4
S315000084D00D4BD969052262F31241D9610B4BDA645F
S315000084E01B6BCBE7012100220846FFF7D3FE064BA4
S315000084F0D969062262F31241D961044BDA645B6BD7
S31500008500BCE70120BDE700BF00810424E0070100AD
S315000085100080134141F20273984221D011DC41F2EE
S31500008520045398421CD005DCF8B101280CBF212069
S315000085300120704741F2017398420CBF11200120BF
S31500008540704742F2041398420CD042F20613984246
S315000085500AD042F2031398420CBF21200120704733
S3150000856021207047282070472B2070470378012B65
S3150000857006D84378013B0F2B94BF0020212070477B
S3150000858021207047002370B5194600F1F2041A46FF
S3150000859034F8026FDDB2013336B10132D2B2012AAC
S315000085A001D99A420BD12946102BF1D11A4B1B78CF
S315000085B0934204D1012A04D10378994202D02320A0
S315000085C017E00023C2185278012A22D800EB830054
S315000085D04369D3B1114A934219D8D0F81431104ADD
S315000085E0934207D9D0F854010E4B98428CBF2120F4
S315000085F0002070BDB3F53D3F0BD8D0F85431B3F52C
S315000086003E3F34BF00202120F3E72D20F1E728204C
S31500008610EFE72120EDE700BF94100100A02526001A
S31500008620FFFF0524001B062411B1042900D0704762
S31500008630014B1B68184700BF9810010007B50023BF
S315000086400193FFF761FA01909DED017ADFED067A5D
S31500008650B4EEE77AF1EE10FA02D50448FFF7D4FC3F
S31500008660019803B05DF804FB9A991940CC240000E8
S3150000867084B010B52DED028BE4B068AC84E80F0031
S31500008680CDA89DEDCE8AFFF771FF00284CD1334B64
S315000086909DF835431C7068A8FFF774FF002843D186
S315000086A0012C08BF9DF8A0019DF8342368AB03EBAD
S315000086B04000012AB0F8F43003D1012B3BD02B2027
S315000086C032E0013B9BB240F2FE318B42F7D892BBBF
S315000086D0012C30D9224B62934FF4C272BDF8343369
S315000086E0ADF884316CA968460AF0EAF868AB0FCB9E
S315000086F0FDF784F9FFF70EFFB0B9FFF79FFFDFED37
S31500008700197AB4EEE78AF1EE10FA014624D4DFEDC9
S31500008710167AB4EEE78AF1EE10FA1DDC18EE100AAE
S31500008720FCF7CEF8FFF7F6FE64B0BDEC028BBDE8B1
S31500008730104004B070470A4B62936CA9BDF83433FD
S31500008740ADF884314FF4C27268460AF0B9F868ABE6
S315000087500FCBFDF7F3F9CDE72120E5E794100100F3
S31500008760299620086666E63F6666664084B000B5D0
S31500008770E3B00DF5C87C8CE80F00C9A8FFF7F6FE3C
S31500008780D0B964A8FFF7FEFEB0B99DF82423BDF862
S315000087902433B2B99DF82523012A12D94FF4C272A7
S315000087A068A96846ADF884310AF08AF864AB0FCB45
S315000087B0FDF7BCFBFFF7AEFE63B05DF804EB04B05B
S315000087C0704768A94FF4C2726846ADF884310AF062
S315000087D077F864AB0FCBFDF745FDEBE7034620B119
S315000087E0044A106818B913607047222070470420A5
S315000087F0704700BF9810010008B50348FDF7FCFE5E
S31500008800BDE80840FFF786BE0038042407B5ADF87A
S31500008810040001A8FFF7AAFE20B90198FCF762FB45
S31500008820FFF778FE03B05DF804FB07B5ADF804006A
S3150000883001A8FFF79BFE20B90198FDF795FAFFF70F
S3150000884069FE03B05DF804FB07B5ADF8040001A8A6
S31500008850FFF78CFE20B90198FDF73AFBFFF75AFEA9
S31500008860024B00221A6003B05DF804FB9810010069
S31500008870042902BF014B01221A707047A41001009F
S31500008880437853B94269074B9A4208D8B0F8F43096
S31500008890012B14BF2B200020704721207047282071
S315000088A0704700BFA025260084B000B5E5B00DF5E1
S315000088B0CC7C8CE80F009DF82C33012B34D19DF82D
S315000088C02D33013B0F2B2FD86046FFF7D9FF30BB66
S315000088D0164B62934FF4C272BDF82C33ADF8843157
S315000088E06AA9684609F0ECFF66AB0FCBFFF7C0FE3E
S315000088F0A8B9BDF82C33ADF884314FF4C2726AA919
S31500008900684609F0DDFF66AB0FCBFFF72FFF30B9E6
S315000089100748FFF763FF10B9CB98FFF777FF65B0FD
S315000089205DF804EB04B070472120F8E73D0A2740C4
S315000089307198200884B000B5E3B00DF5C87C8CE8CA
S315000089400F0014238DF8E4316046104B8193FFF736
S3150000895097FFA8B901460E4A0E48FDF724FF0E4BB5
S315000089604FF4C2721B88ADF8843168A9684609F0D5
S31500008970A7FF64AB0FCBFFF7F9FE003818BF012045
S3150000898063B05DF804EB04B0704700BF00004C42D2
S31500008990180B0000143A0424D00C000084B000B573
S315000089A0E3B00DF5C87C8CE80F006046FFF768FF62
S315000089B098B9FFF721FF80B917238DF8E431094BE9
S315000089C04FF4C2721B88ADF8843168A9684609F075
S315000089D077FF64AB0FCBFFF7C9FE63B05DF804EB1E
S315000089E004B07047D00C00002DE9F0432DED028B4A
S315000089F00646E3B0002800F092804A4D4FF4C2725A
S31500008A0005F11001684609F05BFF95E80F00FFF7D6
S31500008A1091FF2F460446002873D1434B1A7862B162
S31500008A2018706A7841480121FDF7A4FE07EE900A06
S31500008A303F4BF8EEE77AC3ED007A3E494FF4C27237
S31500008A40684609F03DFF97E80F00FFF7A7FF0446C9
S31500008A50002856D1DFF8D490374F4FF00A086A78CD
S31500008A6000214846FDF786FE07EE900A08F1FF381A
S31500008A70F8EEE77A18F0FF08C7ED007AEFD10205A5
S31500008A8045D520F400631B041B0C07EE903AF8EE64
S31500008A90E77AC7ED007AFFF783FB08EE100AFFF7C7
S31500008AA06DFB08EE900AFFF787FB214B97ED007AE6
S31500008AB0D3ED007ADFED216AB8EE488AC0F5707012
S31500008AC037EE487A77EEC87A0130C7EE275A07EEB6
S31500008AD0900AF8EEE77AF8EE688A87EEA67A88EECC
S31500008AE0A66AF0EE477A45EE867ADFED156A9FEDC7
S31500008AF0157A17EEA67A17EE100A08F03BFAC6E9C1
S31500008B000001204663B0BDEC028BBDE8F08340F463
S31500008B1000631BB207EE903AF8EE677AB9E72224B3
S31500008B20EFE700BF3C0B0000A4100100003804244E
S31500008B309C1001004C0B0000A010010000007A44BC
S31500008B4000009B430080884307B5ADF80400C0B21F
S31500008B50012816D19DF80530013B0F2B11D80A4B81
S31500008B605B68DB0705D4019803B05DF804EBFFF7FB
S31500008B706BBE0198FFF759FE0028F4D003B05DF8EC
S31500008B8004FB2120FAE700BF00380424F8B5046886
S31500008B90012C054622D8124E56F8242042B15368BD
S31500008BA010498B4204D010498B4201D01120F8BDE8
S31500008BB00E4B0F49DB680F481F680F4B51F8241006
S31500008BC053F8243050F82400B8472B6846F82400A0
S31500008BD056F82330002BE9D00020E8E72120E6E70D
S31500008BE0B81501000000034400800724000130008E
S31500008BF0D40C0000DC0C0000E40C0000F0B529B138
S31500008C00012803D80B6818B9202B0CD921202AE09B
S31500008C100C2BFBD8012AF9D82C4C6468002C51D0B7
S31500008C2073BB0C2707E0012AF0D8284C2468002CD7
S31500008C3048D02BBB20270125254C264BAC46A8B98E
S31500008C4026792EB90D60C4E90200226084F804C0BA
S31500008C500E6836BBBD4205F1010604F1180403F1A6
S31500008C60180301D14620F0BD3546E8E71E79002EEF
S31500008C70EED10D60C3E902661A6083F804C0E7E727
S31500008C80013B182578B9124C6B43E6183679DEB9E4
S31500008C90E2500B68013B05FB0343C3E902000122D6
S31500008CA01A710020DFE70B486B43C41824795CB9BE
S31500008CB0C2500B68013B05FB03030122C3E90244D2
S31500008CC01A71EEE71120CEE74520CCE7B815010072
S31500008CD0C8110100A8100100012810B503D811B170
S31500008CE018B9202909D9212016E00C29FBD8C2B1D0
S31500008CF00D4B5B688BB911200EE092B10A4B1B68D5
S31500008D00002BF8D01068094B0139182404FB0133F5
S31500008D1098605268DA60002010BD1068044B013973
S31500008D20F3E72220F8E700BFB8150100C8110100DB
S31500008D30A8100100012830B536D8002934D0E8B98A
S31500008D40202931D8531E022B2ED8194B53F8203028
S31500008D5063B302F00203D20721D54C1E182578B959
S31500008D60144A05FB0422906033B1124B01391822D4
S31500008D7002FB01310023CB60002030BD0C29E0E767
S31500008D800D4A05FB042200209060002BF4D00A4B0C
S31500008D901822013902FB01330022DA60ECE7002BCE
S31500008DA0EAD00028E1D0F2E72120E6E71120E4E747
S31500008DB0B8150100C8110100A810010008B572B667
S31500008DC0012809D1202000F031F80F4AD2F870317D
S31500008DD09806FBD462B608BD022808D1402000F0F0
S31500008DE025F8094AD2F870315906FBD4F2E7032870
S31500008DF0F0D14FF4807000F019F8034AD2F87031C0
S31500008E00DB05FBD4E6E700BF00800046054B0648BD
S31500008E100422C3F86C2100684FF0FF3300220221C0
S31500008E20F9F753B900800046C4150100014BC3F899
S31500008E306C01704700800046014BC3F8780170470B
S31500008E4000800046064B0748196810B502F0FCFB87
S31500008E50044618B94FF4806002F0EEFB204610BDC0
S31500008E60C8150100CC15010037B52A4CD4F880315D
S31500008E705D070DD5284B02211868F9F7CAF80423B7
S31500008E80264AC4F88031C2F89030002003B030BDC5
S31500008E90D4F88031980705D5FFF7D4FF0028F5D11F
S31500008EA00223EDE7D4F88031D9050DD54FF480754E
S31500008EB0C4F878514FF4804002F0BEFB174BC4F85B
S31500008EC08051C3F89050E0E7D4F880319A0604D573
S31500008ED00220FFF773FF2023D2E7D4F880311B0668
S31500008EE004D50320FFF76AFF8023C9E7D4F8803151
S31500008EF013F0100304D00120FFF760FF1023BFE733
S31500008F000093074A074908484FF49D73FAF7A8FEED
S31500008F1000BEBAE700800046C41501000000054106
S31500008F20E88521082C852108C5852108024B5B6848
S31500008F30DBB203800020704700000541064BD3F8E2
S31500008F40742142F00102C3F87421D3F87421120788
S31500008F50FBD50020704700BF00800046034AD2F8C8
S31500008F60743123F00103C2F8743170470080004663
S31500008F700B4BD3F8742142F00102C3F87421D3F8E5
S31500008F8074211207FBD5C3F86C01D3F88021104277
S31500008F90FBD0C3F88001034BC3F89000FFF7DEBF98
S31500008FA0008000460000054110B5114C23786BB9CE
S31500008FB0104AD2F880319B0509D54FF40073C2F8E8
S31500008FC080310D4AC2F890300123237010BD02F0A3
S31500008FD0B3FE40B14FF40070FFF7CAFF4FF40060D4
S31500008FE0FFF7C6FFF0E7054B01221A70ECE700BF5A
S31500008FF0C01501000080004600000541C1150100B2
S3150000900008B5074B1B784BB14FF40070FFF7B0FF64
S31500009010BDE808404FF40060FFF7AABF08BD00BFD7
S31500009020C1150100FFF720BF10B5034C206810B929
S31500009030F8F7D9FF206010BDC415010008B5FAF78E
S315000090403BFF1849184AD1F8FC3043F08073C1F849
S31500009050FC30136843F001031360144B4FF47A722B
S315000090601B68B3FBF2F3013BB3F1807F09D24FF0EB
S31500009070E0225361FC2381F8233000239361072308
S315000090801361084B1C2283F82320094BD3F8742163
S31500009090D20742BFD3F8742122F00102C3F874212B
S315000090A008BD00BF00ED00E0001000E03008010040
S315000090B000800046244BD3F8742170B50E46110784
S315000090C05CBFD3F8742142F0010205465ABFC3F8CB
S315000090D0742101240024D3F874211207FBD58CB126
S315000090E0204600F0CBF800F0DDF800F079F9164BD9
S315000090F0D3F86C319B0701D400F05AF8F8F77AFEE2
S3150000910000200EE000F0FAF843B2002B0EDA13F15D
S315000091100C0FF7D00733F5D01C30C0B21C2801D98C
S31500009120012070BD094B53F82000FAE73146284666
S3150000913000F006F91C30C0B21C28F1D8034B53F8D6
S3150000914020000028CCD0ECE70080004600862108ED
S31500009150B0F1005F70B518D10C4C0D48236804229D
S315000091605D6C00210623A847236809485D6C05222B
S3150000917006230021A847236805485C6C0022A44604
S315000091800623BDE870401146604770BD00013000FF
S3150000919000C0042410B5054B00244FF48070C3E9C9
S315000091A00044FFF749FE204610BD00BFCC15010064
S315000091B013B50023ADF80630184BD3F86C4114F004
S315000091C0020427D116484FF47A734FF4CA6201217C
S315000091D000F0C2FA30B1134A134914485223FAF781
S315000091E03FFD00BE0E4B0DF106021868002100F08F
S315000091F0FFFA0F4B102200F5A000186010449A8069
S3150000920098604FF4C86202209A81FFF70FFE20464D
S3150000921002B010BD6FF00104F9E700BF0080004600
S31500009220C81501008487210874862108078721084C
S31500009230D41501000146014802F00BBACC15010015
S3150000924008B5074B00F5A000186001F5A001102035
S31500009250988099609A81FFF7D9FD002008BD00BF6C
S31500009260E415010008B50220FFF7E6FDFFF7A0FFB1
S31500009270BDE80840022000F0ADB80000064B38B942
S31500009280064AD269D20703D45A6B12F4204FFBD197
S31500009290034A5A63704700BF0000054100000812E8
S315000092A0E4150100014B024ADA65704700000541EA
S315000092B0D415010008B50A4AD2F874311B07FBD54C
S315000092C0084A09490948CA23FAF7CAFC6420F8F78C
S315000092D07CFE074B074A5A63074ADA6508BD00BF9A
S315000092E0008000465E872108748621083987210898
S315000092F000000541E4150100D415010082B00023E9
S3150000930001930E4BDB6B9AB272B103F47F42B2F556
S315000093102B4F0CD1DBB2F12B0CD0F22B14BF00205B
S315000093206FF0090002B070476FF00600FAE76FF0C1
S315000093300B00F7E76FF00800F4E700BF00000541F7
S3150000934030B585B000234B280093214A01931ED1E6
S315000093504AF24B0343EA0123536300221C4D009259
S315000093604FF6FE7140F42B40009B5C1C8B42009430
S3150000937003D80292AB8F8342F6D100984FF6FE7364
S3150000938098424FF0FF30D8BF002005B030BD4128CD
S3150000939011D14AF2410343EA0123536300230393A5
S315000093A00B4B93F83C30232B0FD0F32B14BF00202C
S315000093B06FF00400E9E740F42B43536300F0BF036A
S315000093C0312BEBD04A28E9D0C7E76FF00D00DCE778
S315000093D000000541014BC3F87C0170470080004640
S315000093E0094BA622C3F87C21D3F8742142F002026D
S315000093F0C3F874214FF0E0234FF48062C3F80821CC
S31500009400142283F84A2470470080004600220B4647
S31500009410114601F072BB000030B585B01446089DB8
S31500009420019300F0D3FE019938B900F0DBF8092367
S3150000943003604FF0FF3005B030BD19B900F0D2F827
S315000094400E23F5E7A4F11403212B00F2C080DFE818
S3150000945003F011BEBEBE31743FBEBEBEBEBEBEBEB2
S31500009460BEBEBE5446BE38BE5C646C778A8F988199
S315000094708FADB6BAD1E900432CB923B1B3F57A7FE3
S3150000948038BF4FF47A734FF47A72B3FBF2F3C4EB3E
S31500009490441204EB820403EBC403022D2A46ADF802
S315000094A00E3028BF02220DF10E01183009F008FA1D
S315000094B00020C0E7012D2A4600F1160028BF012230
S315000094C0F4E7022D2A4600F11C0028BF0222EDE730
S315000094D0022D2A4600F1140028BF0222E6E70B6897
S315000094E0802B03D000F07EF81623A1E7D0F8603178
S315000094F043F08003C0F86031DAE70B68012BF1D145
S31500009500D0F8603143F00103F4E70B68052BE9D18D
S31500009510D0F8603143F00503ECE70B68112BE1D17D
S31500009520D0F8603143F01103E4E70B68092BD9D179
S31500009530D0F8603143F00903DCE70B78C376B7E770
S315000095400B78042BCED190F8883143F0040380F8D1
S315000095508831ADE70A6840F201139A42C2D1D0F8C9
S3150000956060311343C6E70B78022BBBD883769FE79F
S315000095705A3000F0DDFE00289AD000F033F80C23B4
S3150000958056E70A68531E1E2B08D81A4206D1042D28
S315000095902A4600F5B27028BF042287E70E4A0F4913
S315000095A00F484FF48073FAF75BFB9BE70B88B3F524
S315000095B0005F97D1D0F8603143F400539AE70A88E8
S315000095C042F20403C9E70A8842F20803C5E700F03D
S315000095D009F82A232CE700BFA78821089C872108C1
S315000095E03888210808B500F019F8034A034B00280B
S315000095F014BF1046184608BDF4150100F8390000DE
S3150000960000207047704708B5FFF70EFD002008BD23
S31500009610002070477047704770477047034B586883
S31500009620C0F30800003818BF0120704700ED00E0C5
S3150000963073B5044600283CD0204B82789A70427855
S315000096405A7002781A70F8F7E1FAA278092A0346E6
S3150000965005D96278092A02D92278092A0BD8184630
S31500009660F8F7D8FA1648174A1749D623FAF7F8FA38
S31500009670212002B070BDF8F7CDFA62782578134B39
S315000096801544A2781C601544A3686468EDB204FB17
S3150000969005F633B9304607F0BDFF0D4A03461060A4
S315000096A048B10C4800962A46A1B2F8F7E6FA00201F
S315000096B0DFE72220DDE71920DBE700BFF815010010
S315000096C04C892108E4892108BB8821080416010079
S315000096D0001601000816010038B5F8F7CDFB044660
S315000096E0F8F794FA164A002312F8015B7DB1F8F7F1
S315000096F091FA204601F09AFFB0F57A7F15D311480A
S31500009700114A12496323FAF7ABFA012038BD013337
S31500009710042BE9D10E4CF8F77DFA206858B90D4BA9
S315000097200020C3E900009860F0E70220F8F74DFC3E
S315000097300028D5D0E3E707F075FF2560EFE700BF07
S31500009740FC15010083892108BF892108BB882108EF
S3150000975000160100081601002DE9F0470C46984650
S315000097600546002837D0F8F787FB1D4FDFF87CA0A9
S3150000977081460226F8F74AFA3A5D1AF804309A4208
S315000097801AD2F8F747FA1748F8F795FA2860A8B1F9
S315000097902B6813B3144A1C721268526800250C3ADF
S315000097A05A601D60F8F732FA3B5D01333B55F8F716
S315000097B031FA2846BDE8F087F8F72CFA3046F8F774
S315000097C004FC312E484694BF7600322601F02EFF67
S315000097D04045CFD9DCE72120ECE71920EAE700BFB6
S315000097E0FC1501000816010004160100F815010019
S315000097F04368994205D20AB15B1A13800C310844BA
S31500009800704700207047000010B5044678B1014645
S315000098100748F8F762FA247AF8F7F8F9054A135D6B
S315000098200BB1013B1355BDE81040F8F7F3B910BD75
S3150000983008160100FC15010008B578B171B14B8816
S315000098400BB9002008BD0A88042A0EBF1346082358
S3150000985010220374043109F033F8F2E74FF435604F
S31500009860F0E7E0B1D9B10388442B0ED005D8292BF7
S315000098700FD0412B0FD001207047AA2B03D0EF2B1E
S315000098800BD0A12BF7D1042300E001230B7000209D
S3150000989070470023FAE70323F8E70223F6E72220BE
S315000098A07047037C042B08D1431E033013F8012FA5
S315000098B06AB98342FAD101207047082B07D1431EAB
S315000098C00F3013F8012F12B98342FAD1F3E70020C3
S315000098D07047000010B518460C4604F0DFFD204620
S315000098E0024ABDE81040002103F0D0B991E62008F5
S315000098F008B504F0D9FDBDE8084003F03BBC000004
S3150000990070B5A0F10803012BA6B005460E4638D85F
S31500009910FF2904D101A904F0D3FE26B070BD01AA27
S3150000992004F0CCFC0028F8D19DF8283013F0FD0F88
S3150000993020D0032B20D0042B0CBF0D240024124A68
S3150000994001A9204603F03AFD0028E6D1082D0F4B69
S3150000995014D11C70014611A800F0B6FA0028DCD11B
S315000099600B4B9DF844201A70314601AA284604F094
S3150000997085FCD2E70524E2E70924E0E75C700221D2
S31500009980E9E72120C9E700BFC0D40100161601008F
S3150000999014160100FFF79EBF03F0ECBB30B5A0F133
S315000099A01003012BA5B004460D4633D86A4604F0D1
S315000099B085FC98B99DF8401001292DD1102C0FD1A6
S315000099C010A800F081FA48B9144B9DF840205A704F
S315000099D029466A46204604F051FC18B125B030BD30
S315000099E00321EDE79DF8283013F0FD0F0ED0032B71
S315000099F00ED0042B0CBF0E200020094B102C6946FC
S31500009A000CBF1870587003F0ADFAE7E70620F4E7CC
S31500009A100A20F2E72120E1E72320DFE71416010000
S31500009A2018160100F0B500229BB0064608461146FE
S31500009A30FFF7DEFE858904460DB145F48035394BC6
S31500009A40394F19782A460020F8F712F91122002119
S31500009A5001A808F01DFE5022002106A808F018FEF5
S31500009A603B68002B5AD0042E52D8DFE806F01003CC
S31500009A701010130004F1100101A8FFF7DDFE01AA82
S31500009A803F68238829463046B847002047E004F15E
S31500009A901002F5E702238DF818306388A12B2AD12E
S31500009AA008238DF819300DF12C0C04F1140304F180
S31500009AB0240E18685968624603C2083373459446F3
S31500009AC0F7D10DF13C0C04F1340E18685968624662
S31500009AD003C2083373459446F7D10DF14C0C04F1DB
S31500009AE0440E18685968624603C2083373459446A3
S31500009AF0F7D106AAC4E704238DF81930D4F8163036
S31500009B000893D4F81A300A93D4F81E300993F0E774
S31500009B10064A074907486823FAF7A2F801201BB04E
S31500009B20F0BD00BFF70C00009C1B0100C48A210891
S31500009B30048A2108A38A21087FB54A88A2F1620314
S31500009B409BB2122B06460D4612D90AB1AB2A14D186
S31500009B50AC890CB144F48034134B224619780020AA
S31500009B60F8F786F8F1682A46204600F06BFD04E017
S31500009B700E4A42FA03F3DB07EAD50DF10F01A81CE2
S31500009B80FFF76FFE68B99DF80F3009490948009341
S31500009B90094ADF23FAF764F831689DF80F00FFF7EA
S31500009BA041FF04B070BD00BFF70C0000FEFBFBFFD9
S31500009BB0DD8A21087D8B2108A28B210870470000D1
S31500009BC02DE9F843154E07460D46904600244FF002
S31500009BD0060956F8041BC9B1CB7E434516D12A7C2B
S31500009BE0042A0EBF403110224431284608F026FDD3
S31500009BF060B93946204601F02FFF60B9204602F0D1
S31500009C002FF840B956F8043CA3F858900134E4B252
S31500009C10142CDED10020BDE8F88300BF3416010005
S31500009C20F0B587B000210446112201A808F030FDE6
S31500009C3002F060F9A379A0F109014D424D41D80720
S31500009C400FD504238DF8143001A8D4F807300193FA
S31500009C50FFF727FE28B92A4601A940F62830FFF764
S31500009C60AFFFA3799A0719D508238DF8143001AEF2
S31500009C7004F10B0304F11B0718685968324603C246
S31500009C800833BB421646F7D101A8FFF70AFE28B9EA
S31500009C902A4601A940F62830FFF792FFA3795B0711
S31500009CA018D508238DF8143001AE04F11B032B34AC
S31500009CB018685968324603C20833A3421646F7D1DC
S31500009CC001A8FFF7EEFD28B92A4601A940F628307B
S31500009CD0FFF776FF07B0F0BDF0B59FB004460F461C
S31500009CE0164600213B220FA808F0D2FC00212522AF
S31500009CF005A808F0CDFC734B00211B7804913EB1FA
S31500009D0046F08046002B00F0DA8044B9212503E0B6
S31500009D10002B14BF2125112528461FB0F0BD6378FE
S31500009D205A0740F1C2803B220FA808F0B1FC237805
S31500009D308DF86870012B01BFA368CDF83D3023690B
S31500009D40CDF8413013BF0923E368CDF845308DF8CF
S31500009D503C3063689BB19DF83C2042F003028DF8CD
S31500009D603C2003F11C010DF1490253F8040B42F8A3
S31500009D70040B8B42F9D1198811809B789370B4F843
S31500009D804430ADF86D30B4F84830ADF86F30B4F803
S31500009D904630ADF87130B4F84A30ADF8733094F807
S31500009DA04C308DF8753094F84D308DF8763004AB24
S31500009DB002930023CDE900630FAA3B230221412031
S31500009DC002F0E2F90546002875D1024601460498DC
S31500009DD0FFF70EFD2378022B08D1D0F81630A360CA
S31500009DE0D0F81A302361D0F81E30E3600498FFF7EC
S31500009DF00BFD63781B078FD52422002105A808F0E8
S31500009E0047FC4023ADF8163023788DF83870012BC7
S31500009E104DD104F1240306AD04F1340718685968DE
S31500009E202A4603C20833BB421546F7D10AAD04F1F0
S31500009E304407186859682A4603C20833BB421546C8
S31500009E40F7D104AB02930023CDE9006305AA2523CD
S31500009E500221902002F098F9054660BB02460146B1
S31500009E600498FFF7C5FC04F1140200F1140300F195
S31500009E70240153F8046B42F8046B8B42F9D104F1C8
S31500009E80240200F1340153F8046B42F8046B8B4250
S31500009E90F9D13434443053F8042B44F8042B83426C
S31500009EA0F9D10498FFF7B0FC36E72125A1E709238D
S31500009EB08DF81430C5E704980028F3D12CE7112556
S31500009EC02AE700BF981801004FF00042FFF704BFD1
S31500009ED00439092945D8DFE801F0101E232F05446F
S31500009EE04444343C431F012B3DD900F47F40B0F578
S31500009EF0007F14BF002005207047052835D000F4E8
S31500009F007F40B0F5807F32D0B0F5007F08BF0620D5
S31500009F1018BF00207047052814BF00202120704775
S31500009F20052826D000F47F40B0F5807F23D0B0F519
S31500009F30007F08BF0720EBE7421F50425041400018
S31500009F40704700F47F40A0F5807358425841C00026
S31500009F50704700F47F40B0F5807F14BF00200920D1
S31500009F60704700207047312070470120704703205A
S31500009F70704711207047042070472DE9F0411E46B6
S31500009F80A1F10C03012B0446174603D840F6E873EB
S31500009F909E421CD82046FFF79BFFFF2C05460FD993
S31500009FA0E4B200231A462146284602F0B7F978B9EA
S31500009FB033463A4621462846BDE8F04102F0AEB99E
S31500009FC0053C012C4FF0FF3498BF0024E8E7212020
S31500009FD0BDE8F08110B5094B1B78834204460BD9C6
S31500009FE0F7F71DFE064B24B21B68002203F8342047
S31500009FF0BDE81040F7F719BE10BD00BF28160100D6
S3150000A0002416010048B34B8803604A7F0B7F43EA5E
S3150000A010022343844A790B7943EA0223C3878B7D63
S3150000A020CA7D43EA02238383052380F858300B88D0
S3150000A030102B0CD1182380F83D308B1D443016317F
S3150000A04053F8042B40F8042B8B42F9D170470223B6
S3150000A05080F83D30D1F806300364704738B5164DA8
S3150000A0600446286890B1154D286818B9F7F7BBFF64
S3150000A070286080B1124D286818B9F7F7B4FF286038
S3150000A08048B1104D286840B1002005E0F8F763F8A4
S3150000A09028600028E7D1012038BD631E092BFBD8B4
S3150000A0A0094B082120461C7007F098FA2860B0FA80
S3150000A0B080F04009F0E700BF2C16010020160100D1
S3150000A0C01C160100241601002816010010B50F4CBD
S3150000A0D0206818B1F8F7C3F8002323600C4C2068F9
S3150000A0E018B1F8F726F8002323600A4C206818B147
S3150000A0F0F8F71FF800232360074C206818B107F013
S3150000A10091FA00232360002010BD00BF2C16010029
S3150000A110201601001C1601002416010070B5094C1A
S3150000A1200023062554F8042B32B1D67E864204BF9E
S3150000A13082F8585082F859100133DBB2142BF1D152
S3150000A140002070BD3416010038B5C3690D46D1F83C
S3150000A150701143F002030446C36161B10A7852B13B
S3150000A1600331533008F0ACFBD5F870311B7823442B
S3150000A170002283F85320D5F8701179B14A786AB174
S3150000A18011F8033B04F12000194408F099FBD5F8B7
S3150000A19070315B782344002283F82020D5F8703193
S3150000A1A093B19A7882B119465B7811F8030B034490
S3150000A1B0194404F2A31008F083FBD5F870319B789C
S3150000A1C01C44002384F8A33138BD000013289ABF2D
S3150000A1D0024B53F820000020704700BF34160100E0
S3150000A1E0F8B5064609B1002008600AB100201060E3
S3150000A1F00BB1002018600024254601272046FFF7F2
S3150000A200E5FF8646D8B161B10368706807FA03F3C3
S3150000A210034206D00B6807FA04FC43EA0C030B6002
S3150000A220013562B1DEF80030F06807FA03F3034245
S3150000A23005D0136807FA04F00343136001350134AF
S3150000A240142CDBD12846F8BD38B50546FFF7BEFF0E
S3150000A250044658B1D0F8800108B1F7F76AFF2046E6
S3150000A26007F0E0F9024B002243F8252038BD00BF75
S3150000A27034160100F0B50F4E05461424002056F89A
S3150000A280043B7BB11F68AF420CD193F858708F42E4
S3150000A29008D0571C02D0DF68974203D193F8AD016E
S3150000A2A028B91846631E13F0FF04E8D1F0BD18461E
S3150000A2B0FCE700BF341601002DE9F0470E46DFF833
S3150000A2C06C804FF0FF310024046007463160D8F8F7
S3150000A2D00000F7F77DFF144B9A4653F8049BB9F13B
S3150000A2E0000F08D00134142CF7D1D8F80000BDE8CF
S3150000A2F0F047F7F792BF4FF4F07007F08BF94AF882
S3150000A300240005460028F0D04FF4F072494608F0C4
S3150000A310BFF94FF0FF332B6003233D60AC6085F837
S3150000A3208A313460E1E700BF341601002C160100C3
S3150000A33038B54C880546B0F802010434C0F5807380
S3150000A340A34210DBE4B22246284408F0B9FAB5F875
S3150000A35002311C44B5F80031A5F802410133A5F8D5
S3150000A3600031002038BD0148FCE700BFC5000100F0
S3150000A370C0897047F8B50C4690F821101829054693
S3150000A3804FF0000140F09C8006202070617004F1BF
S3150000A390080005F1440105F1540651F8047B40F824
S3150000A3A0047BB142F9D1698CA180022AE98FE18050
S3150000A3B062804FF0000240F0898003B11B8823833E
S3150000A3C094F8873043F0020384F887300020F7F7CB
S3150000A3D00AFEC5F88001D5F874312BB994F8873098
S3150000A3E043F0010384F8873094F8873043F0100275
S3150000A3F084F887200A2284F88820EA7E84F88B2055
S3150000A4000022A276E276AA7D002A08BF0A2284F8F4
S3150000A4108620AA8A002A08BF4FF49662A4F88920EB
S3150000A420AA8BA4F89720D5F8602142F201010A42CE
S3150000A43026D0E261274A1268C4F88D20264A12689F
S3150000A440C4F89120AA7E1AB143F0300384F887300D
S3150000A45084F88C20B5F85A317BB1B5F85C2105F14A
S3150000A4605A0104F19D0008F02BFAB5F85C31A4F806
S3150000A4709B30B5F85A31A4F89930069B174A1A60F2
S3150000A480D5F86021110642BFE36943F08003E3611A
S3150000A490920703D529462046FFF756FE95F88831E0
S3150000A4A05B0742BF94F8873043F0040384F8873093
S3150000A4B0D5F8643184F89530D5F868316383F8BDF2
S3150000A4C0042020706170296CA1606CE722766276A8
S3150000A4D081E700BFF00C0000EC0C0000F0490240E0
S3150000A4E02DE9F043FDB004460E46904600214FF498
S3150000A4F0EB7206A808F0CCF82046FFF767FE04AD1D
S3150000A5002C4B2B600446002850D026B903F5B933EE
S3150000A51003F58C732B6005AF4FF00009C7F8009068
S3150000A52043460095324606A92046FFF723FFE6601C
S3150000A530CDE901972B68009306AA4FF4EB7304212B
S3150000A540422001F021FE0546D0B902460146386890
S3150000A550FFF74EF9828A2260C28A6284022E03467F
S3150000A56016D15A8FA28394F858203868022A09D047
S3150000A57094F82120022A0ED1D3F81A30636201E042
S3150000A580386808B1FFF740F928467DB0BDE8F0838A
S3150000A590028BE287E5E703F11A0228342A3352F8E0
S3150000A5A0041B44F8041B9A42F9D1EBE74FF0FF3540
S3150000A5B0EAE700BF881300400228F7B505460E46B5
S3150000A5C014461F4609D0182807D0FFF70BF82F238B
S3150000A5D003604FF0FF3003B0F0BD731E012B03D9AB
S3150000A5E0FFF700F81623F3E7112CF9D8144BE340D4
S3150000A5F0DB07F5D5012E06D1062C06D02CB1FEF7C9
S3150000A600F1FF2923E4E7112CF7E7684601A9FFF7D4
S3150000A61053FE0198002803DAFEF7E4FF0C23D7E780
S3150000A620009A012382F858304FF0FF33566082F8C3
S3150000A63021501461C2F87471C2F88431CBE700BFAF
S3150000A640410002002DE9F043144652886C2A85B079
S3150000A65080460D4614D1A08D7B4A04F110010023DB
S3150000A66052F8044B34B1E668022E03D1668C86425A
S3150000A67000F0D1800133142BF2D14FF0FF30E0E02F
S3150000A680622A2DD100273846FFF7A0FD064638B1CD
S3150000A690218A0368994203D190F85830032B03D1DD
S3150000A6A00137142FEFD1C9E04FF48373A0F8583067
S3150000A6B0A1894BF63633FFB2002908BF1946384642
S3150000A6C001F0CAF9384601F0CBFA604B1B68002B43
S3150000A6D000F0B480D4F81220718C30689847ADE051
S3150000A6E01ABB218B584B04F1100739444FF0FF3643
S3150000A6F053F8040B28B1B4F812C00068844508BFAB
S3150000A70056B20132142AF3D13046FFF75FFD28B95D
S3150000A710002DB2D0284606F085FFAEE7D0F874814A
S3150000A72062693B463046C04788E0742A49D1484BA7
S3150000A730267C1B78B3423ED9464B1B6803EBC60703
S3150000A74013F83630002B36D0D7F80490A3897B80D7
S3150000A750B9F1000F0FD003AB02AA01A904F1100052
S3150000A760FFF73EFD01A8434603AA02A9C847787829
S3150000A770FFF730FC62E0182006F04CFF03467860D5
S3150000A78038B9354A3549364840F20D43F9F768FA83
S3150000A79054E004F110022834106851681F4603C7BC
S3150000A7A00832A2423B46F7D12E4B01211868B14030
S3150000A7B0F7F72FFC42E0284A28492B4840F2144379
S3150000A7C0E4E7AB2A3AD1204A002352F8041BB9B178
S3150000A7D0207C0968884213D15AB21046FFF7F6FC6E
S3150000A7E0002895D090F888315B0744BF002380F895
S3150000A7F05E31D0F878310BB3617C104698471DE086
S3150000A8000133DBB2142BE0D14FF0FF32E5E72846E7
S3150000A81006F008FF14E0D4F884614FF0FF33C4F863
S3150000A82084313046FFF7D2FCFFF7ECFBD4F87C31DD
S3150000A83023B1227904F13C0130469847002DE6D138
S3150000A840002005B0BDE8F083341601003016010083
S3150000A85028160100241601007F8C2108C68B2108CA
S3150000A860078721081C1601005D8C21082DE9F04F91
S3150000A8701E4687B005460F4693464FF47A7306F197
S3150000A880100203A902A8DDE9109801F021FB044695
S3150000A89058B94FF47A73182205A904A801F018FBD9
S3150000A8A0044630B10298FEF7AFFF204607B0BDE878
S3150000A8B0F08FDDF80CA001461022504607F0E8FEA6
S3150000A8C0BBF1000F05D0324659460AF1100007F0D9
S3150000A8D0F7FFC6F30B064FEA5973AAF8006039F082
S3150000A8E08044059EAAF8027003F0020318BF43F0E5
S3150000A8F00103B371029B336040F20443B380F7F760
S3150000A900BBFA002C059B7061BABF4FF0FF321A618B
S3150000A9101C61059B0022DA60F7F781F995F858303B
S3150000A920062B064609D16B2F07D1F7F77EF9FEF7FE
S3150000A93059FE3923284C0360B7E7284B049993F84E
S3150000A940009009F101021A70029B05F5C67083F8A2
S3150000A950099081F8099001F0E9FA214BA9681A6873
S3150000A9604FF0010A0AFA01F111434FF480501960C1
S3150000A97000F062FE3046F7F758F9002C95D0AA6829
S3150000A9801849CDE900486B2F09680CBF05F5EC7036
S3150000A99005F5CA704B460AFA02F201F035FA04468A
S3150000A9A0002882D16B2FD8F80000224621460DD10F
S3150000A9B0FEF71EFF838903900BB143F480340A4BE4
S3150000A9C0224619780020F7F753F96EE7FEF710FFD5
S3150000A9D003890590F0E700BF50BB01001A1601007D
S3150000A9E0BC1B010020160100F70C00002DE9F04306
S3150000A9F0002385B0CDE902338146FFF7E7FB0E461B
S3150000AA00054640B9FEF7EEFD092303604FF0FF301F
S3150000AA1005B0BDE8F08390F85830032B07D0013B12
S3150000AA20012B05D84846FFF70FFC0020F0E701266A
S3150000AA30B5F85830062BF5D0B3F5837F03D100F077
S3150000AA4003FC0028EED1D5F8D031F3B90EB3ADF83A
S3150000AA5008306B8CADF80A3003AB01934FF04043DE
S3150000AA60009302AA042343212846FFF7FFFE04466B
S3150000AA70A0B9024601460398FEF7BAFE0768AFB9C9
S3150000AA800398FEF7C1FE0120C2E70220F7F79DFA00
S3150000AA90D9E72B68ADF808303346DBE7039808B1F1
S3150000AAA0FEF7B2FEFEF79EFD0023AEE70398FEF723
S3150000AAB0ABFE224621463846FEF79AFE804656B938
S3150000AAC0038A2A689A4206D14846FFF7BDFB3846F4
S3150000AAD0FEF79AFEA9E72046FFF778FB48B1012E5C
S3150000AAE007D1428CB8F816309A4202D12046FFF7B9
S3150000AAF0ABFB0134142CEED1E9E72DE9F04385B028
S3150000AB001F46FFF763FB002389469046ADF80830E1
S3150000AB108DF80A300393044648B9FEF763FD09230E
S3150000AB2003604FF0FF35284605B0BDE8F083416865
S3150000AB30012903D0FEF756FD2D23F1E790F8583092
S3150000AB40032B03D0FEF74EFD1623E9E7D0F8743148
S3150000AB50026990F82100FFF72FFD0546FFF736FB47
S3150000AB6006460028DDD004F1200300F1200204F19E
S3150000AB703C0153F8040B42F8040B8B42F9D1E37EF7
S3150000AB80F37623688DF80830638CADF80930C4F885
S3150000AB907C71C4F884517FB10024CDE900440323BD
S3150000ABA002AA6C213046FFF761FE05460028BAD09E
S3150000ABB0FEF718FD0460B4E703AB01934FF0404382
S3150000ABC0009302AA03236C213046FFF74FFE18B10B
S3150000ABD0FEF708FD0760A4E703983A463946FEF7F4
S3150000ABE007FE04680398FEF70FFE002CF0D03946E6
S3150000ABF03A462046FEF7FCFD00F110013046FFF70D
S3150000AC0001FAB9F1000F12D0D8F800207AB11C2A47
S3150000AC1028BF1C2206F13C01484607F051FE96F873
S3150000AC202130022B14BF1C231023C8F80030204605
S3150000AC30FEF7EAFD77E700002DE9F34706460C46E6
S3150000AC409146002A6BD00D89D1F804A0F7F714F9C4
S3150000AC50074696F88A311BB196F889219A424FD257
S3150000AC601C3D0AF12C0212FA85F24FF47A73002188
S3150000AC7001A8FEF771FDAFB2054600284BD102468A
S3150000AC8001460198FEF7B4FD8046002841D096F8AB
S3150000AC908931013386F889311022294607F0F8FCFC
S3150000ACA0214608F1100304F11C0251F8040B43F885
S3150000ACB0040B9142F9D108F12C005246494638441A
S3150000ACC007F0FEFD07EB0A031C33C3F30B03A8F8DA
S3150000ACD00030F6F7A4FF0199044606F5E87001F086
S3150000ACE025F9104AB0681168012383400B434FF4DD
S3150000ACF00060136000F0A0FC2046F6F796FF0AE01D
S3150000AD000220F7F762F9F7F7B7F8C01BB0F57A7FBC
S3150000AD109FD940F64235284602B0BDE8F087222585
S3150000AD20F9E700BFB81B01004288612A10B5034647
S3150000AD3010D007D8422A13D0432A13D062B14FF05D
S3150000AD40FF3008E06B2A09D0AB2A07D0622AF6D179
S3150000AD50008A00E0408A10BD807CFCE7187CFAE798
S3150000AD60808AF8E7008A0028F5D1D98A084A52F87D
S3150000AD70043B43B15C8C8C4205D193F85840032CBC
S3150000AD8001D11868E7E701301428F0D1D7E700BFF2
S3150000AD90341601002DE9F04180460F461646FEF7AF
S3150000ADA021FC002303604046FFF710FA044618B161
S3150000ADB090F85830012B06D0FEF714FC09230360E7
S3150000ADC04FF0FF303CE090F82130022B05D10F2EDA
S3150000ADD007D8FEF707FC1623F1E7182B01D11B2E27
S3150000ADE0F6E71FB9FEF7FEFB0E23E8E77988174B57
S3150000ADF0142553F8042B12B1528C8A4222D0013DFD
S3150000AE0015F0FF05F5D11C2E3246394628BF1C2207
S3150000AE1004F1200007F054FD022384F858306368DB
S3150000AE20022B0CD12A4601214046FFF759FB18B1E7
S3150000AE30FEF7D8FB0560C3E7042384F858300020EA
S3150000AE40BDE8F081FEF7CEFB3023B8E734160100EB
S3150000AE50024B01461868F7F7DCB800BF2016010060
S3150000AE602DE9F0410024104E104F0546A0463378D8
S3150000AE70A34202D80020BDE8F0813A6812F83410E7
S3150000AE80E00002EBC40319B1596819B102F8008059
S3150000AE900134ECE75D805B7801219940044B18682A
S3150000AEA0F7F7B7F8F4E700BF2816010024160100EB
S3150000AEB01C16010038B51D464368022B044604D112
S3150000AEC090F85830013B012B01D9002038BDD0F84D
S3150000AED060319B0405D51C2A28BF1C223C3007F094
S3150000AEE0EFFC002201212846FFF7FAFA0028EDD1EF
S3150000AEF0042384F85830E8E710B5F6F787FE0446D1
S3150000AF00F7F71BF820B92046F6F784FE002010BD9F
S3150000AF1004480378FF2BF6D1F6F79CFE0028F2D002
S3150000AF20F5E700BFF70C00002DE9F04F044695B099
S3150000AF303022002108A807F0ABFBA37ADB438DF88B
S3150000AF402630E37A8DF8243094F8323003F0030289
S3150000AF50012A08BF8DF827201B0744BF03238DF85D
S3150000AF602530237C03F0F003502B01D0802B5FD1DA
S3150000AF702688242E5CD9236ACDF84A30243EA38C39
S3150000AF80DFF84892DFF848A2DFF848B2ADF84E3055
S3150000AF90B6B234342778302F64D0DD2F00F0E0804D
S3150000AFA05FB96578A11C2A460AA807F089FC05F155
S3150000AFB050030DEB030505F8287C6278C2F57F4344
S3150000AFC0FE3333449EB20232022E1444E2D8DFF836
S3150000AFD00892D9F800804446A4B9302006F01AFB3E
S3150000AFE009AE0746051D0FCE0FC50FCE0FC596E855
S3150000AFF0070085E807003C60B8F1000F1DD1C9F8CD
S3150000B000007015E0062204F12A010DF14A0007F04E
S3150000B01015FB80B90AAA083412AD134603CBAB421E
S3150000B020206061601A4604F10804F6D11B8823806B
S3150000B03015B0BDE8F08F2468CEE7BA7998F80630E7
S3150000B040934207D9C7F80080002CD8D02760EFE7D5
S3150000B0509846F3E7D8F800304446002BF8D1C8F8F4
S3150000B0600070E5E70523B4F808808DF8253004F173
S3150000B0700A0303EB880533F82830059399F8023064
S3150000B0808DF81E30A379029363790193B9F80020F5
S3150000B09023794A48ADF81C200093524640F27D13AE
S3150000B0A05946F8F7DDFD4648CDF800805246594628
S3150000B0B04FF4BF73F8F7D4FD032207A9201D07F04C
S3150000B0C0BDFA00287FF479AF02238DF82530059B61
S3150000B0D06A7905EB83018D4216D1012A04BF052347
S3150000B0E08DF82530810305D582070CBF09230A2375
S3150000B0F08DF82530C3037FF560AF324B03406BBB41
S3150000B10007238DF8253058E7EB78AF781B0443EA20
S3150000B11007632F79134343EA0723A3F57A236FF4D2
S3150000B12040673B44082B08D8DFE803F0050907070A
S3150000B1300C0F0712150040F003000435CBE740F072
S3150000B1400C00FAE740F40030F7E740F48020F4E71B
S3150000B15040F48030F1E740F48010EEE70823D0E7B2
S3150000B160194B1A88ADF81C209B788DF81E300322E7
S3150000B17007A9A01C07F062FA00287FF41EAF6379C6
S3150000B180012B7FF41AAF9DF8253013B1032B7FF402
S3150000B19014AF0123617B8DF8253004F10E0303EB18
S3150000B1A0810233F82130002B3FF407AF02EB830313
S3150000B1B05B78012B7FF401AF0423A2E7258D2108DC
S3150000B1C0498D2108080004003E8E21083B8E210887
S3150000B1D0238E21089E8C21088416010038B5054C63
S3150000B1E0206808B9206038BD056806F01BFA2846B5
S3150000B1F0F7E700BF8416010030B5034600B900BE6C
S3150000B200064C04F14005224603CAAA42186059605A
S3150000B210144603F10803F6D130BD00BF44180100FF
S3150000B220044B1B7803F0FF011BB90348442207F0C7
S3150000B2302FBA70474018010044180100014B1870DE
S3150000B240704700BFD1160100014B1878704700BF48
S3150000B250D116010030B1044B02781A7042785A7048
S3150000B2600020704722207047CD160100074B82B0A0
S3150000B2701B88ADF804309DF80430002063F3070006
S3150000B2809DF8053063F30F2002B07047F50C0000FF
S3150000B290024B1F221A705A70704700BFF50C00004F
S3150000B2A00A4B186802460346D2B2002062F3070032
S3150000B2B0C3F3072262F30F20C3F3074262F317407A
S3150000B2C01B0E82B063F31F6002B07047CD160100FB
S3150000B2D0014B1870704700BFF40C0000014B187842
S3150000B2E0704700BFF40C0000014B1880704700BF88
S3150000B2F088160100002979D1712821D8672809D834
S3150000B30014283AD014D803285FD013282ED04FF033
S3150000B310FF3070476838092800F29880DFE800F0AF
S3150000B3205E9626969696969605485348002170474F
S3150000B3303D28ECD1084640F4003040F00B00704741
S3150000B340C3282CD00AD8A2284AD0C2281ED08828C2
S3150000B3500CBF4FF004104FF0FF307047F12841D07A
S3150000B360F428D4D1084640F0050070470020DDE7F8
S3150000B3704FF000404FF0FF317047084640F00100A3
S3150000B38070474FF000404FF0FF31F7E7084640F0B6
S3150000B390080070474FF000404FF0FF31F7E70846CE
S3150000B3A040F00A0070474FF000404FF0FF31F7E7DA
S3150000B3B00920BBE7080440F0090041F3C03170479B
S3150000B3C04FF000404FF0FF31B5E7084640F48030BB
S3150000B3D0B3E74FF000404FF0FF31F7E72748A5E706
S3150000B3E027487047274870472748C3E7712830D851
S3150000B3F067280FD81428C4D026D80328E9D01328E4
S3150000B40008BF4FF0004016BF4FF0FF304FF0FF313E
S3150000B410002170476838092818D801A353F820F08E
S3150000B420E9C320084DC4200871C320084DC4200874
S3150000B4304DC420084DC420084DC420084DC4200822
S3150000B440E9C32008B5C320083D28B9D04FF0FF3026
S3150000B4506CE7C328A7D006D8A228C5D0C22899D0A1
S3150000B46088280948CFE7F128BED0F428EED14FF05E
S3150000B47000404FF0FF3176E70400050004000300AA
S3150000B48004000200040001000400008020B1034B08
S3150000B4901B7803700020704722207047CC160100ED
S3150000B4A0014B00221A707047CC16010030B50446D5
S3150000B4B060B10FCC064D0FC50FCC0FC50FCC0FC515
S3150000B4C094E80F0085E80F00002030BD2220FCE73D
S3150000B4D08C16010008B540220021024807F0D8F872
S3150000B4E008BD00BF8C16010004280CD8DFE800F068
S3150000B4F009030B07090000230B7000207047012386
S3150000B500FAE70223F8E70F2070470000F0B5254C54
S3150000B51025488BB04FF4AA72002107F0B9F82068CD
S3150000B52010B9F6F760FD2060204C206810B9F6F7D8
S3150000B5305AFD20601E4D05F0EDF92C688CB92022CD
S3150000B540214602A807F0A4F81A4B01934FF4C062F3
S3150000B5503123CDE90623184801AA2146F6F798FCBF
S3150000B56028600026104C35460127C4E90055C4E979
S3150000B5700255C4E904550020F6F7EDFD07FA06F377
S3150000B5800136052EA061E36184F8407004F144049D
S3150000B590EBD10A4C206810B9F6F7DDFD20600020DB
S3150000B5A00BB0F0BD38180100DC160100341801009C
S3150000B5B03C180100768D2108751821083018010005
S3150000B5C070B5154C05F0C8F9206818B1F6F7E3FC1C
S3150000B5D000232360114C206818B1F6F7AAFD00235A
S3150000B5E023600F4C206818B1F6F7A3FD00232360F3
S3150000B5F00C4D05240026A869F6F731FE013CAE6124
S3150000B60085F8406005F14405F5D1074D2868F6F741
S3150000B61026FE2C60204670BD3C180100381801003B
S3150000B62034180100DC1601003018010010B504467C
S3150000B630F6F722FC001B10BD024B01461868F6F710
S3150000B640E8BC00BF3818010008B500F06FFC002008
S3150000B65008BD01F031BA0000F8B50546B0B1F6F7FD
S3150000B660DEFA2C6806465CB9094A1368C5E9004447
S3150000B67023F4005330461360F6F7D7FA2046F8BD98
S3150000B68027682046FEF7C0F83C46ECE70120F6E7BF
S3150000B690B41B01000023C0E90D3380F82130438438
S3150000B6A0C36170472DE9F04114469279DDF81880A0
S3150000B6B00D46D10707461FD5238112F002064FF02B
S3150000B6C000032B6004D1206810B1FEF79DF82660B8
S3150000B6D06669F6F7D1FB2369801B834209D307F11C
S3150000B6E00800294600F022FC4046BDE8F041FFF77D
S3150000B6F0A3BFA3799B0702D52068FEF785F82846E5
S3150000B700BDE8F041FEF780B82DE9F74F056804461D
S3150000B7100F46914698464FF0000A2DB923685BB351
S3150000B720002003B0BDE8F08F002211462846FEF740
S3150000B7305FF8064638B3B8F1000F04D1D5F800B06B
S3150000B740AA465D46E9E70C990068C0470028F5D08F
S3150000B750D5F800B000974B46324629462046FFF7FB
S3150000B760A1FF2368AB42636808BFC4F800B0AB42D0
S3150000B77008BFC4F804A0E3E7044A6560136823EA37
S3150000B78007031360CCE70E20CBE700BFC01B010008
S3150000B7902DE9F0411D4690F8323016469A070446C8
S3150000B7A00F4602D43046FEF72FF8D4F83480F6F769
S3150000B7B063FBA36BA0EB0800834211D304F10800DE
S3150000B7C0394600F0B3FB2846FFF736FF0A4A1368EE
S3150000B7D0204623EA0503BDE8F0411360FFF75ABF90
S3150000B7E03846FEF711F894F832309B07EED530460E
S3150000B7F0FEF70AF8EAE700BFB01B01002DE9F041A9
S3150000B80086B01E4601920023CDE90333C36B009335
S3150000B81090F83230028E0546884604A803A903F044
S3150000B820DDFF044660B905904FF47A7310220121BA
S3150000B83005A8FDF791FF044630B10398FDF7E4FF34
S3150000B840204606B0BDE8F081024601460598FDF7A0
S3150000B850CFFFDDE904236F8C136047807EB9059A1C
S3150000B860039943462846FFF793FF1C2FE8D80A4B57
S3150000B870FB40DB0742BF094B00221A70E0E70C9938
S3150000B8801846B0470028EAD10398FDF7BDFF059892
S3150000B890FDF7BAFFE9E700BF00002110A81B010071
S3150000B8A02DE9F347DDF828A0054699460F46904650
S3150000B8B0F6F7B5F9104B9D42064613D095F82130A0
S3150000B8C083B1CDF800A04B46424639462846FFF7DD
S3150000B8D095FF044630B13046F6F7A7F9204602B088
S3150000B8E0BDE8F087CDF800A04B46424639462846CB
S3150000B8F0FFF70AFF0446EEE7A81701002DE9F3411A
S3150000B90000240D4D06460127A046032C04BF04243F
S3150000B9104435611D2846CDF800800023324607FADB
S3150000B92001F10134FFF7BCFF052C05F14405ECD10C
S3150000B930002002B0BDE8F081DC16010073B50446B4
S3150000B94000680D46FDF760FF0023019318224FF4AF
S3150000B9507A73012101A8FDF7FFFE38B10B4A0C49A5
S3150000B9600C4840F2E753F8F77BF900BE0026019831
S3150000B9702060268132463146FDF73AFF2B68038266
S3150000B9806B8C8681C38202B070BD00BF0A8E21080F
S3150000B9909E8C21080787210870B5154600220446AB
S3150000B9A00E4600681146FDF723FF38B186812168EF
S3150000B9B005F5EC70BDE8704000F0B8BA70BD70B522
S3150000B9C00D46432D049E11461C4606D06B2D07D10D
S3150000B9D0BDE870401A46FFF7DFBF1946FFF7AEFF16
S3150000B9E0314604F5CA70BDE8704000F09FBA10B544
S3150000B9F083799B070C4602D50068FDF705FF2046B4
S3150000BA00BDE81040FDF700BF2DE9F743DDF82880BB
S3150000BA10D0F8149004461D460E461746F6F72CFA43
S3150000BA202369A0EB090083420FD32B462046CDF8AD
S3150000BA3000803A463146FFF7C2FFAB6801209840C6
S3150000BA4003B0BDE8F043FFF703BA4146204603B012
S3150000BA50BDE8F043FFF7CBBF2DE9F047002386B0E2
S3150000BA60CDE903330E46FEF7B1FB0446002800F08D
S3150000BA70D080F6F7D4F894F8AD310746002B6FD096
S3150000BA8094F8BE31DA076BD5B4F8BC210196D4F828
S3150000BA90C811009104A803A903F0A0FE054618B139
S3150000BAA03846F6F7C2F889E0049B9B799B072DD5AB
S3150000BAB0B4F8AE310590432B14BF102218224FF470
S3150000BAC07A73012105A8FDF747FE38B1524A53495A
S3150000BAD0534840F26663F8F7C3F800BE00221146E9
S3150000BAE00598FDF785FEDDE904318681B4F8AE21BF
S3150000BAF0039D428019606D7A4D72432A06D1002259
S3150000BB0082811A8123680382638CC382D4F8C05170
S3150000BB10F6F7B2F9D4F8C431401B834237D3B4F8F0
S3150000BB20AE316B2B2DD1049B04F5EC70196800F037
S3150000BB30FDF90398FDF768FEA36801209840FFF71A
S3150000BB4087F93849A0680B78012282401343DBB29B
S3150000BB500B700023C4E9703384F8AD31A4F8AE311C
S3150000BB60D4F88C514FF000080395DDB92E49A06832
S3150000BB700B680122824023EA0203C4E963550B6085
S3150000BB808EE7039904F5CA7000F0D0F9D4E7049B58
S3150000BB909A79900702D51868FDF736FE0398FDF7E7
S3150000BBA033FECEE7002211462846FDF721FE034666
S3150000BBB0049038B93846F6F738F80E25284606B008
S3150000BBC0BDE8F0879979039A00681568C9071AD500
S3150000BBD01E81C2F80080FEF7CBFB049A937913F01E
S3150000BBE00209824606D1106820B1FDF70DFE049BBE
S3150000BBF0C3F80090039B00930498234632465146AF
S3150000BC00FFF702FFB0E7FDF7FFFD0398FDF7FCFD28
S3150000BC10AAE70125D2E700BFD08D21089E8C210816
S3150000BC2007872108AC1B0100BC1B0100F8B50B4FB0
S3150000BC3005460E46002457F8043B23B90134142C5C
S3150000BC40F9D10020F8BDDB7EB342F7D12946E0B238
S3150000BC50FFF702FF0028F1D0F4E700BF3416010019
S3150000BC60F8B5FEF7B3FA0546D0B1F5F7D8FFD5F823
S3150000BC70D041064674B90B49A8680B680122824078
S3150000BC8023EA02033046C5E974440B60F5F7CDFF9D
S3150000BC902046F8BD27682046FDF7B6FD3C46E9E795
S3150000BCA00120F6E7B81B010070B50A4E05460024D0
S3150000BCB056F8043B23B90134142CF9D1002070BD89
S3150000BCC0DB7EAB42F7D1E0B2FFF7CAFF0028F2D025
S3150000BCD0F5E700BF341601000068003818BF0120E0
S3150000BCE07047000008B50B4601460548002200686B
S3150000BCF0F6F7EBF9C31C012B98BF002008BD00BF67
S3150000BD003818010008B5FDF785FC6420F6F75DF9E3
S3150000BD10FDF781FC6420F6F758F9002008BD000005
S3150000BD20014B1870704700BFD2160100014B187006
S3150000BD30704700BF41180100014B1878704700BFDB
S3150000BD40981801002DE9F0479A460368054688468B
S3150000BD5091464BB94368002B2FD0194B194A1A4804
S3150000BD6040F61E0105F018FCF5F759FF2C6806464B
S3150000BD70002724B93046F5F758FF2D2013E0414639
S3150000BD802046C84710B927462468F2E7CAF800409B
S3150000BD902B68A34209D123682B6003B96B60304638
S3150000BDA0F5F743FF0020BDE8F0876B68A34212BF9A
S3150000BDB023686F6000233B60F1E71B20F3E700BFB9
S3150000BDC08B8D21089F8D21089E8C210837B54FF455
S3150000BDD08C7314460D460193043201AB214601F0E3
S3150000BDE0CBFB28B920682DB9012894BF002001207B
S3150000BDF003B030BD281A18BF0120F9E7407A0A7847
S3150000BE00131A5842584170472DE9F04F85B0054640
S3150000BE10ADF806300F9BDDF838800C461646002B31
S3150000BE204DD000284BD0002949D0F6F725F8DFF889
S3150000BE309CA0002307460393434534BFA8EB0303A6
S3150000BE400023022231462046F6F73FF90330012847
S3150000BE5038D9F5F7E4FE03AB834652460DF10601E9
S3150000BE602846FFF76FFF814688B92846FFF734FF5B
S3150000BE7018B931462046F6F7FDF85846F5F7D5FECF
S3150000BE800F9B039A1A60484605B0BDE8F08F1B2841
S3150000BE900BD131462046F6F7EDF85846F5F7C5FEC4
S3150000BEA03846FFF7C3FB0346C6E75846F5F7BDFE1F
S3150000BEB0B9F12D0FF4D10220F6F787F8F0E74FF02D
S3150000BEC02209E0E74FF00709DDE700BFFDCD2008B6
S3150000BED073B50D4602210646FDF73EFC044630B911
S3150000BEE001460DF106023068FDF782FC2860204607
S3150000BEF002B070BD014B1888704700BFFA0C0000F5
S3150000BF0051B1C20704D5074B1B780B700020704750
S3150000BF10830703D5044BF7E72220704740F63630F7
S3150000BF20704700BF040D0000050D000038B504463B
S3150000BF300D46F5F774FE636873B9236833B1074B92
S3150000BF40074A084840F6042105F026FB256065608F
S3150000BF50BDE83840F5F769BE1D60F8E7418E210857
S3150000BF60158F2108558E21082DE9F04F89B01D4601
S3150000BF7000230493ADF80E3081460E4617464FF463
S3150000BF807A73182204A905A8DDF84C80FFF7A0FFF4
S3150000BF90044618B13846FDF737FC3DE0002D3FD08A
S3150000BFA0B8F1000F3ED06B0F03F0020343F001031C
S3150000BFB0B9F11C0F06D8524A22FA09F2D20748BF35
S3150000BFC043F00803049C4F4AA371925D129BE36001
S3150000BFD0227127606671F5F74FFF002DACBF25F083
S3150000BFE080434FF0FF33236160614FF0440A464CB3
S3150000BFF00AFB06FA04EB0A09F5F711FE99F8403038
S3150000C00083468BB93846FDF7FFFB0598FDF7FCFB29
S3150000C0105846F5F70AFE1124204609B0BDE8F08F10
S3150000C0202B46C5E70123C3E7384A13787B72591CB0
S3150000C030117005998DF80D304B7200230B60484640
S3150000C040FFF774FF324A01201368B04003431360C0
S3150000C050FFF7F2FA5846F5F7E8FD002D4DD0ACBFD4
S3150000C06025F080454FF0FF3506ABCDE90053294951
S3150000C0709DF80D30096805360AF1080001222044B2
S3150000C080B240FFF7C1FE0728044612D1224A07AB89
S3150000C0900DF10D014846FFF755FE02460028BBD1BB
S3150000C0A001460798FDF7A4FB0068FDF7ADFB07986E
S3150000C0B071E70028B0D1069E01460DF10E0230460A
S3150000C0C0FDF796FB0589B8F1000F0FD00368C8F895
S3150000C0D000303046FDF798FB0DB145F480340F4B28
S3150000C0E0224619780020F5F7C3FD95E783799B076B
S3150000C0F0EFD50068FDF788FBEBE705248CE700BF6A
S3150000C10000002110368F2108DC16010042180100BC
S3150000C110C01B010038180100FDCD2008F70C0000F7
S3150000C1202DE9FF411C460646884617464FF47A73AA
S3150000C13004F1100203A902A8FFF7CAFE08BB039D7B
S3150000C14001461022284606F0A3FA2FB122463946A8
S3150000C15005F1100006F0B4FB102E08BF6B696E8067
S3150000C16004BF43F480336B61C4F30B040C9B2C8037
S3150000C17001930B9B0093029A0A9B41463046FFF7B8
S3150000C180F3FE04B0BDE8F08170B40429DDE903458F
S3150000C190059E05D8CDE90456039470BCFFF7C0BFD1
S3150000C1A0272070BC7047000030B5364D2B7885B01F
S3150000C1B0002B64D00023344A0092CDE901331A469D
S3150000C1C019461C20FFF7ACFF0446002854D1062070
S3150000C1D0FCF732FEFFF7F4F9044600284CD1FDF7D0
S3150000C1E017FA0446002847D140F62830FFF786FBA9
S3150000C1F02648FFF731FA214640F62830FFF716FDAC
S3150000C2002046FFF751FD012140F62830FFF70EFDCD
S3150000C2100120FFF749FD21462046FDF77FFF044632
S3150000C22050BB01460120FDF779FF044620BBFDF710
S3150000C2304DFF044600BB164BD3F86C21920706D57A
S3150000C2400222C3F87021134B1868FDF7DDFAFDF7DB
S3150000C25043FA044680B9FDF7E0F9FFF753FD0446BB
S3150000C26050B90D4B287018600C4B4FF6FF721A80B0
S3150000C2700B4B1860C3F80300204605B030BD1124EF
S3150000C280FAE700BF9818010030750040D416010087
S3150000C29000800046C81501009C180100FA0C000039
S3150000C2A09118010070B588B005468DF81710002169
S3150000C2B0079158B3174B1B7853B307ABCDE901135E
S3150000C2C0154B00930DF117020123A020FFF728FF5D
S3150000C2D0079E044650B9024601463046FDF788FAE5
S3150000C2E0028842B93046FDF78FFA01E0002EF9D1F7
S3150000C2F0204608B070BD9DF817300BB1012BF1D167
S3150000C30000F11001284606F0DBFAEBE72224EFE7FE
S3150000C3101124EDE798180100983A00402DE9F04FF6
S3150000C320ADF21C6D81468A461746002140F2FE5248
S3150000C33006A8984606F0ACF9214B1B78002B3DD099
S3150000C34000264446B34640F2FE52002106A806F0F7
S3150000C3509FF984B340F2F1439C4299BFA5B20023F2
S3150000C360012340F2F2453FB12A46B9190DF19E006C
S3150000C370059306F0A5FA059B8DF81B3040F6B833F9
S3150000C3800093CDE901BB05F1860306AA01214D20E4
S3150000C3902E44641BADF818808DF81A908DF81EA0F7
S3150000C3A0ADF81C50FFF7BCFE08B9002CCBD10DF23E
S3150000C3B01C6DBDE8F08F23462546DDE71120F6E724
S3150000C3C09818010030B5092899B00C46154643D88F
S3150000C3D0012101FA00F240F2851313402AD112F42A
S3150000C3E0107F39D0092810D1CDE90133ADF81230CC
S3150000C3F040F6B833009304AA04231D208DF81010CC
S3150000C4008DF81150FFF78CFE38BB5022002104A88E
S3150000C41006F03EF901238DF81030072D00F26A81EF
S3150000C420DFE815F01D001D007700B5006801DE008D
S3150000C430090145010023CDE90133ADF8123040F67C
S3150000C440B83300938DF810108DF81150042304AA08
S3150000C4501D20FFF765FE00B9002019B030BDA64DBE
S3150000C46004BB452221460DF11B0006F011F92B886D
S3150000C470ADF81130AB788DF81330012305938DF8A4
S3150000C48018300B238DF819301E238DF81A3000232F
S3150000C490CDE9013340F6B833009304AA50230121B5
S3150000C4A0BD20D6E7392200210DF1270006F0F0F86D
S3150000C4B02B88ADF8113024221021AB788DF8182086
S3150000C4C08DF81A10042234218DF813308DF81920B6
S3150000C4D005238DF81B108DF81C2064211722059367
S3150000C4E08DF81D208DF81E108DF81F3084218DF8D3
S3150000C4F020208DF821108DF82320032195228DF818
S3150000C50025308DF822108DF824201D238DF8263035
S3150000C510BDE77A4DA4B9452221460DF11B0006F070
S3150000C520B7F82B88ADF81130AB788DF813300123AE
S3150000C53005938DF818300D238DF819301423A4E7D0
S3150000C5404022002108A806F0A3F82B88ADF8113088
S3150000C550AB788DF8133003230593042224238DF83A
S3150000C56018308DF8192017238DF81A308DF81D30E4
S3150000C57064238DF81E300B2334218DF81F301E23C3
S3150000C5808DF81B108DF81C208DF820307FE75C4D50
S3150000C5908CB9452221460DF11B0006F079F82B884F
S3150000C5A0ADF81130AB788DF81330012305938DF873
S3150000C5B018300E23C0E74022002108A806F068F8CC
S3150000C5C02B88ADF81130AB788DF813300323059323
S3150000C5D0042224238DF818308DF819201423C3E77C
S3150000C5E0484DA4B9452221460DF11B0006F050F82E
S3150000C5F02B88ADF81130AB788DF8133001230593F5
S3150000C6008DF818300D238DF8193017233DE72B8848
S3150000C610ADF81130AB788DF813303B4B3B49042213
S3150000C620CDE905233A4B3C22CDE9071309A80021A1
S3150000C63006F02EF82BE7374DA4B9452221460DF119
S3150000C6401B0006F025F82B88ADF81130AB788DF875
S3150000C6501330012305938DF818300D238DF819300A
S3150000C6601B2312E7392200210DF1270006F010F8EE
S3150000C6702B88ADF811301022AB788DF813308DF879
S3150000C6801A202423342205218DF818308DF81B201A
S3150000C69004231722642005918DF819308DF81C307B
S3150000C6A08DF81D208DF81E008DF81F101EE71A4DFF
S3150000C6B04522002C3FF430AF00210DF11B0005F0A0
S3150000C6C0E7FF2B88ADF81130AB788DF813300223D5
S3150000C6D0059324238DF8183009238DF81930142377
S3150000C6E08DF81A3095238DF8243005238DF82530E2
S3150000C6F021230BE70F20B0E6DD8E2108E18E21080D
S3150000C700E58E2108E98E2108240417340414640BED
S3150000C71014950517ED8E2108F18E21087FB50328A3
S3150000C7204FF000030A46059312D8012101FA00F0E2
S3150000C730CDE9013347F294530490ADF814200093E9
S3150000C74004AA0823EA20FFF7EBFC07B05DF804FB18
S3150000C7502120FAE730B5002387B0CDE9013340F652
S3150000C760B83300930123044600F10802194611204C
S3150000C770FFF7D6FC70B9A389062B0DD1002340F62E
S3150000C780B8320092CDE901331A4601211220FFF793
S3150000C790C7FC50B307B030BD214D29884FF6FF7353
S3150000C7A099421CD169884FF6FF73994204D0002044
S3150000C7B0FFF7B4FF0028EDD1A9884FF6FF73994221
S3150000C7C004D00220FFF7AAFF0028E3D1E988002958
S3150000C7D0D4D00320FFF7A2FF0028CFD0DAE701204C
S3150000C7E0FFF79CFF0028DDD0D4E7627A082A0FD134
S3150000C7F00C4B186805900023CDE9013340F6B83399
S3150000C800009305AA04230121BE20FFF789FCC1E796
S3150000C810217AA089FFF7D6FD0028E9D0BAE700BF44
S3150000C820060D00007C8F21082DE9F0438BB0002314
S3150000C830CDE904330693C38990F80080012B0546A1
S3150000C84000F0138180892A7A8C4F062814BF0123B1
S3150000C8500223012A3B701BD0022A03D02AB943F0D7
S3150000C860040301E043F00C033B70854B854E1960D1
S3150000C870337883B1844B1B88092B40F0F880092854
S3150000C88000F0D6804FF4366420460BB0BDE8F08346
S3150000C89043F00803E8E76A697C4B1340002B40F03D
S3150000C8A0E8807B48FCF7C4FE04460028ECD1794BAF
S3150000C8B00493794B059304A82B788DF81830FCF770
S3150000C8C0A2FE04460028DFD1FEF720FE044600281B
S3150000C8D0DAD1FFF717FA04460028D5D1FCF75AFC3F
S3150000C8E004460028D0D1DFF8CC9199F80030002B0F
S3150000C8F000F0A08095F838104046FCF7DBFB0446B4
S3150000C9000028C1D189F80000FEF7F6FA044600288F
S3150000C910BAD1FCF781FEFEF7E1FC50B141F2883155
S3150000C9202020FFF7DFF9830640F1A5802046FEF7B9
S3150000C930CFFC002140F6B8330093CDE9011128233E
S3150000C94005F10C021020FFF7EBFB044600289BD1F3
S3150000C950524B2A691A6047F29453CDE901000093BD
S3150000C96005F1340203230121C720FFF7D9FB044652
S3150000C970002889D14A4B93E80700EB8907AC84E885
S3150000C980070033B9AB69474A1A421CBF01238DF829
S3150000C9901C30AB89082B52D100230993002142F2A7
S3150000C9A0107300932246CDE901110C23C820FFF72E
S3150000C9B0B7FB044600287FF467AFE88C80F00100DF
S3150000C9C000F00100FEF73AFC686AC0F30330FDF799
S3150000C9D045FB6968002936D1EB890C2B06D0284621
S3150000C9E0FFF7B8FE044600287FF44EAFAB692E4A27
S3150000C9F0002B03DAEB6903F0C0431360106808B13B
S3150000CA00FCF7A6FB0123204A3370AB89138023F081
S3150000CA10020212B1083B012B05D82B7A022B19D141
S3150000CA20224B01225A71E889FEF75EFCFCF7E8FA10
S3150000CA30002429E7FCF7D4FCFCF7BAFB64E7072BD4
S3150000CA40ACD13323A9E7387800F078FA04460028F9
S3150000CA50C2D019E7012B02D1144A9370E3E7002BE9
S3150000CA60E1D1124B01221A70DDE70F240CE71224E4
S3150000CA700AE70E2408E70E4C06E700BF99180100E6
S3150000CA809C18010098180100FA0C0000280002000A
S3150000CA903C8F210801A6200805A620088818010059
S3150000CAA0808F2108100000018C18010091180100E8
S3150000CAB059600100F80C000038B504460D46F5F73C
S3150000CAC0AEF8236873B9636833B10D4B0D4A0E484F
S3150000CAD040F6132104F060FD2B601B24F5F7A5F842
S3150000CAE0204638BD2B60626893421CBF1B682360DA
S3150000CAF04FF0000208BFC4E900220024EEE700BFA1
S3150000CB008B8D2108F58E2108558E2108034B1B6855
S3150000CB100360034B1B684360704700BF000D0000B5
S3150000CB20FC0C0000437810B483B10378012B09D0C4
S3150000CB30022B03D1137843F06003137000205DF8D5
S3150000CB40044B7047137843F02003F6E70A2911D8FF
S3150000CB50012404FA01F111F0440F17D111F4A06F6A
S3150000CB600CD111F4207F05D0137843F060031370C5
S3150000CB70022303705DF8044BFEF76CBB137823F0B9
S3150000CB80600343F0200313700470F3E71378F8E7AB
S3150000CB90F0B5144685B00E46002975D002F1660739
S3150000CBA00128394645D1FFF7ABF9054600283DD1A6
S3150000CBB002A8FFF7ABFFA01CFEF768FC96F8202042
S3150000CBC0314604F1440005F07BFE96F8203084F8E7
S3150000CBD06930F38D6370FEF763FB617801903A4626
S3150000CBE001A8FFF79FFF054600BB96F83030042BDF
S3150000CBF002BF637863F07F036370002384F86E30AE
S3150000CC00029BC4F86A30039B84F86830D6F8263055
S3150000CC10C4F86F30738DA4F87330FEF727FBC0F3AA
S3150000CC200720800060F07F00E0700025284605B0F0
S3150000CC30F0BD0220FFF764F905460028F6D1A01CD6
S3150000CC40FEF724FC96F82020314604F1440005F056
S3150000CC5037FE96F8203084F86930738C637084F858
S3150000CC606E50FEF71DFB617802903A4602A8FFF768
S3150000CC7059FF05460028D9D1FFF73CF9092804BF1A
S3150000CC80012384F86E30C8E72225CFE713B5114695
S3150000CC90FFF7CAFD044650B9012101A8FFF702FBC0
S3150000CCA0BDF804301BB9FBF713FAFBF709FA204667
S3150000CCB002B010BD73B505460C4616460021322259
S3150000CCC0204605F0E5FC95F82020C2B12946201D36
S3150000CCD005F0F6FD16F0050F02D02B8F03B1A385E4
S3150000CCE016F0090F03D0EB6B0BB1C4F82E30FEF72C
S3150000CCF0BDFAC00084F82B00002002B070BD2120D0
S3150000CD00FBE70000F0B50C46CDB005464FF4AB721C
S3150000CD100021204605F0BCFC222384F8403084F82C
S3150000CD208030686B05AA0321FFF750F8002840F011
S3150000CD30A48006AA04F1410314AF164603CEBE42F0
S3150000CD4018605960324603F10803F6D1306818605E
S3150000CD50B188B2799A7199807F2216A904F181006F
S3150000CD6005F0AEFD40216018F4F764FF8021064609
S3150000CD706018F4F75FFF54FA86F354FA80F0222223
S3150000CD8083F8402080F88020002283F8412080F834
S3150000CD90812095F83030052B3CD14648F4F755FFF5
S3150000CDA01F2837D84348F4F750FF42490246204629
S3150000CDB005F086FD4048F4F748FF1F2808D83E488E
S3150000CDC0F4F743FF3C49024604F1200005F078FDE4
S3150000CDD04B9BC4F80031502136A8F4F72BFF10F016
S3150000CDE0FF0557D0502236A904F5827005F068FD7C
S3150000CDF06019222380F805310023CDE9013340F67E
S3150000CE00B833009322464FF4AB7301214C20FFF751
S3150000CE10BBF932E095F83030062B0AD12748F4F7F3
S3150000CE2014FF1F2805D82548F4F70FFF23490246AB
S3150000CE30BDE795F83030072B0AD12148F4F705FFF6
S3150000CE401F2805D81E48F4F700FF1D490246AEE725
S3150000CE5095F83030082B0AD11A48F4F7F6FE1F2849
S3150000CE6005D81848F4F7F1FE164902469FE795F8EB
S3150000CE703030092B03D040F661304DB0F0BD12487A
S3150000CE80F4F7E3FE1F28F6D80F48F4F7DEFE0E4946
S3150000CE9002468CE70D48F4F7D8FE5128ACD80B486B
S3150000CEA0F4F7D3FE0949024604F5827005F008FD41
S3150000CEB0A2E700BF8D8F2108A08F21088C8F210843
S3150000CEC0918F2108968F21089B8F2108388721088A
S3150000CED030B5E5B004466322002104A805F0D8FB6E
S3150000CEE04FF48E7200211DA805F0D2FB606B1DAABF
S3150000CEF00021FEF76BFFF8B91D9B002B14BF022320
S3150000CF0001238DF810301EAC0DF111022EAD234613
S3150000CF1003CBAB42106051601C4602F10802F6D109
S3150000CF200023CDE9013340F6B833009304AA632306
S3150000CF300121A520FFF728F965B030BD1FB50A46C7
S3150000CF4069B10023CDE9013340F6B83300930121DE
S3150000CF5006231720FFF718F905B05DF804FB222019
S3150000CF60FAE700002DE9F041ADF5087D00246E22B8
S3150000CF7007460D4607A82146DFF8AC81059405F063
S3150000CF8087FB7522214623A805F082FB4FF48E729B
S3150000CF90214641A805F07CFB98F8003005AE002B31
S3150000CFA06DD095F8202029460DF11E0005F088FC6D
S3150000CFB06B8C8DF84030B3B12146E86A41AAFEF782
S3150000CFC005FF0446002840F0888042AC0DF142027D
S3150000CFD00DF5A47C234603CB6345106051601C46C7
S3150000CFE002F10802F6D195F824000DF14101FEF791
S3150000CFF07BFA0446002870D16B8C073B9BB2012B51
S3150000D00008D895F83C309DF8412023F00F031343D0
S3150000D0108DF84130EB8CADF81C306B8EADF882305C
S3150000D0202B8FADF8843095F83A30ADF8883095F806
S3150000D030303023B18DF886306B6B8DF8873095F8DC
S3150000D0403B302BB19DF8863043F004038DF88630D3
S3150000D0500023CDE9013343F69823009307AA6E23F4
S3150000D06001212420FFF790F80446002835D195F8D1
S3150000D0703D309BB1294B069398F800300BB911242B
S3150000D0802BE047F29453CDE90100009306AA04234E
S3150000D09001216D20FFF778F80446F0B923AA294646
S3150000D0A00220FFF775FD0446B8B91D4B0093CDE984
S3150000D0B00106752323AA01211420FFF765F804460B
S3150000D0C080B9024601463068FCF792FB037C472B89
S3150000D0D00ED03068FCF798FB0E2420460DF5087D2F
S3150000D0E0BDE8F08130680028F7D0FCF78DFBF4E747
S3150000D0F02846FEF7DBF90E2F04D10A4B01229A715E
S3150000D1003068F2E70A2F03D1064B0122DA70F7E7FF
S3150000D110062F02BF034B01225A70F1E701003201CC
S3150000D120983A0040911801009818010030B5104B4C
S3150000D1301B7891B00446C3B140220021684605F031
S3150000D140A7FA6846FEF758F80EAD6A462346144617
S3150000D15003CCAC4218605960224603F10803F6D1AD
S3150000D16020681860002011B030BD1120FBE700BF19
S3150000D170981801000C4B10B500241C70FEF750F8EF
S3150000D180FEF786F8FEF7A6F9FEF78AF92146102281
S3150000D190064805F07DFAFFF707F80446FEF71EF885
S3150000D1A0FCF70CFD204610BD90180100A0180100E8
S3150000D1B00F280DD878B101380E280BD8DFE800F01B
S3150000D1C00C170A3220230A3726290A3C2C2F3F0047
S3150000D1D0802840D000207047204B1A78002A38D18A
S3150000D1E09A78002A35D1587900F0010070471B4B18
S3150000D1F05A78002A2DD1DA78002A2AD19879F3E7CD
S3150000D200164B18787047154B58787047134B98781B
S3150000D2107047124BD8787047104B587970470F4BB0
S3150000D220987970470D4B1A789AB95878DCE70B4B0A
S3150000D2309A7872B9D878D7E7084B5A79DCE7074B62
S3150000D2409A7832B9DA7822B91A7812B95A78002A55
S3150000D250F3D00120C8E7014B1879704791180100F7
S3150000D260F0B5544B1B7893B006460D461446002B7A
S3150000D27000F09A80FFF79CFF002800F0978027783F
S3150000D280082F6DD03222002105A805F001FA2DB134
S3150000D29095F82020294606A805F012FB730718D535
S3150000D2A0A3894FF6FF72934213D0ADF8403083B195
S3150000D2B05A1E1A420DD1012B09D0012210460E2A00
S3150000D2C007D0511C00FA02F2934240D1CBB28DF83E
S3150000D2D01430012F02BF9DF83D3063F07F038DF8B7
S3150000D2E03D3094F830302BB19DF83D3043F040038B
S3150000D2F08DF83D30FDF7BAFFC00000F0F8008DF85C
S3150000D3003F0035B19DF814301BB140F001008DF897
S3150000D3103F00294B19894B1E9BB24FF6FD72934273
S3150000D32017D92378022B05D19DF83F3043F002032D
S3150000D3308DF83F30FDF752FF0023CDE9013300930E
S3150000D34005AA322301211320FEF71EFF06E00A4636
S3150000D350B5E70120FFF7E2F90028E2D013B0F0BDEF
S3150000D360154BA068ADF81C0058681C7BADF81A0078
S3150000D3701868ADF816405C89ADF8204000221C897B
S3150000D3805B7B8DF8232040420121CDE90122ADF8D7
S3150000D39018008DF822300092ADF81410ADF81E403A
S3150000D3A0102305AA6A20CFE71120D7E740F64430BC
S3150000D3B0D4E700BF98180100A0180100F0B5ADF53C
S3150000D3C0077D04AE00233360514B1B7804460D469F
S3150000D3D01746002B00F0958083073BD4FFF7E8FE45
S3150000D3E0002800F09080002900F09080224605A9D0
S3150000D3F02846FFF75FFC044698B9464B19894FF655
S3150000D400FF73994211D10023CDE901334EF6602313
S3150000D410009305AA322301211320FEF7B5FE044628
S3150000D42050B120460DF5077DF0BD0120FFF776F9D6
S3150000D43004460028E7D0F4E7EB8D1A1F012A0BD922
S3150000D4405A1E092A44D8DFE802F03F3F0543433F0E
S3150000D4503F3F07070F24E4E730A92846FFF752FCB1
S3150000D46004460028DDD17522002112A805F010F926
S3150000D47012AA29460120FFF78BFB04460028D0D1CB
S3150000D4805FB347F080430022CDE900320296752350
S3150000D49012AA01211420FEF777FE0546FFB100B35C
S3150000D4A0306808B1FCF7B0F9002340F6B8320092B4
S3150000D4B0CDE901331A4601211220FEF765FE044626
S3150000D4C00028AED12C46ACE72846FFF701FDC7E79A
S3150000D4D0002BC8D040F64834A3E73B46D3E70028E4
S3150000D4E0F0D1002230681146FCF782F9037C3068DF
S3150000D4F0432B03D0FCF788F90E2492E7FCF784F956
S3150000D5008FE711248DE740F644348AE7222488E722
S3150000D51098180100A01801000D282DE9F0470646CD
S3150000D520884617461D4620D8FAB1F3B1DFF844A065
S3150000D5305AF8200008B104F075F805F108094846C4
S3150000D54004F068F84AF82600044680B14A460021ED
S3150000D55005F09EF8C4F80080A580AAB23946A01D41
S3150000D56005F0AEF90020BDE8F0872120FBE7192081
S3150000D570F9E700BFB018010070B504460D2C0D4642
S3150000D580104611D882B11E6876B10A4A52F82410A4
S3150000D59061B18A8896420BD351F8064B2C601A600B
S3150000D5A005F08EF9002070BD2120FCE72D20FAE75A
S3150000D5B00120F8E7B01801000C2870B541DD284BB2
S3150000D5C020F480229A4244D020F4003403F54033FC
S3150000D5D09C423ED020F4803103F5C023994238D0D6
S3150000D5E0204DC21700239A4208BFA84231D005F544
S3150000D5F040359A4208BFA8422BD020F4403605F5A4
S3150000D6008035AE4225D005F580259A4208BFA8424E
S3150000D6101FD0154DAC421ED0144C9A4208BFA042F2
S3150000D62019D0B1F1041F16D011499A4208BF884299
S3150000D63013D001F580319A4208BF88420DD00020F0
S3150000D64006E020F000400B28F9DC0A4B03EBC00093
S3150000D65070BD0920F9E70420F7E70B20F5E700BFC6
S3150000D6600900010009000C0004000100040002008A
S3150000D6700B000100E818010038B50D461446FFF707
S3150000D6809BFF18B1C0E90054002038BD0120FCE71B
S3150000D6902DE9F0418AB007460E461446FFF78CFF87
S3150000D6A0054630B3006820B3002220461146FCF739
S3150000D6B09FF8B7F1004F76F1000304462AD3B0F87D
S3150000D6C00C80B8F1000F01D048F48038344B424644
S3150000D6D019780020F4F7CCFA6388CDF81480142B5F
S3150000D6E00AD06B6800932C68002305AA3846314699
S3150000D6F0A0470AB0BDE8F081002340F6B832009298
S3150000D700CDE901331A4601211220FEF73DFD00281E
S3150000D710E7D0EEE7234B0022964208BF9F42D5E9A9
S3150000D720008110D1C37B07920593037C0693037D8A
S3150000D7308DF81C3083691B4808930091134605AA8F
S3150000D7400021C047D5E703881748964208BF87429D
S3150000D7501DD1CDE9052207922279E069C3F30B03B7
S3150000D7609B1A089304F1100313440993227C8DF845
S3150000D7701820628A0792C20204D41B79DB075CBFB9
S3150000D7800323059308480091002305AAD8E70091D2
S3150000D79023B104F1100238463146D2E71A46FAE7B9
S3150000D7A0F70C00000B0002000B00010008B5FCF7A7
S3150000D7B00DFD30B34368012B18D190F85830052B76
S3150000D7C01FD1D0F86011838B90F82120C90707D5A7
S3150000D7D0022A0CBFA3F15A00A3F16E0000B208BDE5
S3150000D7E0022A0CBF1846A3F11400F7E7022B08D152
S3150000D7F090F82130022B40F2AC5008BF4FF4B860CD
S3150000D800EDE74FF0FF30EAE70023FCF7D5BEFDF762
S3150000D810C1BA73B505460191FBF7E4FE0026066022
S3150000D8202846FCF7D3FC044638B9FBF7DBFE092390
S3150000D83003604FF0FF3002B070BD90F85830013BE6
S3150000D840012BF2D84368012B03D0FBF7CBFE2D2327
S3150000D850EEE701AA02212846FCF742FE18B1FBF7C3
S3150000D860C1FE0660E5E7032384F85830E3E72DE9B7
S3150000D870F04788B0884615468146DDE91076FBF705
S3150000D880B1FE4FF0000AC0F800A04846FCF79EFC27
S3150000D8901C220446514601A804F0FAFE1CB9FBF707
S3150000D8A0A1FE092309E06368012B0CD194F85830D6
S3150000D8B0052B08D0FBF796FE392303604FF0FF30A7
S3150000D8C008B0BDE8F087D4F86031990706D4B8F1FE
S3150000D8D0000F03D1FBF786FE0E23EEE74846FFF75F
S3150000D8E065FFA84203D2FBF77DFE2823E5E74B46FA
S3150000D8F0324639462046FDF7DDFA18B1FBF772FECF
S3150000D9000023DAE7626894F85830022A33D1052BEF
S3150000D9100BD0042BC3D194F82130022B6FD10F2EDC
S3150000D92071D8FBF75FFE1623C7E794F82120182A63
S3150000D93017D10622ADF804204022ADF80C201B2E8C
S3150000D9402AD804F144020DF1100E04F154091068AE
S3150000D9505168F446ACE8030008324A45E646F6D17B
S3150000D96029E00422ADF804202C22ADF80C200F2E5D
S3150000D97057D8226C56E0042BCDD094F821101829E4
S3150000D98043D1012A14BF40224C220621042BADF8B4
S3150000D9900410ADF80C20D2D107F108020DF1100EDB
S3150000D9A007F1180910685168F446ACE8030008321C
S3150000D9B04A45E646F6D1D4F86021920707D5BDF868
S3150000D9C00C007D2D94BF06300830ADF80C0022788F
S3150000D9D094F86C11042B42EA0122ADF8062000D01F
S3150000D9E016B37B88ADF80E30424601A92046029553
S3150000D9F0FDF722F9D0B1FBF7F5FD37235DE7182BCC
S3150000DA0001D11B2E8CE70423B7E7012A4FF004014E
S3150000DA1014BF2C2238228B42ADF80410ADF80C202E
S3150000DA20A5D17A680492C6E7E38FDBE7284647E785
S3150000DA3013B50024CDE90044FFF719FF02B010BD6D
S3150000DA402DE9F04786B0824689461446DDE90E6820
S3150000DA50FBF7C8FD0027076050460497CDF8137002
S3150000DA60FCF7B4FB0397054618B9FBF7BBFD092382
S3150000DA7018E04268012A0FD190F85830052B03D0E0
S3150000DA80FBF7B0FD39230DE0B9F1000F07D034BB29
S3150000DA90FBF7A8FD162305E0B9F1000F04D1FBF74B
S3150000DAA0A1FD0E23036011E0002CF1D0022A90F8AC
S3150000DAB0583014D1013B012B11D83A46012150466A
S3150000DAC0FCF70EFD40B1FBF78DFD07604FF0FF340C
S3150000DAD0204606B0BDE8F087042385F858306B6809
S3150000DAE0012B0BD1B4F5B46F0AD995F82130022B6E
S3150000DAF040F2AC5408BF4FF4B86401E0022BF1D0F9
S3150000DB0095F85830043B012BAFD82B688DF81030B0
S3150000DB102B8BADF8153003AB01934FF040430093C8
S3150000DB2004AA07236B212846CDF81140FCF79EFE78
S3150000DB30264B02469A42039802D1FBF765FE9FE701
S3150000DB40002A3CD11146FBF753FE43699C4228BF8D
S3150000DB501C46038B00F1100105462246194448462F
S3150000DB6004F0AEFE7EB12B8A042B10D1D8F800301B
S3150000DB700F2B22D96B8B738002237370EB69736052
S3150000DB801023C8F800300398FBF73EFEA0E7062BEB
S3150000DB9013D1D8F800301B2B0FD96B8B7380182349
S3150000DBA0737005F11C0308362C3553F8042B46F820
S3150000DBB0042BAB42F9D11C23E3E70023E1E708B1CC
S3150000DBC0FBF722FEFBF70EFD00236BE736BB0100D9
S3150000DBD013B50024CDE90044FFF732FF02B010BDB3
S3150000DBE02DE9F341089F884616461C46FCF7EEFAD7
S3150000DBF0054640B9FBF7F6FC092303604FF0FF30FA
S3150000DC0002B0BDE8F0811CB9FBF7ECFC0E23F4E78B
S3150000DC104FF6FF73984509D0B8F1060F06D0B8F154
S3150000DC20000F03D0FBF7DEFC1623E6E741F22C03D8
S3150000DC309E4242DC41F225039E420BDC1F2E57D04A
S3150000DC4013DC032E00F08C80082E49D0FBF7CAFCAB
S3150000DC502A23D2E7A6F58156073E052E00F2A480B8
S3150000DC60DFE806F0A8B1B1BDC3C941F206039E4282
S3150000DC70ECD1236843B9626840F2E631013A8A4240
S3150000DC809CBF4FF47A7262604FF47A716268B2FB9D
S3150000DC90F1F2C3EB431103EB810302EBC303022F43
S3150000DCA03A46ADF8063028BF02220DF1060105F10D
S3150000DCB0180004F005FE0020A2E743F212039E427C
S3150000DCC0C4D123785A1ED1B21E2941D81A423FD157
S3150000DCD0042F3A46214628BF042205F5B270E8E72C
S3150000DCE0022F3A46214628BF022205F11400E0E73A
S3150000DCF0082F01D0042F95D142493A46204604F018
S3150000DD00DCFC18B90123C5F86031D4E73E493A4630
S3150000DD10204604F0D2FC08B90923F4E73B493A4609
S3150000DD20204604F0CAFC08B91123ECE738493A4604
S3150000DD30204604F0C2FC08B90523E4E735493A4613
S3150000DD40204604F0BAFC0028B5D140F20113DAE708
S3150000DD50314A3249324840F26923F5F781FF61E7DB
S3150000DD602368072B15D9802B12D008DC402B13D043
S3150000DD70602B13D0202B7FF455AF012309E0C02B75
S3150000DD800ED0E02B0ED0A02B7FF44CAF052300E085
S3150000DD900423C5F868318EE70223FAE70323F8E780
S3150000DDA00623F6E70723F4E72378022B3FF63AAF7C
S3150000DDB0AB7680E72378802B7FF434AFD5F86031DB
S3150000DDC043F080039FE7214605F15A00FCF7B0FABD
S3150000DDD000283FF470AFFBF705FC0C230DE7022F7C
S3150000DDE07FF420AF2388AB8365E7012F7FF41AAF5A
S3150000DDF02378EB765FE7012F7FF414AF2378AB75BA
S3150000DE0059E700BFB08F2108B48F2108BC8F2108C5
S3150000DE10C48F2108CC8F21085F902108D48F210858
S3150000DE20388821082DE9F3411E460023089CADF8E9
S3150000DE30063080460F461546FCF7C8F940B9FBF791
S3150000DE40D1FB092303604FF0FF3002B0BDE8F0813B
S3150000DE501EB9FBF7C7FB0E23F4E74FF6FF739F428D
S3150000DE6001D0062F00D11CB9FBF7BCFB1623E9E74E
S3150000DE7041F208039D4223DCB5F5805F07DC082DDF
S3150000DE804BD01F2D71D0FBF7ADFB2A23DAE7A5F5A2
S3150000DE908055013D072DF6D801A353F825F000BFA4
S3150000DEA0E9EE200887EE200887EE200887EE200896
S3150000DEB087EE20080BEF200849EF20082BEF2008FB
S3150000DEC041F225039D4237D041F226039D4254D0AC
S3150000DED041F224039D42D6D12268003A18BF01229E
S3150000DEE0226000F121010BE04046FFF75FFC22684B
S3150000DEF0ADF80600022A28BF022222600DF10601B3
S3150000DF00304604F0DDFC00209FE72268022A28BF85
S3150000DF100222226000F11801F2E72268022A28BFD5
S3150000DF200222226000F11401EAE72268042A28BFCF
S3150000DF3004222260011DE3E72268042A28BF042286
S3150000DF40226000F11001DBE72368042B28BF0423BD
S3150000DF502360FBF747FB22680146304604F0B0FC1D
S3150000DF60FBF740FB00230360CDE72268042A28BFA5
S3150000DF700422226000F5B071C2E72268003A18BF99
S3150000DF800122226000F11A01BAE700BF10B504466B
S3150000DF90FBF728FB002101602046BDE81040FCF796
S3150000DFA025BD000070B50838A6B0092800F22A8100
S3150000DFB0DFE810F00A004D00280128012801280199
S3150000DFC0280128018D00DA008F48002908BF014684
S3150000DFD00820FBF77FFC002837D18C4A53886BBB9F
S3150000DFE08B4B01AA03F108061546186859681446B2
S3150000DFF003C40833B3422246F7D118681B7923714C
S3150000E0002060132200210DF1110004F041FB74225F
S3150000E010002109A804F03CFB0C238DF824300223D0
S3150000E020ADF8323001230E9340F20243ADF844308E
S3150000E0302A460021082000F021F906E012F8041B08
S3150000E040012000F06BF90028CAD026B070BD6E48DA
S3150000E050002908BF01460920FBF73CFC0028F4D143
S3150000E0606A4A53885BBB6A4B01AA03F10806154648
S3150000E07018685968144603C40833B3422246F7D1D8
S3150000E08018681B7923712060132200210DF11100FD
S3150000E09004F0FEFA7422002109A804F0F9FA0C2310
S3150000E0A08DF824300223ADF8323001230E9340F26E
S3150000E0B00243ADF844302A4600210920BBE712F896
S3150000E0C0041B012000F02AF90028CCD0BDE75148F6
S3150000E0D0002908BF01461020FBF75CFC0028B4D1DC
S3150000E0E04D4A5388002B37D1494A106A516A01AB11
S3150000E0F003C3118D92F82A2019809A7000211522E7
S3150000E1000DF10F0004F0C4FA7022002109A804F0F2
S3150000E110BFFA424B099304238DF8283005238DF866
S3150000E1202E3003230C9303F5C803FF210D934FF004
S3150000E1300313CDE90E1301238DF8413040F201435C
S3150000E140ADF84430364BCDE913336FF07F4315936A
S3150000E15001AA002110206EE712F8041B032000F02C
S3150000E160DDF80028C0D070E72A48002908BF01461C
S3150000E1701120FBF70FFC00287FF467AF264A53886F
S3150000E180002B37D1224A106A516A01AB03C3118DA5
S3150000E19092F82A2019809A70002115220DF10F009D
S3150000E1A004F076FA7022002109A804F071FA1B4BDC
S3150000E1B0099304238DF8283005238DF82E30032388
S3150000E1C00C9303F5C803FF220D934FF00313CDE91B
S3150000E1D00E2301238DF8413040F20143ADF844305F
S3150000E1E00F4BCDE913336FF07F43159301AA00213E
S3150000E1F0112020E712F8041B032000F08FF80028F6
S3150000E200C0D022E70F2020E7CC902108D60D0000D1
S3150000E21008912108909021080E0D00000A000200C6
S3150000E220C0A80A0A0838092810D8DFE800F005084F
S3150000E2300F0F0F0F0F0F0A0D0820FBF759BB092010
S3150000E240FBE71020FBF7A8BB1120FBE70F20704768
S3150000E2500838092810D8DFE800F005080F0F0F0F5F
S3150000E2600F0F0A0D0820FBF74BBB0920FBE7102018
S3150000E270FBF794BB1120FBE70F20704708B50B4650
S3150000E280FF2B114603D0082803D010280BD00F20EF
S3150000E29008E0012B0CD80748942202FB030004F087
S3150000E2A00FFB002008BD012B02D803489022F4E79B
S3150000E2B02720F7E7681A010048190100FF2908B569
S3150000E2C00346104604D0A2B1082B03D0102B0BD066
S3150000E2D00F2008E001290ED8084B942202FB0131D9
S3150000E2E004F0EEFA002008BD012904D8044B902260
S3150000E2F0F4E72220F7E72720F5E700BF681A0100B8
S3150000E30048190100031F042B05D90C38012894BFB6
S3150000E3100020012070470020704700002DE9F041E1
S3150000E32005460C461E461746002A66D0002B64D0CA
S3150000E3300846FFF7E7FF28B933462846BDE8F0410F
S3150000E340FBF71BBE15F47F410AD1072D28462CD0BA
S3150000E35003DC2B46013B052B1DD90120BDE8F081CE
S3150000E3600D1207290B4605F10700F3D9B1F5806FA9
S3150000E37008D00ADCB1F5007F04D021F40071B1F5B4
S3150000E380807FEAD144F000412BE0B1F5A06FF9D0CF
S3150000E390B1F5C06FF5E7611E09292ED8DFE801F057
S3150000E3A02B29272D2D2D2D2D2D20631E092BE9D848
S3150000E3B001A252F823F000BFF7F32008F3F3200878
S3150000E3C0EFF3200885F3200885F3200885F320085D
S3150000E3D085F3200885F3200885F32008E1F320085B
S3150000E3E0032133463A46BDE8F041FFF795B80221CE
S3150000E3F0F7E70121F5E70021F3E72120AEE700BFAB
S3150000E4002DE9F04104460E461F4601EB0308BA42C9
S3150000E41030DA98F80000551EA118B318984511D1A6
S3150000E4206B1CE05DE15CE054E155F15C98F800009E
S3150000E430F05488F800102B4631462046FFF7E0FFDF
S3150000E440AA1CE4E793F800C0844510D2013591F880
S3150000E45000E014F805C004F805E081F800C016F8DD
S3150000E46005C093F800E006F805E083F800C0013126
S3150000E4700133D3E7BDE8F081074B10B41C680A46A8
S3150000E48034B10146A44604235DF8044B05206047D9
S3150000E4905DF8044B704700BF9C1B0100014B1860E0
S3150000E4A0002070479C1B010010B5154C206850B128
S3150000E4B0F3F771FD28B1134A134914484E23F5F7B3
S3150000E4C0CFFB00232360124C206850B1F3F7A2FF64
S3150000E4D028B10C4A0C490F485623F5F7C1FB002317
S3150000E4E023600D4C206850B1F3F723FE28B1054A8E
S3150000E4F005490A485E23F5F7B3FB0023236010BDE8
S3150000E500941B01003A95210848912108D2912108CF
S3150000E510901B010009922108981B010044922108D2
S3150000E5202DE9F04FDFF894A1584FADB0DAF80000AE
S3150000E5304FF0FF33002205A9F3F736FF0028F5D187
S3150000E540069A12F0060F00F096803A6822B107A9E3
S3150000E5508DF81C00FFF790FF9DF8144007AA0021D4
S3150000E5602046FFF7ABFE58B300238DF80C30FF238F
S3150000E57007AA012120468DF81030FFF79FFE0123E0
S3150000E5808DF80D3008BB9DF8AC308DF8113003A81E
S3150000E5900123002204A9FFF733FF07A8FEF7C6FDF3
S3150000E5A0A8B100903A4A3B493B484FF48B73F5F7C4
S3150000E5B057FB0124DFF8DC9003AE4FF000080EE0B5
S3150000E5C09DF8AC308DF80C00D2E7FF23DDE79DF80F
S3150000E5D01C30002BEDD10324ECE74FF00108B346C5
S3150000E5E008209BF80010FFF733FE01360546B0B948
S3150000E5F09BF80030294A00932649294840F24113E6
S3150000E600F5F72EFB012407A928468DF81C40FFF7D5
S3150000E61033FF244B21461868F3F7FBFC86E701908D
S3150000E62016F8013C00931D4A1F484FF4A373494650
S3150000E630F5F716FBB8F1000FCFD01C4A1C4840F284
S3150000E64059134946F5F70CFB47F23050F3F7BDFC7A
S3150000E650013CB1D1134B02211868F3F7DAFC3B6891
S3150000E66033B1022307A920468DF81C30FFF704FFBB
S3150000E670FFF71AFF5AE7D3077FF558AF0D4A05494A
S3150000E6800D4840F2A313F5F7EBFA4FE79C1B010088
S3150000E690E494210848912108769221089D94210846
S3150000E6A0AE922108981B0100E7922108C094210828
S3150000E6B0269321080395210851932108901B0100F8
S3150000E6C02DE9F341064600200D46F3F78CFC3F4F3B
S3150000E6D0386050B93E4A3F493F486C23F5F7C0FAC7
S3150000E6E00124204602B0BDE8F0813C4ADFF81481DF
S3150000E6F008210A20F3F7E0FDC8F8000020B9344AE3
S3150000E700344937487423E9E7364A37480021F3F796
S3150000E710BFFB364B186020B92D4A2E4934487C235E
S3150000E720DCE72A4600213046FFF7C8FD04460028EC
S3150000E730D7D195F8243013F0FD0F2BD0032B2BD017
S3150000E740042B0CBF0D2000202A4A2946FEF736FE70
S3150000E75058B31F4A1F4928489123F5F781FA042325
S3150000E760019300231A466946D8F800008DF8006028
S3150000E770F3F7E2FD002238684FF0FF330121F3F78B
S3150000E780A4FCC2070AD5124A12491C489A23F5F777
S3150000E79067FAA6E70520D7E70920D5E7830704D55A
S3150000E7A00B4A0C4916489D2398E7022105F14000C3
S3150000E7B0FBF78AFB0446002893D101462A46082027
S3150000E7C002B0BDE8F041FFF759BD00BF981B01003C
S3150000E7D025952108489121087A93210878952108E2
S3150000E7E0AD9321089095210821F52008941B01007E
S3150000E7F0E9932108C0D401001E9421084E942108F3
S3150000E80077942108901B010013B50A4A009004462C
S3150000E81009490A4840F23113F5F722FA084B1C6001
S3150000E820084B1B68D869102102B0BDE81040F3F709
S3150000E830F0BB00BF959B2108B495210835962108A9
S3150000E840A00E0000A41B01002DE9F04F964E974F35
S3150000E850306099B0102200210CA803F019FF802324
S3150000E8600622012102200993FEF7CEFF0028386018
S3150000E87011DAFAF7B7FE036800938D4A8D498E4880
S3150000E88040F24113F5F7ECF933680221D869F3F742
S3150000E890C0FBF3F77BFB864A864900904FF4A373CF
S3150000E8A08648F5F7DDF904230093386809AB26227C
S3150000E8B04FF6FF71FAF7B0FD00280EDAFAF792FE6E
S3150000E8C0036800934FF4A773794A7A497C48F5F7B1
S3150000E8D0C7F93868FFF75AFBD6E701243868009471
S3150000E8E00DF1230319224FF6FF718DF82340FAF735
S3150000E8F093FD002806DAFAF775FE0368009340F2E6
S3150000E9005913E1E73368386802258DF831501B88C2
S3150000E910ADF8323010220CA9FEF779FF002809DA8B
S3150000E920FAF760FE03680093614A6249654840F25F
S3150000E9306513CCE738682146FEF76BFF002809DA35
S3150000E940FAF750FE03680093594A5A495E484FF455
S3150000E950B773BCE7BDF83230554A56495B48009359
S3150000E9604FF4BA73F5F77CF900230B93336821460D
S3150000E9701A8AD8690A92F3F74CFB55493868FAF7B0
S3150000E98045FD50B1FAF72EFE03680093484A4949FF
S3150000E990504840F27F13F5F763F930680022C069EA
S3150000E9A04FF0FF331421F3F790FB821C72D010F066
S3150000E9B00403049317D033683E4947484FF0FF32AB
S3150000E9C05A6140F28B133A4AF5F74AF93868FFF76D
S3150000E9D0DDFA33680821D869F3F71BFB4FF47A7028
S3150000E9E0F3F7F3FAFAE7C30654D533683B4DD86913
S3150000E9F01021F3F73FFB2B682D4A394800932D4928
S3150000EA0040F29313F5F72CF933683A6828685A618F
S3150000EA1098611B8ADBB10823009341F206020AAB18
S3150000EA204FF6FF71FFF7DCF850B1214A21492D4816
S3150000EA304FF4CD73F5F714F92868FFF7A7FA9CE7AA
S3150000EA401B4A1C4928484FF4CF73F5F709F9346877
S3150000EA502B68069304F154080023236584F8643474
S3150000EA60C246039340F2FF3B069800235A4651469E
S3150000EA70FFF7AEF8B0F100093CDAFAF7B3FD036828
S3150000EA8000931A481A4A0B49F123F5F7E9F8069854
S3150000EA90FFF77CFA114B1868FFF778FA024B1B68F0
S3150000EAA00022C3F8682468E7A41B0100A40E000036
S3150000EAB0AC9B2108B49521085D96210896962108FD
S3150000EAC0BB962108F69621082B9721086297210804
S3150000EAD009F820088E972108C5972108A00E000086
S3150000EAE0FC9721083698210856982108769821081F
S3150000EAF0819B2108039A039BB2494A44534400254B
S3150000EB000AF8025018460392079303F0FBFD079B91
S3150000EB1005900093AC4AAD49AD48FD23F5F7A0F842
S3150000EB20059BCA44002B00F042819D70DD701C22BB
S3150000EB30294611A8109503F0ABFD2565A4F84A50A7
S3150000EB402562A4F8445004F15403A94501DC454666
S3150000EB5083E01A46013311780D2940F0C7801978F1
S3150000EB600A2940F0C3804FF0000A82F800A09749B6
S3150000EB7083F800A0974A9848CDF800807A23F5F7E5
S3150000EB806FF82021404603F08BFD944980F800A0E1
S3150000EB908146404603F02FFE002848D09049404663
S3150000EBA003F029FE002841D08E49404603F023FE9B
S3150000EBB0002800F093808C49404603F01CFE002894
S3150000EBC000F08E808949404603F015FE002800F0CB
S3150000EBD08980B4F80890D4F8208004F12005BDF8A7
S3150000EBE01030994514D9B8F1000F00F0E78063683A
S3150000EBF0049A414653F8320003EBC20A03F0FBFDC8
S3150000EC00002840F0DB80DAF8043029462046984791
S3150000EC10236A002B3FF43EAF94F86434002B7FF454
S3150000EC2039AFE36829462046984733E7012084F840
S3150000EC304C0009F101002062202103F031FD38B1BA
S3150000EC40002300F8013B6A4903F0D5FD00284BD0AC
S3150000EC500023023584F848304544C4F85454284605
S3150000EC6003F03CFE3F210790206A03F019FD0028BF
S3150000EC703ED14FF000092B46CA46079A4A4564DC46
S3150000EC80236DA4F84AA0504A00935049594840F2CF
S3150000EC900713F4F7E5FF236D002B9AD0059AC4F805
S3150000ECA06034A2EB080500954FF48773464A47493E
S3150000ECB05148F4F7D5FF039B0435AB4289DD5B1B56
S3150000ECC0C4F85C34404A009340494C484FF48A7378
S3150000ECD04544F4F7C5FFC4F858547AE70220A6E77E
S3150000ECE00320A4E70420A2E70123B2E701352CE7BD
S3150000ECF081464FF0000A04F1200309F801ABA34650
S3150000ED00A4F844A00693CBF824904846262103F0A5
S3150000ED10C7FC814608B109F801ABDBF824003D21A8
S3150000ED2003F0BEFC08B100F801ABB4F84420CBF800
S3150000ED3028000132A4F84420B9F1000F99D0069BAF
S3150000ED400BF1080B5B45DED193E715F809200D2A78
S3150000ED5005EB090B28D19BF801200A2A24D10AF1D8
S3150000ED60010A274806930E2219461FFA8AFA03F06B
S3150000ED70A4FCA0B9069B3A21184603F091FC4378FF
S3150000ED80202B0CBF811C411CABEB01021F2A06DCA9
S3150000ED9010A803F0A4FC10A802F01CFC206509F1E1
S3150000EDA002032B4409F1010909F1010965E7ABEBFF
S3150000EDB0090BBBF1000F3FF757AE0AE7049B01337F
S3150000EDC004930CE734872108819B2108B495210818
S3150000EDD0AE9821086A9B2108C9982108ED98210858
S3150000EDE0F1982108F6982108FA9821080199210836
S3150000EDF0069921081E992108499921086C9921082C
S3150000EE000F99210838B50D460446002832D0FDF783
S3150000EE1071F8062806D10220FEF7CAF930B940F685
S3150000EE20443038BDFDF766F80928F4D0FDF762F8DE
S3150000EE3020B90120FEF7BCF90028F0D02B880E4A35
S3150000EE402380EB68002B08BF1346E3606B686360A2
S3150000EE502B8923812B8A2382002565652846F3F7B3
S3150000EE60C2F83422E061294604F1200003F010FCC8
S3150000EE702846D6E72120D4E75502210810B50446D6
S3150000EE8078B14069431C04D0FFF780F84FF0FF3398
S3150000EE906361E069F3F74DF9002060602081E0606E
S3150000EEA010BD2120FCE7000070B5104E104A014647
S3150000EEB0044600250F483560F2F7EAFF306098B146
S3150000EEC04FF0FF33E0692A460321F3F7FEF8C31C2F
S3150000EED0012B09D910F0020007D0E0690221F3F7EF
S3150000EEE0C9F82046FFF7CAFF012070BDA01B01002C
S3150000EEF0C89B210849F8200810B504460421C069BA
S3150000EF00F3F787F8E0694FF0FF3300220821F3F7A3
S3150000EF10DCF80330012818D90D4C2068F3F73BF8CC
S3150000EF202068F3F70DF8042806D10A4A0A490B4867
S3150000EF3040F28123F4F794FE0948064A064940F256
S3150000EF408323F4F78DFE002010BD0120FCE700BFEF
S3150000EF50A01B0100569B2108B49521089899210809
S3150000EF60C2992108F7B504460F4600295ED04868C5
S3150000EF7000285BD00B68002B58D01B6B002B55D09C
S3150000EF808E68002E52D0D4F85C540023CB60002D3E
S3150000EF903BD0B54228BF35462A46D4F8581403F06C
S3150000EFA08FFCD4F85834D4F85C24BE682B44C4F8DB
S3150000EFB05834D4F86034521B5B1BAE42C4F860343C
S3150000EFC0C4F85C24FD6002D1002003B0F0BD002B24
S3150000EFD0FAD0761B002EF7D07968A0690023324656
S3150000EFE02944FEF7F5FD002815DAFAF7FBFA03685F
S3150000EFF00F4A10491048009340F20933F4F730FEE7
S3150000F000A069FEF7C3FF0120DFE7D4F860349E4213
S3150000F01028BF1E46DEE7D4F860341B1AC4F86034F5
S3150000F020FB6803440544361AFB60D3E72120CCE78E
S3150000F030359B2108B4952108769821082DE9F04FD3
S3150000F040002295B00423CDE9062307460D46002984
S3150000F05000F0D480D1E905239A4200F2CF8090F8DF
S3150000F060644424B10124204615B0BDE8F08F07ABF7
S3150000F070009341F2010206AB4FF6FF718069FEF77D
S3150000F080D1FE069B03931C2221460DA8CDE9084418
S3150000F090CDE90A440C9403F0FBFA686900F2FF30EC
S3150000F0A002F0B8FA064670B95B4A5C495C4840F221
S3150000F0B0CB13F4F7D5FD5B4A58495B4840F22F3332
S3150000F0C0F4F7CEFDCEE70DF120082A8857494046D1
S3150000F0D003F0BCF9AA691AB155490CA803F0B6F9B0
S3150000F0E097F84820534B544C4046012A08BF1C460B
S3150000F0F003F0F4FBCDF80080234600F10C014F4AE3
S3150000F100304603F06FF9D5F804800446B8F1000FD5
S3150000F1100AD0404603F0E2FB494A00F1110143469A
S3150000F120301903F05FF90444AB6953B10CA803F03E
S3150000F130D5FB444A00F113010CAB301903F052F928
S3150000F1400444AB8913B1AB68002B43D13E49301957
S3150000F15003F05BFB2969153449B1D5F81480B8F181
S3150000F160000F04D03019424603F0AAFB4444D7F8F6
S3150000F17018B0B0468CBB304602F054FAD5E90523E8
S3150000F1809B1AC7F86834012387F864346BE7AB68C9
S3150000F19003EBC80953F838300593184603F09EFB75
S3150000F1A0D9F8042004928346104603F097FB049A8C
S3150000F1B000920BEB0001059B244A0531504603F0F3
S3150000F1C011F908F101080444AB89984506EB040AD5
S3150000F1D0DDDBBBE74FF00008F6E7039BA34228BF41
S3150000F1E023469A465246002341465846FEF720FCDF
S3150000F1F0013005D0D044A4EB0A04BBE7212432E752
S3150000F200054A0649124840F20F23F4F729FD304615
S3150000F21002F008FA4FE700BFFF9A2108B4952108CB
S3150000F220FF992108189B21088D9A210887842108B7
S3150000F2303B9A2108EB992108F59921083F9A210864
S3150000F240469A2108599A2108779A21086E9A210828
S3150000F250AE9A210810B588B004460E2200210DF1A1
S3150000F260060003F015FA4FF4CA73ADF80430074BE5
S3150000F2700293074B059301A90A232046CDE90633DD
S3150000F280FFF7DCFE002008B010BD00BFCB582108F8
S3150000F290DA9A21082DE9FF47164604230022CDE914
S3150000F2A002230F460446A0B399B396B390F864348C
S3150000F2B07BB3D0F86834B3422BD303AB0093806999
S3150000F2C002AB41F201024FF6FF71FEF7ABFDD4F837
S3150000F2D01890DDF808A03546AA45D04628BFA846AE
S3150000F2E00023424639464846FEF7A2FB013009D0C4
S3150000F2F0B5EB08054744EFD1D4F868349B1BC4F836
S3150000F300683407E0054A0649064840F25533F4F7E3
S3150000F310A7FC0125284604B0BDE8F087E59A210838
S3150000F320B49521088D9A2108024B01461868F2F718
S3150000F33070BE00BF34180100F0B5274E337887B091
S3150000F3400446002B3AD1204605A9FCF782F904466B
S3150000F350002839D1024601460598FAF749FA43785A
S3150000F360078843F05003054643700120FCF7DEFC96
S3150000F3703A4605F110012846F9F762FF38B1174AF7
S3150000F3801749184840F27B13F4F76AFC00BE0020C8
S3150000F390FCF7CCFC05230022CDE9003210490F4AC8
S3150000F3A01148029740F28313F4F75AFC33780BB1F5
S3150000F3B0F9F7D4FD0598FAF727FA09E0F9F7BEFD43
S3150000F3C00028C0D0072403E033780BB1F9F7C6FD57
S3150000F3D0204607B0F0BD00BF8A160100779D2108C0
S3150000F3E0EC9B2108819C2108A29C210838B50C467B
S3150000F3F060B90B4D2846F9F799FD012C08D12B88E9
S3150000F400DB070BD54FF48070F9F7E4FF002038BD19
S3150000F410288880F01000C0F30010F8E72046F6E7D1
S3150000F420AA1B010038B5154610B309B302B3134C35
S3150000F4304FF482738380D4F88030C36094F87630BA
S3150000F440837194F874304B72537200230360A06F7B
S3150000F450FCF7ECF8E36F98420BD8294604F14C0010
S3150000F460FCF7F2F84020FCF7E7F80023C4E91E3366
S3150000F47038BD2846FAF7C8F9F7E700BFDC160100E1
S3150000F4802DE9F043454F3B7887B00446002B77D1F2
S3150000F49005A92046FCF7DDF80646002877D1024686
S3150000F4A001460598FAF7A4F9314605463246006842
S3150000F4B0FAF79EF929794378B0F8009043EA0113E8
S3150000F4C04370438806461BB3AA79100742BF3448E7
S3150000F4D04FF0010C80F800C0D00610D4012084F84B
S3150000F4E021002868407A84F8241084F832202A699A
S3150000F4F0A2636A696263EA6820866384E263B02B6A
S3150000F50003D04D2B01D01C2B02D10120FCF708FCA7
S3150000F5100120FCF70BFC4A4606F110013046F9F7CC
S3150000F5208FFEB3781C2B804601D1F9F7C3FE00206D
S3150000F530FCF7FCFBB8F1000F07D01A4A1A491B4822
S3150000F54040F23F13F4F78CFB00BECDF808907388A9
S3150000F55001932B790093134A1349154840F243133C
S3150000F560F4F77EFB3B780BB1F9F7F8FC2868FAF75D
S3150000F5704BF90598FAF748F9E36A0133E36203E0C9
S3150000F580F9F7DCFC002883D007B0BDE8F0833B78B0
S3150000F590002BF9D0F9F7E2FCF6E700BF8A16010066
S3150000F5A0A81B01008C9D2108EC9B2108819C210849
S3150000F5B0A29C2108064B012283F8202083F86420B0
S3150000F5C083F8A82083F8EC2083F83021704700BF29
S3150000F5D0DC160100704747F61F40704703685B055D
S3150000F5E033D41C4B1B78002B31D11B4B1B4A1B8879
S3150000F5F0126803F00101C3F3001322BB184A107806
S3150000F600184A126882431ED1174A1068174A1268B0
S3150000F61022EA000232F0080215D1154A1268003AB1
S3150000F62018BF01225B0043EAC103124843EA820382
S3150000F6305B00D84010F003000BD001280CBF0A2055
S3150000F6404FF0FF3070470122ECE7002070474FF083
S3150000F650FF307047A81B0100AA1B0100B81B010060
S3150000F660AC1B0100BC1B0100B01B0100C01B01004C
S3150000F670B41B0100620062512DE9FF410023244FB3
S3150000F68001933846FCF728FB10B904B0BDE8F081B9
S3150000F69001A93846FBF7DDFF05460028F1D10246F1
S3150000F6A001460198FAF7A4F843888689142B044684
S3150000F6B00ED10823002E17488DF8083014BF0223F8
S3150000F6C00123039300682B462A4602A9F2F734FE6B
S3150000F6D0DFF84480D8F80030B3B13146A078FBF7A4
S3150000F6E009FE6388AF2B06460D4602D12046FBF77E
S3150000F6F01BFC002D08BFB6F1FF3F019A04D0D8F8D5
S3150000F70000303046294698470198FAF77DF8B8E761
S3150000F71030170100901B01009C18010073B50023EF
S3150000F720124E01931148FCF7D7FA08B902B070BD22
S3150000F73001A93046FBF78DFF04460028F2D10246A8
S3150000F74001460198FAF754F8224605462146006814
S3150000F750FAF74EF801462846FAF7EEF92868FAF75E
S3150000F76053F80198FAF750F8DCE700BFFC170100E0
S3150000F77073B50024144D019455F8040BF0B101A99A
S3150000F78000F5EC70FBF765FF0246B8B955F8043C86
S3150000F790D3F874317BB101460198FAF729F8018B49
S3150000F7A055F8043C4269D3F87461103100F1100336
S3150000F7B001442046B0470198FAF726F80134142C84
S3150000F7C0DAD102B070BD00BF34160100FCF78ABA68
S3150000F7D008B5FBF731FF002008BD0000F7B51D4650
S3150000F7E0002304460F4616460193ADF80230182250
S3150000F7F04FF47A73012101A8F9F7AEFF38B1104A28
S3150000F8001049114840F29E73F4F72AFA00BE019897
S3150000F81038600DF102020021F9F7EAFF68B1019B99
S3150000F8205E72089BC360BDF8243003810423857192
S3150000F83003712060002003B0F0BD0E20FBE700BF7F
S3150000F8404E9D2108EC9B2108078721080020704760
S3150000F8502DE9F04F03685B059DB0074640F17883BC
S3150000F860402200210CA802F013FF002307A8CDE9CF
S3150000F87006330893ADF81630F9F7DCFC002840F0A3
S3150000F8807B86B64E33780BB1F9F768FBB44B1B6831
S3150000F8901BB93B6823F480633B6007980DF11602A1
S3150000F8A00021F9F7A5FF448890F80190B0F80C8084
S3150000F8B0B02C05464FEA191903D04D2C01D01C2C4B
S3150000F8C002D10020FCF72CFA2B88A64AA649A748A5
S3150000F8D023F47043CDE90283CDE9009440F25F231F
S3150000F8E0F4F7BEF9B9F1040F07D0B9F1050F00F02E
S3150000F8F0D5850798F9F788FF28E36B78892C03F0FC
S3150000F9000F036B7000F27281612C00F2A380432C0E
S3150000F9101AD9A4F1440292B20123934013F4ED6F75
S3150000F92000F0F080924BDA6E0132DA66B3F86620A8
S3150000F930A24202D1002283F86520192C00F04383ED
S3150000F940C32C00F040838CE22D2C00F2F9801C2C95
S3150000F95000F220810B2CCCD9864A0123A340134206
S3150000F96040F01483844A134240F03A82834A1A4094
S3150000F970002ABED0EEE1A4F1C90292B2012393405F
S3150000F9807F4A1A40002ACDD17E4A1A40002A40F00A
S3150000F9904A81CD2CADD1F9F7E1FA754B07989A6AF1
S3150000F9A001329A625A8CA24201BF0022C3E90D229B
S3150000F9B083F821205A84F9F727FF2020FBF73CFE25
S3150000F9C0C4E2A4F1BA039BB2012101FA03F342F2A5
S3150000F9D008321342A6D144F20102134240F0BA8122
S3150000F9E0BE2C86D1624CE36E94F876200133D6079E
S3150000F9F0E366B4F8663022D5BE2B7FF47AAF1822C0
S3150000FA004FF47A730DEB0200F9F7A6FE38B1554AAA
S3150000FA1055495D4840F29A33F4F722F900BE0BAA25
S3150000FA2000210698F9F7E4FEB8F1640F08BF4FF01D
S3150000FA300008DDE90621A0F80880FFF7F3FCB4F81A
S3150000FA406630BE2B7FF455AF002384F86530A4F8EA
S3150000FA5066304EE7A4F16203272B3FF64AAF01A2B8
S3150000FA6052F823F0170B2108910E2108F3082108FC
S3150000FA70910E2108F3082108F3082108910E2108A8
S3150000FA80F308210887102108170B2108170B2108F6
S3150000FA90910E2108270C2108910E2108910E2108AC
S3150000FAA0910E2108910E2108910E2108170B2108AD
S3150000FAB0F3082108550D2108F3082108F308210849
S3150000FAC0F3082108910E2108910E2108910E2108B4
S3150000FAD0F3082108F3082108F3082108F308210890
S3150000FAE0910E2108F3082108F3082108F3082108DC
S3150000FAF0F3082108F3082108F3082108F308210870
S3150000FB009B092108214A1A40002A40F08C80612C6A
S3150000FB107FF4EFAE6C242846FBF706F96B88612B61
S3150000FB2004BF6C236B806B88422B40F08683B5F94B
S3150000FB30122000214FF0FF30FAF79CFB064690E3B7
S3150000FB40A4F12E0292B201239340114A13427FF48C
S3150000FB50E9AE13F4401FDED1412C62E08A160100A3
S3150000FB60CC1501009C9D2108EC9B2108E49C2108F2
S3150000FB70DC16010000009E030000211000100008A2
S3150000FB80430088000C0004000787210801000200DA
S3150000FB9003930600A4F11D039AB20F2A3FF6A9AEFD
S3150000FBA00F2B3FF6A6AE01A252F823F0910E2108C4
S3150000FBB0F3082108F3082108F3082108F3082108AF
S3150000FBC0F3082108F3082108910E2108F3082108FB
S3150000FBD0550D2108F3082108F3082108270C2108F0
S3150000FBE0270C2108F3082108550D2108C82C00F21E
S3150000FBF09780B92C3FF6E5AEA52C6ED88A2C3FF43B
S3150000FC0078AEA4F18B0292B201239340964A1A4031
S3150000FC10002A7FF487AE954A1A40002A40F09A805F
S3150000FC20A12C7FF466AE924ED6F8B030182201337E
S3150000FC30C6F8B03001214FF47A730DEB0200F9F7E4
S3150000FC408BFD38B18B4A8C498C4840F2DD33F4F792
S3150000FC5007F800BE0BAA00210698F9F7C9FD4FF474
S3150000FC6001728280B6F8AA10A0F808808C4203467A
S3150000FC70DDE906C005D0A12C40F04982902940F06C
S3150000FC804682D6F8C420DA6096F8BA209A7196F8B9
S3150000FC90B8208CF80920F02C4272186096F8BA2029
S3150000FCA000F03982CB2C40F0A5824BF6F135A84501
S3150000FCB040F09C82CB2940F0AD82002386F8A93023
S3150000FCC0A6F8AA30002A40F0678206996C48FBF72E
S3150000FCD0BBFC0420FFF728FB38E1A4F1A7039AB286
S3150000FCE00A2A3FF606AE0A2B3FF603AE01A252F8E9
S3150000FCF023F000BF170B2108F3082108F308210899
S3150000FD00270C210855142108F3082108F3082108B7
S3150000FD104D0E21084D0E2108550D2108270C2108EE
S3150000FD20E02C7FF628AEA4F1E40292B21B2A3FF63D
S3150000FD30E0AD01239340534A1A40002A7FF4F2AD06
S3150000FD4041F6010213427FF46EAF44F220021342E1
S3150000FD503FF4CFAD464DAB6A0133AB6295F8323016
S3150000FD60DE0767D56B8CA34264D118224FF47A73F1
S3150000FD7001210DEB0200F9F7EFFC38B13D4A3E498F
S3150000FD803E4840F2A123F3F76BFF00BE06980BAA8C
S3150000FD900021F9F72DFD95F8323013F002030646DF
S3150000FDA035D0079B03600423B380EB6BA6F808806D
S3150000FDB0F36095F83230B371079A95F83030537284
S3150000FDC0069A5372686BFBF731FCAB6B984223D8EB
S3150000FDD02D480699FCF7AAF82020FBF72DFC25E014
S3150000FDE0234B5B8CA342B5D1152C08D1B8F1000F7B
S3150000FDF005D10CA8FBF700FA9DF830303370337844
S3150000FE000BB1F9F7ABF8214B00221A70A2E7036099
S3150000FE100798F9F7F9FCC6E70698F9F7F5FC95F89F
S3150000FE203230980702D50798F9F7EEFC0023C5E9AA
S3150000FE300D3302E00798F9F7E7FC6B8CA34240F01C
S3150000FE408580002385F821306B847FE0084BDA6ECD
S3150000FE500132DA66B3F86620A24202D1002283F8A4
S3150000FE606520AE2C1FD1AEE00F408004800020003C
S3150000FE70DC1601009C9D2108EC9B210807872108C0
S3150000FE807417010040A00108E4160100A81B010038
S3150000FE90B84BDA6E0132DA66B3F86620A24202D1B6
S3150000FEA0002283F86520B34D95F87630D90740F1E6
S3150000FEB0E280B5F86630A34240F0DD8018224FF4A8
S3150000FEC07A7301210DEB0200F9F746FC38B1AA4A14
S3150000FED0AA49AB484FF44D73F3F7C2FE00BE06982D
S3150000FEE00BAA0021F9F784FC95F8763013F002038B
S3150000FEF0064600F0AF80079B03604FF48273B38021
S3150000FF00D5F88030A6F80880F36095F87630B3719E
S3150000FF10069A95F874305372079A5372A86FFBF7D6
S3150000FF2085FBEB6F984200F29A8006999548FBF79D
S3150000FF308BFB4020FBF780FB0023C5E91E33B5F899
S3150000FF406630A34202D10023A5F86630F9F78AF994
S3150000FF503B6843F61F021A4200F07983854D8A4EAC
S3150000FF6000244FF001093A6809FA04F3134207D056
S3150000FF7095F82120002A00F0048332681343336089
S3150000FF800134052C05F14405EDD10AE3794BDA6E0F
S3150000FF900132DA66B3F86620944204BF002183F882
S3150000FFA06510142C7FF4C9AC142A08D1B8F1000FDF
S3150000FFB03FF479AFFBF734F90223337073E7B8F1F6
S3150000FFC0000F3FF470AF4FF00009DFF8A8A10798C3
S3150000FFD0DAF880B0CDF824904A464946F9F708FC8D
S3150000FFE0CDE9009805464B464A4609A90AA8FFF7F7
S3150000FFF0F5FB78B92A880B9010324FF47A730121F9
S315000100000BA8F9F7A9FBDDF82490024658B148463A
S31500010010F9F7FAFB142CC9D0192C7FF444AFFBF77E
S31500010020FFF80023C9E701460B98F9F7E1FBDDE983
S315000100300A321A602A88C3F80CB01032294602F037
S315000100403FFC49460AF19800FBF7FEFA0420FFF748
S315000100506BF9DFE703600798F9F7D6FB4DE70698DA
S31500010060F9F7D2FB95F876309A077FF565AF0798D1
S31500010070F9F7CAFB60E707994448FBF7E5FA02205E
S31500010080FFF752F95BE73B4CE36E0133E36694F805
S315000100907630DB072DD5B4F866306A2B29D11822C4
S315000100A04FF47A7301210DEB0200F9F755FB38B1D4
S315000100B0314A3249324840F27633F3F7D1FD00BE78
S315000100C00BAA00210698F9F793FBDDE90621A0F8B2
S315000100D00880FFF7A7F90798F9F796FBB4F8663099
S315000100E06A2B7FF433AF002384F86530A4F86630B9
S315000100F02CE7B8F1000F02D1254B01221A7007999E
S315000101002248FBF7A1FA0220FFF70EF9E6E70022E3
S31500010110DA609A71BDE5CB293FF4CFADD50779D524
S31500010120F02977D112F0020202D11A60F9F76CFBBD
S31500010130D6F8BC00FBF77AFAD6F8C030984271D8E7
S3150001014006991448FBF780FA8020FBF775FA00231D
S31500010150C6E92F33B6F8AA309C4205D0A12C7FF40C
S31500010160F5AE902B7FF4F2AE002386F8A930A6F8FF
S31500010170AA30EBE6DC1601009C9D2108EC9B2108C8
S315000101800787210828170100B01B0100301701005D
S31500010190901801006C1701004FF47A73182201219F
S315000101A008A8F9F7D9FA38B1A14AA249A24840F2FA
S315000101B00D43F3F755FD00BE002211460898F9F7E5
S315000101C017FB00244FF6F6730381046096F8BA30E4
S315000101D083710899B6F8B8304B729848FBF734FA30
S315000101E08020FBF729FAC6E92F44AFE6D50711D5DA
S315000101F0CB2996E712F0010F05D08C4292D09029B7
S3150001020001D1A12C8ED0AA2C04D101221A8100235E
S315000102102A736B7306998A48FBF716FA0420FFF7CF
S3150001022083F897E70698F9F7EFFA96F8BA309B073D
S315000102308DD50798F9F7E8FA89E76C2B5BD18149E7
S31500010240A88D14230D4651F8042B42B3568C8642D1
S3150001025025D192F85860032E21D1D2F8843155F870
S31500010260236006B3742C21D0422C62D0A72C60D017
S3150001027006F5C675AB6A0133AB62AB6B002B00F0BA
S31500010280B280686BFBF7D2F9AB6B984240F2AB8058
S315000102900798F9F7B9FA0023C5E90D3356E6013B8C
S315000102A013F0FF03CFD1742C40F09A8018224FF43B
S315000102B07A7301210DEB0200F9F74EFA38B15C4A67
S315000102C05C495D4840F26F43F3F7CAFC00BE00216A
S315000102D006980BAAF9F78CFA40F204438380079B30
S315000102E003600699A0F808800023C3605648FBF70F
S315000102F0ABF91020EEE4432B17D12B8A8BB9E98A8F
S31500010300504A142352F8046B36B1708C884203D1DB
S3150001031096F858000328A5D0013B13F0FF03F1D14D
S31500010320C1E74FF0FF32002106E44FF0FF3203210F
S3150001033002E4464DD5F838310133C5F83831D5F8E0
S31500010340483105F58875002B9BD118224FF47A7335
S3150001035001210DEB0200F9F7FFF938B1344A3549AD
S31500010360354840F29743F3F77BFC00BE0BAA002108
S315000103700698F9F73DFA40F204428280698CA0F8AA
S3150001038008808C42034608BFEA6B079808BFDA600B
S31500010390186004BF95F832209A71DDF818C00FBFB6
S315000103A095F830200022DA609A7142728CF80920A1
S315000103B095F8322012F0010F32D08C4230D112F072
S315000103C0020202D11A60F9F71FFA069905F108002F
S315000103D0FBF73AF91E4B9D421CD14FF40070FCE429
S315000103E01B4D002646E76B2CAFD16B8C6B2BACD12A
S315000103F00799B6F8BC314B72002385F821306B841E
S3150001040006F5EC70FBF720F9B36801209840FAF77E
S315000104101FFD9BE5B36801209840FAF719FD05E534
S3150001042006990948FBF710F91020FEF77DFF04E550
S315000104309C9D2108EC9B2108078721086C17010068
S315000104407417010034160100FC170100DC160100C7
S31500010450EC17010018224FF47A7301210DEB02000B
S31500010460F9F77AF938B1A64AA649A74840F2DB431B
S31500010470F3F7F6FB00BE0BAA00210698F9F7B8F9C7
S3150001048040F204418180079A0699A0F8088000236A
S315000104900260C360837153724B7227E76B7803F076
S315000104A00F036B70002C48D1954A9649974840F244
S315000104B06B53F3F7D5FB2846FAF736FC4FF0FF32BC
S315000104C00321F9F7D7FE044600283FF43FAD079B09
S315000104D0B0F8BC215A72D0F8C00104F5EC76D0B957
S315000104E0B4F8AE316B2B24D194F8AD31CBB194F87D
S315000104F0BE31990715D5002384F8AD3107993046E9
S31500010500FBF7A2F8A36801209840FAF7A1FC0023A3
S31500010510C4E970331AE5FBF789F8D4F8C431984277
S31500010520DED907993046FBF78FF82020FEF7FCFE4F
S31500010530EDE76A889A42F4D1D6E7012C05D10799ED
S315000105402046FFF783F9FFF7D4B9032C7FF4FEACFD
S315000105506F4B0799DA6E6F480132DA66B3F8662097
S31500010560032A02BF0022C3E91E2283F86520FBF796
S315000105706BF80220FFF7AEBB3B6823F480633B6058
S31500010580E6E432686FEA030822EA03033360624B4A
S31500010590032C0CBF022101211878FEF727FF002842
S315000105A058D15E4B5E4C1A682368934363D13B680E
S315000105B01A0534D501205B4CDFF85C815A4E0025C3
S315000105C0814654F8043B13B3D3F8D031FBB198F804
S315000105D000000121FEF70AFFE0B154F8040C00F512
S315000105E0E870FEF7A9FE30B954F8042C92F8893167
S315000105F0013B82F8893154F8043CD3F8D0312BB948
S31500010600336809FA05F223EA020333600020013553
S31500010610142DD6D13B6810B123F400633B603B68CF
S315000106209B0414D53C4B01211878FEF7DFFE70B10F
S315000106303E4C2046FEF780FE236843B93B683C4AA0
S3150001064023F400533B60136823F4005313601DB079
S31500010650BDE8F08F2846FEF713FF2B68002B7FF4C9
S315000106608FAC3B68334A03EA08033B60136808EA28
S315000106700303136084E4DFF8AC90DFF8BCA0DFF875
S3150001068098800025012659F8043B6BB1D3F88C21DB
S3150001069052B193F8AD3106FA05F24BB19AF8003032
S315000106A01343DBB28AF800300135142DEBD10DE08E
S315000106B09AF8003098F8000023EA020301216FEA54
S315000106C0020B8AF80030FEF791FE40B922683B68BA
S315000106D0002A7FF46CAF23F480533B6067E759F837
S315000106E0040C00F5C670FEF7CBFE59F8043CD3F8AE
S315000106F08C31002BD8D123680BEA03032360D3E79F
S315000107009C9D2108EC9B210807872108399D21081A
S31500010710DC16010030170100A81B0100B01B010007
S31500010720BC1B010034160100B81B0100D4160100E0
S31500010730B41B0100C01B0100AC1B010070B50C46C7
S315000107400646FBF7D7FB6388C32B054616D0192B44
S3150001075007D1062804D009281BD1E379012B36D10C
S3150001076070BD142B42D13389002BF9D040F62830C5
S31500010770FBF7C4F83089FAF773FB4AE02388C3F321
S315000107800B032B2BECD104F11000BDE87040F9F7F7
S3150001079047BA09280DD8DFE800F0050C050C0C0C4A
S315000107A00C05051A40F62830FBF7A8F83089FAF748
S315000107B057FB002421463089FBF738FA2046FBF720
S315000107C073FA20460021BDE87040F9F7A7BCE3792A
S315000107D033B940F62830FBF791F83089FAF740FB38
S315000107E06488A4F1AE014C424C41E3E7AE2BB7D885
S315000107F0A02B02D8412BB9D0B2E7A3F1A10189B24E
S3150001080042F20122CA40D207AAD5AA2BAED0A12B09
S31500010810ACD0092DE4D0CCE773B50023144E019377
S315000108201348FBF759FA08B902B070BD01A9304661
S31500010830FAF70FFF05460028F2D102460146019854
S31500010840F8F7D6FF2A46044629460068F8F7D0FF8E
S31500010850054601462046FFF771FF29462046F9F76E
S315000108606BF92068F8F7D0FF0198F8F7CDFFD7E7C5
S315000108707417010038B5144D0024B4FA84F35B09EA
S3150001088028685B4200223E21F1F71FFC0443A007C2
S3150001089004D5FEF7F1FE24F00204EEE7610704D564
S315000108A0FFF7BAFF24F00404E7E7E20604D5FEF7F2
S315000108B035FF24F01004E0E7A306DED5FEF758FF66
S315000108C024F02004D9E700BF3418010013B5FEF760
S315000108D082FE0023019340F4000401A8FEF77EFE88
S315000108E001462046FEF772FF019B1843030204D41A
S315000108F0019001A8FEF7ACFFEFE720F4000001909C
S315000109004FF08070FEF764FFF1F717FBF1F743FB39
S31500010910EFE7000030B50D4D8BB0FEF74BFE2C68AE
S315000109208CB92022214602A801F0B2FE084B0193A0
S3150001093040F264623023CDE90623064801AA214626
S31500010940F1F7A6FA28600BB030BD00BFC41B010049
S31500010950BC9D2108CD18210810B5094CFEF73AFEB9
S31500010960236863B14FF40000FEF732FF41F288318C
S315000109704FF08070FEF72AFF08B10023236010BDF7
S31500010980C41B01002DE9F74F0446406801924FF060
S31500010990000C4FF0010E2668019A964201D28D5D38
S315000109A0ADB9002B00F0948061684A1E03EB011378
S315000109B0002AC0F28D8053F80C1C013104D053F883
S315000109C0081C013100F0A780013A103BF0E73A2DEF
S315000109D000F002812BD8222D00F094800CD8093D1D
S315000109E0EDB2172D0BD89E4F27FA05F5ED0706D563
S315000109F0256801352560CEE72C2D00F0F0802768AB
S31500010A00019ABA420DD9CD5D5DB13A2D00F21D8133
S31500010A101F2D00F20F810A2D40F207810D2D40F0A6
S31500010A200781002B40F02281013F276040E07B2DAA
S31500010A3018D008D85B2D15D05D2DE0D1002BD7D06D
S31500010A404FF0020905E07D2DD9D1002BD0D04FF012
S31500010A5001096568013D03EB0518002D2ADA6F1CB3
S31500010A603DD133E023B3D4F804800C9F474574D9B4
S31500010A7008F10107676003EB081A4FF0FF37CAE96F
S31500010A80027CA7687A1C18BF03EB07194FEA081BFB
S31500010A901EBFD9F80C700137C9F80C707B2D14BF35
S31500010AA00225012503F80B50CAF80460C4F8088032
S31500010AB001309DE7D8F8047001371CD0D8F80870CA
S31500010AC07A1C18D198F800A0CA4504D06FF001002D
S31500010AD003B0BDE8F08F0136A760C8F8086003EBE4
S31500010AE00517002D84DB7E68013608D0BE68013605
S31500010AF005D1A5607CE7013DA8F11008ADE7013DF0
S31500010B00103FEEE7751CA846019A2560954201D271
S31500010B104F5D1FB926606FF00200D9E7222F1FD162
S31500010B20002BC5D067680C9ABA4215D97E1C66603F
S31500010B303E014FF0030903EB071703F80690C7E9D7
S31500010B4001850025FD60A668721C1FBF03EB061612
S31500010B50F5680135F560ABE726604FF0FF30B7E782
S31500010B605C2F0DD1019A6F1C974209D22760CF5D88
S31500010B70752F5DD85B2F06D8222F01D02F2F57D185
S31500010B8025680135C0E7A7F15C09364A5FFA89F99C
S31500010B900EFA09F919EA020FF2D1752F48D1023579
S31500010BA025604FF004092768019ABA4210D9CD5D34
S31500010BB075B1A5F1300ABAF1090F04D925F020055E
S31500010BC0413D052D34D80137B9F101092760EAD134
S31500010BD02568013D2560D3E76568013D89E7002B5E
S31500010BE03FF406AFA5686E1C3FF402AF2D015D5DB3
S31500010BF0013D012D7FF6FCAE6668771E03EB0616F6
S31500010C00002FFFF6F5AE16F8105C013D012D09D84F
S31500010C1056F80C5C013505D056F8085C013501D152
S31500010C20A760E5E6013F103EEAE7082D3FF6F9AE7B
S31500010C3026604BE70C4A203DEDB222FA05F5ED0799
S31500010C403FF5EFAE01372760D9E605F0DF08B8F1C9
S31500010C505D0F3FF4E6AE203D5E2DF3D9E8E700BF18
S31500010C6013008000410444010110000465680C9AD8
S31500010C70AA427FF671AF05F10108C4F804804FEA74
S31500010C8005184FF0040203EB051503F80820C5E922
S31500010C900167013FC5F80CC0276054E70023C0E98E
S31500010CA000334FF0FF3383607047000081F000414D
S31500010CB002E000BF83F0004330B54FEA41044FEA3A
S31500010CC0430594EA050F08BF90EA020F1FBF54EAD5
S31500010CD0000C55EA020C7FEA645C7FEA655C00F071
S31500010CE0E2804FEA5454D4EB5555B8BF6D420CDD42
S31500010CF02C4480EA020281EA030382EA000083EAC5
S31500010D00010180EA020281EA0303362D88BF30BD64
S31500010D1011F0004F4FEA01314FF4801C4CEA1131BA
S31500010D2002D0404261EB410113F0004F4FEA033319
S31500010D304CEA133302D0524263EB430394EA050FA4
S31500010D4000F0A780A4F10104D5F1200E0DDB02FA13
S31500010D500EFC22FA05F2801841F1000103FA0EF2A7
S31500010D60801843FA05F359410EE0A5F120050EF16D
S31500010D70200E012A03FA0EFC28BF4CF0020C43FA9E
S31500010D8005F3C01851EBE37101F0004507D54FF0AB
S31500010D90000EDCF1000C7EEB00006EEB0101B1F5FB
S31500010DA0801F1BD3B1F5001F0CD349085FEA300041
S31500010DB04FEA3C0C04F101044FEA445212F5800F4C
S31500010DC080F09A80BCF1004F08BF5FEA500C50F1E9
S31500010DD0000041EB045141EA050130BD5FEA4C0CCC
S31500010DE0404141EB0101013C28BFB1F5801FE9D229
S31500010DF091F0000F04BF01460020B1FA81F308BF4C
S31500010E002033A3F10B03B3F120020CDA0C3208DD17
S31500010E1002F1140CC2F10C0201FA0CF021FA02F1F2
S31500010E200CE002F11402D8BFC2F1200C01FA02F162
S31500010E3020FA0CFCDCBF41EA0C019040E41AA2BF87
S31500010E4001EB0451294330BD6FEA04041F3C1CDA4F
S31500010E500C340EDC04F11404C4F1200220FA04F06F
S31500010E6001FA02F340EA030021FA04F345EA030119
S31500010E7030BDC4F10C04C4F1200220FA02F001FADB
S31500010E8004F340EA0300294630BD21FA04F029465D
S31500010E9030BD94F0000F83F4801306BF81F48011F6
S31500010EA00134013D4EE77FEA645C18BF7FEA655C69
S31500010EB029D094EA050F08BF90EA020F05D054EA3B
S31500010EC0000C04BF1946104630BD91EA030F1EBF40
S31500010ED00021002030BD5FEA545C05D14000494144
S31500010EE028BF41F0004130BD14F580043CBF01F537
S31500010EF0801130BD01F0004545F0FE4141F470011D
S31500010F004FF0000030BD7FEA645C1ABF19461046F7
S31500010F107FEA655C1CBF0B46024650EA013406BFF8
S31500010F2052EA033591EA030F41F4002130BD00BFB7
S31500010F3090F0000F04BF0021704730B54FF4806474
S31500010F4004F132044FF000054FF0000150E700BFF5
S31500010F5090F0000F04BF0021704730B54FF4806454
S31500010F6004F1320410F0004548BF40424FF0000141
S31500010F703EE700BF42004FEAE2014FEA31014FEA84
S31500010F8002701FBF12F07F4393F07F4F81F06051D3
S31500010F90704732F07F4208BF704793F07F4F04BF1E
S31500010FA041F40021704730B54FF4607401F00045FB
S31500010FB021F000411CE700BF50EA010208BF70475B
S31500010FC030B54FF000050AE050EA010208BF70474C
S31500010FD030B511F0004502D5404261EB41014FF4B5
S31500010FE0806404F132045FEA915C3FF4D8AE4FF0BD
S31500010FF003025FEADC0C18BF03325FEADC0C18BFA0
S31500011000033202EBDC02C2F1200300FA03FC20FAF0
S3150001101002F001FA03FE40EA0E0021FA02F114443D
S31500011020BDE600BF70B54FF0FF0C4CF4E06C1CEA56
S3150001103011541DBF1CEA135594EA0C0F95EA0C0FC7
S3150001104000F0DEF82C4481EA030621EA4C5123EA3A
S315000110504C5350EA013518BF52EA033541F4801169
S3150001106043F4801338D0A0FB02CE4FF00005E1FB1C
S3150001107002E506F00042E0FB03E54FF00006E1FB66
S3150001108003569CF0000F18BF4EF0010EA4F1FF04A9
S31500011090B6F5007F64F5407404D25FEA4E0E6D41E9
S315000110A046EB060642EAC62141EA55514FEAC520FA
S315000110B040EA5E504FEACE2EB4F1FD0C88BFBCF576
S315000110C0E06F1ED8BEF1004F08BF5FEA500E50F127
S315000110D0000041EB045170BD06F0004646EA0101ED
S315000110E040EA020081EA0301B4EB5C04C2BFD4EB1F
S315000110F00C0541EA045170BD41F480114FF0000E18
S31500011100013C00F3AB8014F1360FDEBF002001F085
S31500011110004170BDC4F10004203C35DA0C341BDCFF
S3150001112004F11404C4F1200500FA05F320FA04F0D1
S3150001113001FA05F240EA020001F0004221F0004105
S3150001114010EBD37021FA04F642EB06015EEA430E78
S3150001115008BF20EAD37070BDC4F10C04C4F12005A8
S3150001116000FA04F320FA05F001FA04F240EA02005B
S3150001117001F0004110EBD37041F100015EEA430E2C
S3150001118008BF20EAD37070BDC4F1200500FA05F24C
S315000111904EEA020E20FA04F301FA05F243EA0203CB
S315000111A021FA04F001F0004121FA04F220EA0200DA
S315000111B000EBD3705EEA430E08BF20EAD37070BD20
S315000111C094F0000F0FD101F00046400041EB010100
S315000111D011F4801F08BF013CF7D041EA060195F0E2
S315000111E0000F18BF704703F00046520043EB03039C
S315000111F013F4801F08BF013DF7D043EA0603704789
S3150001120094EA0C0F0CEA135518BF95EA0C0F0CD093
S3150001121050EA410618BF52EA4306D1D181EA0301D9
S3150001122001F000414FF0000070BD50EA410606BFD3
S315000112301046194652EA430619D094EA0C0F02D118
S3150001124050EA013613D195EA0C0F05D152EA03365D
S315000112501CBF104619460AD181EA030101F000417B
S3150001126041F0FE4141F470014FF0000070BD41F0C4
S31500011270FE4141F4780170BD70B54FF0FF0C4CF49E
S31500011280E06C1CEA11541DBF1CEA135594EA0C0FBD
S3150001129095EA0C0F00F0A7F8A4EB050481EA030E0A
S315000112A052EA03354FEA013100F088804FEA0333F1
S315000112B04FF0805545EA131343EA12634FEA0222BF
S315000112C045EA111545EA10654FEA00260EF0004180
S315000112D09D4208BF964244F1FD0404F5407402D2D2
S315000112E05B084FEA3202B61A65EB03055B084FEA63
S315000112F032024FF480104FF4002CB6EB020E75EB60
S31500011300030E22BFB61A754640EA0C005B084FEA87
S315000113103202B6EB020E75EB030E22BFB61A754604
S3150001132040EA5C005B084FEA3202B6EB020E75EB4F
S31500011330030E22BFB61A754640EA9C005B084FEAC7
S315000113403202B6EB020E75EB030E22BFB61A7546D4
S3150001135040EADC0055EA060E18D04FEA051545EAC3
S3150001136016754FEA06164FEAC30343EA52734FEA6C
S31500011370C2025FEA1C1CC0D111F4801F0BD141EAE5
S3150001138000014FF000004FF0004CB6E711F4801F4A
S3150001139004BF01430020B4F1FD0C88BFBCF5E06F2A
S315000113A03FF6AFAEB5EB030C04BFB6EB020C5FEA3A
S315000113B0500C50F1000041EB045170BD0EF0004E8F
S315000113C04EEA113114EB5C04C2BFD4EB0C0541EAC1
S315000113D0045170BD41F480114FF0000E013C90E6BE
S315000113E045EA060E8DE60CEA135594EA0C0F08BF82
S315000113F095EA0C0F3FF43BAF94EA0C0F0AD150EA81
S3150001140001347FF434AF95EA0C0F7FF425AF104613
S3150001141019462CE795EA0C0F06D152EA03353FF43B
S31500011420FDAE1046194622E750EA410618BF52EAB8
S3150001143043067FF4C5AE50EA41047FF40DAF52EA8C
S3150001144043057FF4EBAE12E74FF0FF3C06E000BF29
S315000114504FF0010C02E000BF4FF0010C4DF804CD36
S315000114604FEA410C7FEA6C5C4FEA430C18BF7FEAF6
S315000114706C5C1BD001B050EA410C0CBF52EA430C24
S3150001148091EA030F02BF90EA020F0020704710F1A4
S31500011490000F91EA030F58BF994208BF90422CBF33
S315000114A0D8176FEAE37040F0010070474FEA410C2C
S315000114B07FEA6C5C02D150EA013C07D14FEA430C4A
S315000114C07FEA6C5CD6D152EA033CD3D05DF8040BBB
S315000114D0704700BF8446104662468C4619466346ED
S315000114E000E000BF01B5FFF7B7FF002848BF10F1C4
S315000114F0000F01BD4DF808EDFFF7F4FF0CBF012009
S3150001150000205DF808FB00BF4DF808EDFFF7EAFF84
S3150001151034BF012000205DF808FB00BF4DF808ED3F
S31500011520FFF7E0FF94BF012000205DF808FB00BF34
S315000115304DF808EDFFF7CEFF94BF012000205DF8BE
S3150001154008FB00BF4DF808EDFFF7C4FF34BF0120CB
S3150001155000205DF808FB00BF4A0011D212F5001207
S3150001156011D20DD56FF47873B3EB62520ED44FEAF4
S31500011570C12343F0004343EA505323FA02F0704774
S315000115804FF00000704750EA013002D14FF0FF30B2
S3150001159070474FF0000070471FB514461A46094BB5
S315000115A01B680546D86854B9074B1C46CDE901347A
S315000115B000912B46054900F075FE01F097F9044BA1
S315000115C0F4E700BFB40E000038872108E19D210829
S315000115D0D49D21080A22002100F044B9024B0A4693
S315000115E00146186800F002B8B40E000070B5A1FB00
S315000115F002543CB9294600F03FF8064628B90026B0
S31500011600304670BD0C220260F9E72A46214601F0F8
S315000116103FF8F5E7024B0146186800F02DB800BF08
S31500011620B40E0000024B0146186802F01BB800BF59
S31500011630B40E000070B50F4E0C463168054611B95F
S3150001164001F0AEF830602146284601F0A9F8431CA6
S3150001165003D14FF0FF34204670BDC41C24F00304AF
S31500011660A042F8D0211A284601F09AF80130F2D1A9
S31500011670EFE700BFC81B01002DE9F041CD1C25F0A5
S31500011680030508350C2D38BF0C25002D064601DB58
S31500011690A94204D90C2333600020BDE8F081314F03
S315000116A0F2F78CFD3B681C4644BB29463046FFF7E2
S315000116B0C1FF431C044650D13C682146002941D153
S315000116C0002C44D02368304604EB030801F068F887
S315000116D080453CD121686D1A29463046FFF7AAFF9D
S315000116E0013034D023682B4423603B68002B36D06D
S315000116F05A68A24229D100225A600EE02268521B82
S315000117001DD40B2A16D96119A342256018BF596049
S31500011710636808BF396062514B603046F2F770FD6D
S3150001172004F10B00231D20F00700C21AB5D01B1AC5
S31500011730A350B2E7A3426268DED13A60EDE72346E1
S315000117406468B1E70C464968B8E71346CEE70C234F
S3150001175033603046F2F754FD9EE70560DDE75B60D6
S31500011760FFDE00BFCC1B0100242B2DE9F047864686
S31500011770904601D8012B06D101F034F816230360F7
S315000117800020BDE8F08736480D462A4615F8014B7C
S31500011790065D16F00806F8D12D2C24D12C780126E9
S315000117A0951C2BBB302C30D00A2306F1004C0CF1D2
S315000117B0FF3C0022BCFBF3F9104603FB19CAA4F156
S315000117C03007092F28D83C46A34234DD571C07D0E1
S315000117D081452DD301D1A2452ADB00FB034001221D
S315000117E015F8014BEBE72B2C04BF2C78951CD8E799
S315000117F0102BDAD1302CD8D12A7802F0DF02582A00
S31500011800D3D16C7810230235CFE72B7803F0DF03B1
S31500011810582BF6D00823C8E7A4F14107192F01D8A0
S31500011820373CD1E7A4F16107192F04D8573CCBE720
S315000118304FF0FF32D4E7531C08D12223CEF80030F3
S315000118406046B8F1000F9CD0691E06E006B1404221
S31500011850B8F1000F95D0002AF6D1C8F8001090E72C
S31500011860119E210813460A46014602480068FFF701
S315000118707BBF00BFB40E00002DE9F04F89B0DDE952
S315000118801598002B1D461446BCBF03F100431446B0
S3150001189028F0200A149AB6BF1D4600232D23BAF15B
S315000118A0460FDDE9126B137005D0BAF1450F00D171
S315000118B00136022300E0032307AA049206AACDE912
S315000118C00292CDE9003622462B4601F0A1F8B8F185
S315000118D0670F074619D11BF0010F0ED007EB06085B
S315000118E00022002320462946FFF704FE08B1CDF861
S315000118F01C803022079B434521D3079B179ADB1B8C
S315000119003846136009B0BDE8F08FB8F1470FE2D051
S31500011910BAF1460F00EB0608E2D10378302B0AD163
S315000119200022002320462946FFF7E4FD18B9C6F137
S315000119300106C9F80060D9F800309844D0E7591C6F
S3150001194007911A70D6E7F7B50029BABF49422D2388
S315000119502B2309290270437029DD0DF107031D466A
S315000119600A271A46B1FBF7F607FB1614303402F8BC
S31500011970014C0C46632C03F1FF333146F1DC303167
S31500011980941E03F8011C411C2346AB420AD30DF1F8
S3150001199009039B1AAC4288BF002302330344181A79
S315000119A003B0F0BD13F8016B01F8016FEDE73023C9
S315000119B030318370C170031DF1E700002DE9F04F4E
S315000119C091B00C46DDF8688016461F46054600F0C4
S315000119D0AFFE03680893184600F080FF00230E93BC
S315000119E0D8F800300990073323F0070303F1080202
S315000119F094F818A0D4F800B0C8F80020D3E90089FB
S31500011A0029F000430B93CDF82880C4E91289DDE95A
S31500011A100A019C4B4FF0FF3202F058FE70BBDDE924
S31500011A200A01984B4FF0FF32FFF778FD30BB0022D9
S31500011A30002340464946FFF767FD10B12D2384F880
S31500011A404330914A914BBAF1470F94BF904698465D
S31500011A50032323612BF0040323604FF00009009751
S31500011A6033460FAA2146284600F0DEF9013040F040
S31500011A7099804FF0FF3011B0BDE8F08F42464B46DA
S31500011A804046494602F022FE40B14B46002BBCBF00
S31500011A902D2384F843307E4A7E4BD4E763685A1C73
S31500011AA029D1062363604BF48063002223600692EA
S31500011AB00EAACDE904A20DAA03920DF13302CDE9D6
S31500011AC001326368009342464B462846FFF7D4FE2F
S31500011AD0BAF1670F0D99804615D1CB1C3BDB6368C4
S31500011AE0994238DC0E9B994255DB23682161D80760
S31500011AF045D54B1C42E00AF0DF02472AD3D1002B21
S31500011B00D1D10123CEE7BAF1470F07D1C81C25DB96
S31500011B1063688B4222DB4FF0670AE3E7BAF1650F90
S31500011B201FD80139524604F150000D91FFF70BFF02
S31500011B300E9A1318012A8146236102DC2268D20714
S31500011B4001D5013323619DF83330002B87D02D2336
S31500011B5084F8433083E74FF0650AE2E74FF0450A20
S31500011B60DFE7BAF1660FBDD1002963680BDD21619C
S31500011B7013B92268D00702D501330B442361A1654D
S31500011B804FF00009DFE713B92268D20701D5023306
S31500011B90F4E70123F2E70029D4BFC1F102020122D1
S31500011BA01344EBE723685A0507D4236942463146B5
S31500011BB02846B84701302BD15BE7BAF1650F40F2F1
S31500011BC0DC80D4E9120100220023FFF793FC0028F0
S31500011BD033D0314A012331462846B84701303FF414
S31500011BE048AFDDE90D38434502DB2368D8070FD539
S31500011BF0DDE9082331462846B84701303FF439AFBD
S31500011C004FF0000908F1FF3804F11A0AC84509DC4A
S31500011C1023689B0700F10281E0680F9B9842B8BFD9
S31500011C20184628E70123524631462846B84701306F
S31500011C303FF41FAF09F10109E8E70D9B002B38DCE2
S31500011C40154A012331462846B84701303FF411AF02
S31500011C50DDE90D3959EA030302D12368D907D7D53E
S31500011C60DDE9082331462846B84701303FF401AF84
S31500011C704FF0000A04F11A0B0D9B5B4253450DDC34
S31500011C804B4693E7FFFFEF7F119F2108159F210820
S31500011C90199F21081D9F2108CA8F210801235A4631
S31500011CA031462846B84701303FF4E3AE0AF1010A4E
S31500011CB0E2E7A36DDDF838A05345A8BF5346002BD4
S31500011CC0994636DC4FF0000B29EAE97904F11A024C
S31500011CD0A36D0A93A3EB09035B4531DC0D9B9A4582
S31500011CE03ADC2368DA0737D40D9BAAEB03090A9B72
S31500011CF0AAEB03039945A8BF9946B9F1000F33DC56
S31500011D004FF0000829EAE97904F11A0B0D9BAAEBB9
S31500011D100303A3EB090343457FF77AAF01235A4631
S31500011D2031462846B84701303FF4A3AE08F1010811
S31500011D30ECE7424631462846B8470130C2D198E61B
S31500011D400123314628460A92B84701303FF491AE45
S31500011D500A9A0BF1010BBBE7DDE908233146284658
S31500011D60B8470130C0D184E60A9A4B46424431460F
S31500011D702846B8470130C3D17BE6DDF838A0BAF171
S31500011D80010F01DCDB0736D50123424631462846E1
S31500011D90B84701303FF46DAEDDE9082331462846E8
S31500011DA0B84701303FF465AED4E9120100220023A1
S31500011DB00AF1FF3AFFF79EFBC0B9534608F101024B
S31500011DC031462846B84701300CD152E601235A461E
S31500011DD031462846B84701303FF44BAE08F10108B9
S31500011DE0D045F3DB4B4604F15002E0E64FF0000824
S31500011DF004F11A0BF4E701234246E1E701234A46BF
S31500011E0031462846B84701303FF433AE08F10108A0
S31500011E10E3680F995B1A4345F0DCFDE64FF00008D5
S31500011E2004F11909F4E700BF2DE9F0471646984673
S31500011E308A680B69DDF820909342B8BF1346336078
S31500011E4091F8432007460C460AB1013333602368F3
S31500011E50990642BF336802333360256815F00605DB
S31500011E6006D104F1190AE36832689B1AAB4226DCF3
S31500011E7094F843302268003B18BF012392062BD405
S31500011E8004F1430241463846C84701301ED0236853
S31500011E90226903F00603042B02BFE5683368ED1AD5
S31500011EA0A3680CBF25EAE57500259342C4BF9B1ABA
S31500011EB0ED1800261A34B5421AD1002008E0012394
S31500011EC0524641463846C847013003D14FF0FF30EC
S31500011ED0BDE8F0870135C6E7E1185A1C302081F8C4
S31500011EE04300224494F8451082F843100233C7E7B1
S31500011EF00123224641463846C8470130E6D001361D
S31500011F00D9E700002DE9FF470F7E0C9E782F9146F9
S31500011F1080460C469A4601F1430207D8622F0AD839
S31500011F20002F00F0DD80582F00F0C38004F1420637
S31500011F3084F842703AE0A7F16303152BF6D801A1A4
S31500011F4051F823F09D2F2108B12F21082D2F2108AB
S31500011F502D2F21082D2F21082D2F2108B12F2108E2
S31500011F602D2F21082D2F21082D2F21082D2F210856
S31500011F70C73021083F3021087F3021082D2F210845
S31500011F802D2F2108E93021082D2F21083F30210866
S31500011F902D2F21082D2F21088730210833681A1D7E
S31500011FA01B68326004F1420684F842300123A8E03E
S31500011FB031682368081D30601E0601D50D6803E0EF
S31500011FC05D06FBD5B1F900506168002D78DA2D2048
S31500011FD0002984F84300A1602DDA5E486D420A2388
S31500011FE01646B5FBF3F103FB1157C75D06F8017DF4
S31500011FF02F46BB420D46F4D9082B0BD12368DF07C8
S3150001200008D5236961689942DEBF302306F8013C91
S3150001201006F1FF36921B2261CDF800A04B4603AABA
S3150001202021464046FFF700FF01306FD14FF0FF30E8
S3150001203004B0BDE8F08723F004032360CDE72168EF
S315000120403368080653F8045B02D4490648BFADB2AB
S315000120506F2F4048336014BF0A230823002184F8F8
S3150001206043106668A660002EBADB216821F00401E0
S315000120702160002DB4D1002EB2D11646BCE72368EB
S3150001208043F0200323603448782784F84570236899
S3150001209031681F0651F8045B02D45F0648BFADB232
S315000120A03160D90744BF43F0200323601DB11023DB
S315000120B0D4E72848E9E7236823F020032360F6E7FD
S315000120C024480A23CDE7336825686169181D306005
S315000120D02E061B6801D5196002E06806FBD519803A
S315000120E000232361164697E733681A1D32601E687E
S315000120F062680021304600F093FB08B1801B6060E6
S3150001210063682361002384F8433085E723693246F7
S3150001211049464046D047013088D023689B0714D4EE
S31500012120E068039B9842B8BF184681E7012332460F
S3150001213049464046D04701303FF478AF0135E36860
S3150001214003995B1AAB42F1DCEAE7002504F11906B3
S31500012150F5E700BF219F2108329F2108002310B512
S315000121600446C0E90033C0E90433836081814366D4
S31500012170C2818361194608225C3000F089FA0D4B51
S3150001218063620D4BA3620D4BE3620D4B23630D4B53
S3150001219024629C4206D003F16802944202D0D033F5
S315000121A09C4205D104F15800BDE8104000F020BB67
S315000121B010BD00BF8D342108AF342108E734210852
S315000121C00B352108D01B0100024A0349034800F0E0
S315000121D07BB800BFA80E000041542108B80E0000CC
S315000121E041680C4B994210B5044601D002F028F91A
S315000121F0A168094B994202D0204602F021F9E16813
S31500012200064B994204D02046BDE8104002F018B9A9
S3150001221010BD00BFD01B0100381C0100A01C01002D
S3150001222010B50B4B0B4C0C4A1A60204600220421B8
S31500012230FFF794FF04F1680001220921FFF78EFFE1
S3150001224004F1D0000222BDE810401221FFF786BF3B
S31500012250081D0100D01B0100C9312108014800F009
S31500012260C8BA00BF101D0100014800F0C3BA00BF83
S31500012270101D010010B50446FFF7F0FF236A1BB1DC
S31500012280BDE81040FFF7F0BF044B2362044B1B6807
S31500012290002BF5D1FFF7C4FFF2E700BFE1312108BA
S315000122A0081D01000EB403B5014603AB054853F8FA
S315000122B0042B0068019301F027FF02B05DF804EBDF
S315000122C003B07047B40E00002DE9F843074688466F
S315000122D014460026D4E90195B9F1010905D524680A
S315000122E0002CF7D13046BDE8F883AB89012B07D91D
S315000122F0B5F90E30013303D029463846C0470643A7
S315000123006835E9E70FB407B5064904AB086853F821
S31500012310042B8168019301F0F7FE03B05DF804EB2D
S3150001232004B07047B40E0000036A70B584680546B0
S315000123300E460BB9FFF79EFF636EDB0705D4A38933
S31500012340980502D4A06D00F054FAA389190702D5A5
S315000123502369002B35D12146284600F019F980B3AF
S315000123604FF0FF35636EDA0705D4A3899B0502D4C6
S31500012370A06D00F03FFA284670BD002B15DB2368DF
S315000123805A1C22601970A36816F8011F013BA3604D
S315000123900029F2D1002B16DA22460A21284600F03E
S315000123A0B8F80130DCD00A25DCE7A2699A4201DCE3
S315000123B00A29E4D12246284600F0ABF80130E2D1E1
S315000123C0CEE7013EDFE723685A1C22600A221A7013
S315000123D0E9E70000024B01461868FFF7A5BF00BFF9
S315000123E0B40E00000CB430B5174B0C1E1D689DB021
S315000123F008DA8B232B604FF0FF301DB0BDE830406B
S3150001240002B070474FF40273ADF8143014BF04F1F3
S31500012410FF332346049307934FF6FF73029006900A
S31500012420ADF81630209A21AB02A92846019301F096
S3150001243045FD431CBCBF8B232B60002CDDD0029BCA
S3150001244000221A70D9E700BFB40E00000EB400B521
S315000124509CB01DAB029006906FF0004109480791B0
S315000124600491094953F8042B05910068019302A9C7
S3150001247001F024FD029B00221A701CB05DF804EBEA
S3150001248003B07047B40E00000802FFFF10B50C46FA
S31500012490B1F90E1000F072F90028ABBF636DA38984
S315000124A01B1823F48053ACBF6365A38110BD2DE9CE
S315000124B0F0411F468B89DB0505460C46164605D5B8
S315000124C0B1F90E100223002200F046F9A389B4F9EE
S315000124D00E1023F48053A38132463B462846BDE8BD
S315000124E0F04100F06DB910B50C46B1F90E1000F0CF
S315000124F033F9431CA38915BF606523F4805343F464
S315000125008053A38118BFA38110BDB1F90E1000F04D
S3150001251013B9F8B50E461446054618B1036A0BB948
S31500012520FFF7A8FEA369A360A3891A0701D523694A
S3150001253043B92146284600F02BF818B14FF0FF3772
S315000125403846F8BD23682269981A6369F6B2834250
S31500012550374605DC2146284601F072FF0028EDD1F9
S31500012560A368013BA36023685A1C22601E7062693E
S31500012570431C9A4204D0A389DB07E1D50A2EDFD199
S315000125802146284601F05CFF0028D9D0D6E7000095
S3150001259038B5294B054618680C4618B1036A0BB9BC
S315000125A0FFF768FEB4F90C30190722D4DA0607D40E
S315000125B009222A6043F04003A3814FF0FF3033E044
S315000125C0580712D5616B41B104F14403994202D017
S315000125D0284601F047F800236363A38923F0240307
S315000125E0A3810023636023692360A38943F0080361
S315000125F0A38123694BB9A38903F42073B3F5007F43
S3150001260003D02146284601F069FFB4F90C3013F0D6
S3150001261001020AD00022A26062695242A2612269C5
S3150001262042B913F08000C5D138BD990758BF626918
S31500012630A260F4E70020F7E7B40E000010B50139F7
S315000126400244904201D1002005E0037811F8014FC0
S31500012650A34201D0181B10BD0130F2E7884210B524
S3150001266001EB020402D98442234607D8431EA14244
S3150001267008D011F8012B03F8012FF8E702440146AF
S315000126808A4200D110BD13F8014D02F8014DF7E75A
S3150001269002440346934200D1704703F8011BF9E750
S315000126A0C9B20346184613F8012B12B18A42F9D171
S315000126B07047002918BF0020704710B56AB101396B
S315000126C0841810F8012B11F8013F9A4203D1A04258
S315000126D001D0002AF5D1D01A10BD1046FCE710B57D
S315000126E00139034632B111F8014F03F8014B013AA2
S315000126F0002CF7D11A440021934200D110BD03F8F2
S31500012700011BF9E70A7870B56AB970BD9A4209D119
S315000127100C46054614F8013F002BF6D015F8016F5B
S315000127209E42F7D001300378002BEFD11846ECE733
S3150001273000487047F40F000038B5064D00230446E3
S3150001274008462B60F1F71EFE431C02D12B6803B12C
S31500012750236038BD0C1D010038B5074D04460846F7
S31500012760114600222A601A46F1F716FE431C02D1D1
S315000127702B6803B1236038BD0C1D010038B5074D28
S3150001278004460846114600222A601A46F1F706FE5B
S31500012790431C02D12B6803B1236038BD0C1D010017
S315000127A038B5064D0023044608462B6001F0CCFFE0
S315000127B0431C02D12B6803B1236038BD0C1D0100F7
S315000127C038B5074D04460846114600222A601A46C6
S315000127D0F1F7B6FD431C02D12B6803B1236038BD66
S315000127E00C1D0100014B1868704700BFB40E0000B4
S315000127F070477047704710F8012B11F8013B012A09
S3150001280028BF9A42F7D0D01A7047034611F8012B18
S3150001281003F8012B002AF9D17047000000000000DF
S3150001282001F0FF01102A2BDB10F0070F08D010F87A
S31500012830013B013A8B422DD010F0070F42B3F6D17E
S31500012840F0B441EA012141EA014122F007047FF097
S3150001285000070023F0E80256083C85EA010586EAEE
S31500012860010685FA47F5A3FA87F586FA47F6A5FA2A
S3150001287087F68EB9EED1F0BC01F0FF0102F0070236
S3150001288032B110F8013B013A83EA010313B1F8D1E1
S315000128900020704701387047002D06BF35460338C2
S315000128A0073815F0010F07D1013015F4807F02BFFB
S315000128B0013015F4C03F0130F0BC0138704700BF4C
S315000128C00A44914200F1FF3300D1704710B511F867
S315000128D0014B03F8014F9142F9D110BD034613F89C
S315000128E0012B002AFBD1181A0138704708B50620BA
S315000128F001F058FE0120F1F71DFD2DE9F74F03699F
S315000129000C69A34207467EDB013C01F11408A300D2
S3150001291000F11405009305EB8403019358F8243064
S3150001292055F8242001339A4208EB8409B2FBF3F6E9
S315000129302ED34FF0000AC446AE46D3465CF8043B9C
S3150001294098B206FB00A0020C1B0C06FB0323DEF863
S31500012950002080B292B2121A5A44DEF800004FEA01
S31500012960134A9BB2C3EB224303EB104392B242EAF2
S315000129700342E1454EF8042B4FEA234BDED2009B7E
S31500012980EB582BB9019B043B9D421A462FD33C6160
S31500012990384601F02FF9002825DB2946002058F892
S315000129A0042BD1F800C01FFA82FE1FFA8CF3A3EBA9
S315000129B00E030344120CC2EB234202EB1C429BB2F0
S315000129C043EA0243C14541F8043B4FEA2240E6D2BD
S315000129D055F8242005EB840322B9043B9D421A468F
S315000129E00BD33C610136304603B0BDE8F08F126867
S315000129F0043B002ACBD1013CC6E71268043B002AFE
S31500012A00EFD1013CEAE70020EEE7000000000000FC
S31500012A102DE9F04FC76997B014461D46CDE9044527
S31500012A20239E83467FB91020FEF7F4FD0246CBF8BC
S31500012A301C0020B9A64BEF21A648FEF7ADFDC0E963
S31500012A4001770760C760DBF81C30196859B15A680D
S31500012A504A60012393408B60584600F08DFEDBF8F7
S31500012A601C3000221A602B1EB9BF23F000430593C8
S31500012A7000233360059F984BBCBF01223260BB43E4
S31500012A8019D1229A42F20F731360C7F3130323433A
S31500012A9000F0DE85249B53B9904B21E0904B0893BF
S31500012AA00833249A1360089817B0BDE8F08F8B4B52
S31500012AB008930333F5E79DED047B002251EC170BD8
S31500012AC000238DED0C7BFEF715FD804650B1229A51
S31500012AD001231360249B13B1249A824B1360824B0A
S31500012AE00893E0E714AB019315AB00935846DDE973
S31500012AF00C2301F02FF9C7F30A560390002E79D063
S31500012B000D9BCDF84C80C3F31303DDE90C0143F0B3
S31500012B107F5343F44013A6F2FF3619460022734B46
S31500012B20FEF7C8F864A3D3E90023FEF77BFA64A392
S31500012B30D3E90023FEF7C0F8044630460D46FEF7FA
S31500012B4007FA61A3D3E90023FEF76CFA02460B46A6
S31500012B5020462946FEF7B0F804460D4601F0CCFDA5
S31500012B6000220746002320462946FEF7CDFC40B148
S31500012B703846FEF7EDF922462B46FEF7BBFC00B9B7
S31500012B80013F162F53D85A4B03EBC703D3E9002352
S31500012B90DDE90C01FEF7B8FC00284AD0013F00230D
S31500012BA01293149B9B1B5A1E45BFC3F10103099344
S31500012BB0002300230A9254BF09930A93002F3ADB9C
S31500012BC00A9B0F973B440A9300230B93209B092BE7
S31500012BD067D8052BC4BF043B2093209BA3F10203B6
S31500012BE0CCBF00240124032B00F28680DFE803F02A
S31500012BF02B383657DDE914631E4406F23243202B87
S31500012C00C1BFC3F140039F4006F2124324FA03F306
S31500012C10D6BFC3F1200347EA030004FA03F0FEF727
S31500012C2087F90122A1F1F873013E139275E7012399
S31500012C30B6E71290B5E7099BDB1B09937B420B9321
S31500012C4000230F93C2E700230E93219B002B56DC32
S31500012C500123069399461A4621920CE00123F3E7D4
S31500012C6000230E93219BFB1803F1010906934B46A2
S31500012C70012BB8BF0123DBF81C000021042202F15D
S31500012C8014059D423FD94160584600F035FD089034
S31500012C9000283BD1174B024640F2AF11CCE6012387
S31500012CA0DFE70124002320930E944FF0FF330693B0
S31500012CB0994600221223CFE761436F63A787D23F6C
S31500012CC0B3C8608B288AC63FFB799F501344D33F14
S31500012CD0509F2108679F21080000F07F4C9F210823
S31500012CE0439F2108CB8F2108CA8F21080000F83F96
S31500012CF060A02108C09F210801230E93D5E7219BDF
S31500012D0006939946B7E701315200B8E7DBF81C3064
S31500012D10089A1A60B9F10E0F6FD8002C6DD0002FEA
S31500012D2036DDA14B07F00F0203EBC20393ED007BE7
S31500012D30F8058DED107B4FEA271417D59B4BDDE97E
S31500012D400C01D3E90823FEF797FACDE9040104F053
S31500012D500F044FF00308954D5CB9DDE91023DDE959
S31500012D600401FEF789FACDE904012BE04FF00208D0
S31500012D70F1E7E10709D5DDE91001D5E90023FEF701
S31500012D8051F9CDE9100108F1010864100835E3E7AE
S31500012D9000F007817C42844B844D04F00F0203EB63
S31500012DA0C203D3E90023DDE90C01FEF73BF9CDE9C6
S31500012DB00401241100234FF00208002C40F0E580A5
S31500012DC0002BD0D1129BDDE90445002B00F04B818D
S31500012DD0774B002220462946FEF796FB002800F095
S31500012DE04281B9F1000F00F03E81069B002B00F3F2
S31500012DF0E380DDE90C34CDE90434159B002B02DBBD
S31500012E000E2F40F341820E9A002A40F066820B9CF7
S31500012E10DDF824800025B8F1000F0DD00A9B002BA8
S31500012E200ADD4345099AA8BF4346D21A09920A9A6E
S31500012E30A8EB0308D31A0A930B9B0BB30E9B002B2B
S31500012E4000F0A582002C00F0A082294622465846B1
S31500012E5000F00AFE039A01460546584600F05AFD5F
S31500012E6003990646584600F087FC0B9B1B1B0B93E8
S31500012E7000F090820B9A3146584600F0F5FD03901A
S31500012E800121584600F030FD0F9B0446002B00F04F
S31500012E9083821A460146584600F0E6FD209B012B27
S31500012EA0044603DC049B002B00F07B820026236989
S31500012EB004EB8303186900F0C7FC0F96C0F12000EC
S31500012EC00A9B184410F01F0000F09082C0F1200305
S31500012ED0042B40F38082099BC0F11C000344099333
S31500012EE00A9B034480440A93099B002B05DD039941
S31500012EF01A46584600F012FE03900A9B002B05DD88
S31500012F0021461A46584600F009FE0446129B002B3C
S31500012F1000F075820398214600F06CFE002880F2CD
S31500012F206E82002303990A22584600F047FC0E9B45
S31500012F3003907E1E002B00F05B82002329460A22A5
S31500012F40584600F03BFC069B002B054603DC209B04
S31500012F50022B00F35D82B8F1000F05DD29464246DA
S31500012F60584600F0DBFD05460F9B002B00F0CF8293
S31500012F706968584600F0C0FB0746002840F07E828B
S31500012F800C4B024640F2EF2156E5E20706D5D5E99C
S31500012F900023FEF747F808F10108012364100835FC
S31500012FA00BE74FF002080DE760A0210838A02108C1
S31500012FB00000F03FC09F21082046AD4B0022294664
S31500012FC0FEF730F8CDE90401069C7E1E08F10108E2
S31500012FD04046FDF7BDFFDDE90423FEF723F8A54BC7
S31500012FE00022FDF769FEA1F15073CDE9100111939D
S31500012FF0002C3BD1DDE904019F4B0022FDF75AFE6F
S3150001300002460B46CDE90423DDE91023FEF79AFAC1
S31500013010002840F05781DDE9102101F10043DDE987
S315000130200401FEF771FA00283FF4E3AE00242546B9
S31500013030219BDDF820A0DE434FF0000821465846CB
S3150001304000F09AFB002D00F0A980B8F1000F05D021
S31500013050A84503D04146584600F08EFB29465846FE
S3150001306000F08AFB9AE03E464C46B1E7834B03EB00
S31500013070C40353E90201089B1C440E9B002B4AD052
S3150001308002460B4600207E49FEF7F6F8DDE91023DD
S31500013090FDF710FECDE91001DDF820A0DDE9040100
S315000130A001F02AFB0546FDF753FF02460B46DDE913
S315000130B00401FDF7FFFD3035CDE9040102460B465B
S315000130C00AF8015BDDE91001FEF73CFA002865D13B
S315000130D0DDE904236B490020FDF7ECFD02460B46B2
S315000130E0DDE91001FEF72EFA002840F00D81A24518
S315000130F000F0EA80DDE910015D4B0022FDF792FF49
S315000131005B4BCDE910010022DDE90401FDF78AFFE1
S31500013110CDE90401C2E7DDE91023FDF783FFCDE91F
S315000131201001DDF820A0A046DDE9040101F0E4FA72
S315000131300546FDF70DFF02460B46DDE90401FDF7E5
S31500013140B9FD30350AF8015B02460B46A245CDE9C9
S3150001315004234FF0000223D1494BDDE91001FDF7AD
S31500013160ABFD02460B46DDE90401FEF7EBF900284B
S3150001317040F0CA80DDE9102341490020FDF79AFDA0
S3150001318002460B46DDE90401FEF7BEF970B1C246FF
S3150001319008F1FF381AF8013C302BF8D0374655E0D4
S315000131A0334BFDF73FFFCDE90401BDE7DDE90C3403
S315000131B0CDE90434159B002BFFF629AE0E2F3FF700
S315000131C026AE2E4B03EBC70393ED007B219B002B11
S315000131D08DED067B02DAB9F1000F64D0DDE9044515
S315000131E0DDF820A0DDE9062320462946FEF744F84E
S315000131F001F082FA0646FDF7ABFEDDE90623FDF78F
S3150001320011FF02460B462046294606F13004FDF71A
S3150001321051FD0AF8014B089CAAEB0404A14502469C
S315000132200B4640F08280FDF747FDDDE906230446A3
S315000132300D46FEF787F9002865D1DDE9062320460C
S315000132402946FEF757F908B1F3075CD403995846A6
S3150001325000F092FA00238AF80030229B01371F60A2
S31500013260249B002B3FF41FACC3F800A01BE400BF56
S315000132700000244000001C400000144060A021080A
S315000132800000E03F0000F03FA24B03EBC70393EDC4
S31500013290007B219B002B8DED067B9FDAB9F1000F98
S315000132A09CDC7FF4C3AE9C4B0022DDE90601FDF7F1
S315000132B0B9FEDDE90423FEF73BF9044600287FF455
S315000132C0B5AE3E462546B4E0DDE90C34CDE904341D
S315000132D0159B002B01DB0E2FD6DD209A012A36DC49
S315000132E0139A82B303F233430B9CDDF82480099AC7
S315000132F01A4409920A9A01211A4458460A9200F080
S31500013300F3FA054687E53E4653469A4613F8012DDC
S31500013310392A06D1089A9A42F7D1089930220136FC
S315000133200A701A7801321A7038E77C4B0022FDF7D1
S3150001333079FE0022002304460D46FEF7DBF800283D
S315000133403FF450AF82E7149BC3F13603CCE70B9BE6
S3150001335009F1FF34A34208DBB9F1000FA3EB040422
S315000133600EDBDDF824804B46C1E70B9B0F9A0B94CD
S31500013370E31A1A44DDF824800F924B460024B6E77F
S31500013380099BA3EB09080023B1E7039E72E50B9A9B
S31500013390039971E5039673E5209B012B17DC049BCA
S315000133A0ABB9059BC3F313039BB9059B23F00046F9
S315000133B0360D360536B1099B013309930A9B013354
S315000133C00A9301260F9B002B7FF471AD0F96012006
S315000133D076E50026F6E73FF487AD099A1C331A44D1
S315000133E009920A9A1A4498440A927DE50346F4E73B
S315000133F0069B002B2BDC209B022B09DC27E0B9F175
S31500013400000F1DDC209B022B1ADDCDF818903E46DD
S31500013410069B002B7FF40CAE21460522584600F090
S31500013420CDF901460446039800F0E4FB00287FF736
S31500013430FFADDDF820A031230AF8013B0136FBE59B
S315000134400E9BCDF818903E46002B7FF484AD089F65
S3150001345003982146FFF751FA00F1300907F8019B5D
S31500013460089B069AFB1A9A4240F3CB8003990023E4
S315000134700A22584600F0A2F90390E9E72A690232C6
S31500013480920005F10C010C30FFF71AFA01223946B8
S31500013490584600F043FB089B089A03F1010A069B74
S315000134A013440A93049B03F00103A8460B930546B4
S315000134B00AF1FF33214603980693FFF71EFA4146A8
S315000134C0099000F13009039800F094FB2A46214641
S315000134D00746584600F0AAFBC268014602B35846A1
S315000134E000F04AF9002F3ADA03990122584600F012
S315000134F015FB2146039000F07DFB002803DC29D152
S3150001350019F0010F26D0B9F1390F1DD132E0284645
S31500013510C1E700BF60A0210800001440000024405C
S315000135200E90039800F066FB0E990C90584600F039
S3150001353023F90C9A5ABB209B53B90B9B43B9B9F19A
S31500013540390F17D0002F05DD099B03F1310901E081
S31500013550002F2ADADDF818A00AF8019B6EE5209BF8
S315000135603B4304D1049B03F00103002BBCD0B9F10A
S31500013570390F36D1069F392307F8013BBA46013F79
S315000135801AF8013C392B5BD001333B7056E5002F0D
S3150001359006DB209B3B4306D1049B03F0010313B9D1
S315000135A0002AA1DCD6E7002AE1DC0A9B0AF8019C85
S315000135B0534557462FD0039900230A22584600F057
S315000135C0FDF8A84503904FF000034FF00A0241466B
S315000135D058460BD100F0F2F8804605460AF1010A79
S315000135E066E7DDF818A009F10109B5E700F0E6F88C
S315000135F02946804600230A22584600F0DFF8054690
S31500013600ECE7069B002BC8BF1F46089BD8BF0127C6
S315000136101F444FF0000803990122584600F07EFA34
S315000136202146039000F0E6FA0028A7DC02D119F042
S31500013630010FA3D1BA4617F8013D302BFAD0FDE4AC
S31500013640089BBB429AD1089A312301361370F5E4DF
S31500013650249B002B7FF422AA014BFFF741BA00BF3E
S31500013660439F210838B50546002941D051F8043C4D
S315000136700C1F002BB8BFE418F0F7A0FD1D4A136814
S3150001368033B9636014602846BDE83840F0F7B8BD29
S31500013690A34208D9206821188B4201BF19685B68CB
S315000136A009182160EDE71A465B680BB1A342FAD906
S315000136B011685018A0420BD120680144501883426A
S315000136C01160E0D118685B68536008441060DAE75E
S315000136D002D90C232B60D6E7206821188B4204BF40
S315000136E019685B68636004BF091821605460CAE702
S315000136F038BD00BFCC1B010070B5C66904460D4636
S3150001370076B91020FDF786FF0246E06120B9184B15
S3150001371018486B21FDF740FFC0E901660660C660E7
S31500013720E669F36883B1E369DB6853F82500B8B944
S31500013730012101FA05F6721D92002046FDF756FF9A
S3150001374060B1C0E901560EE0212204212046FDF7B1
S315000137504DFFE369F060DB68002BE4D1002070BD0A
S31500013760026843F825200023C0E90333F7E700BFC9
S31500013770509F2108D19F210870B5C66905460C46A0
S3150001378076B91020FDF746FF0246E86120B9094BDC
S3150001379009488F21FDF700FFC0E901660660C66092
S315000137A03CB1EB696268DB6853F82210216043F88B
S315000137B0224070BD509F2108D19F21082DE9F0417B
S315000137C00D6907460C461E4601F1140C0020DCF873
S315000137D0003099B202FB01611E0C0B0C02FB063391
S315000137E089B2013001EB034185424CF8041B4FEAD3
S315000137F01346ECDC0EB3A368AB4219DC61683846AC
S315000138000131FFF779FF804628B902460C4B0D4876
S31500013810BA21FDF7C1FE2269023204F10C019200C0
S315000138200C30FFF74DF821463846FFF7A5FF444611
S3150001383004EB850301355E6125612046BDE8F08113
S31500013840C09F2108D19F2108B0F5803F034636BFAE
S31500013850030400201020B3F1807F3CBF1B02083017
S31500013860B3F1805F3CBF1B010430B3F1804F03D33A
S31500013870002B0ADB013070479B0001D502307047EF
S315000138805B0001D50330704720207047036802466C
S3150001389013F007000BD0D90721D4980749BF5B085D
S315000138A09B08012013605CBF13600220704799B228
S315000138B009B91B0C1020D9B209B908301B0A19071E
S315000138C004BF1B090430990704BF9B080230D907BE
S315000138D003D45B0800F1010003D013607047002098
S315000138E0704720207047000010B50C460121FFF7F4
S315000138F003FF024628B9054B054840F24511FDF77D
S315000139004BFE01234461036110BD00BFC09F210826
S31500013910D19F21082DE9F04F14460A6923699A427D
S31500013920A8BF23460F46A4BF0C461F46D4F810A0D5
S31500013930D7F81090A36861680AEB0906B34285B00F
S31500013940B8BF0131FFF7D8FE30B90246444B4548AE
S315000139504FF4B171FDF720FE00F1140505EB860861
S315000139602B460022434521D307F1140104F1140229
S3150001397002EB8A0201EB89030293131B153B23F029
S315000139800303043304F11507BA4238BF0423019334
S31500013990029B03918B420CD8002E03DD58F8043D9F
S315000139A0002B5BD0066105B0BDE8F08F43F8042B10
S315000139B0D8E7B1F800A0BAF1000F24D004F1140E33
S315000139C0A9464FF0000C5EF8047BD9F800301FFAC7
S315000139D087FB9BB20AFB0B334FEA174BD9F80070F2
S315000139E063444FEA174C0AFB0BC707EB13479BB21D
S315000139F043EA0743724549F8043B4FEA174CE2D8BC
S31500013A00019B45F803C0039BB3F802900431B9F159
S31500013A10000F21D02B6804F1140CAE464FF0000ABA
S31500013A20BCF800B0BEF8027009FB0B7757449BB295
S31500013A3043EA07434EF8043B5CF8043B4FEA134A5A
S31500013A40BEF8003009FB0A3303EB174362454FEA20
S31500013A50134AE5D8019FEB51043599E7013E9BE7EF
S31500013A60C09F2108D19F21082DE9F843154612F080
S31500013A70030207460E4607D0254C013A002354F8A7
S31500013A802220FFF79BFE0646AD103DD0FC697CB9AE
S31500013A901020FDF7BFFD0246F86128B91D4B1E48EF
S31500013AA040F2B311FDF778FDC0E901440460C4603A
S31500013AB0D7F81C80D8F808404CB940F27121384635
S31500013AC0FFF712FF0023C8F80800044603604FF011
S31500013AD00009EB070AD5314622463846FFF71AFF99
S31500013AE0314680463846FFF747FE46466D100BD0F5
S31500013AF0206838B9224621463846FFF70BFF206079
S31500013B00C0F800900446E4E73046BDE8F88300BFFC
S31500013B102CA02108509F2108D19F21082DE9F047AB
S31500013B200C464968236903EB6218A3680746914668
S31500013B304FEA621A08F10106B3420BDB3846FFF77A
S31500013B40DBFD054648B90246284B29484FF4EF717B
S31500013B50FDF722FD01315B00EEE7002300F11401C0
S31500013B6000F110021846534533DB20692AEAEA7A46
S31500013B7004F1140319F01F0901EB8A0103EB800C10
S31500013B802BD0C9F1200E8A460022186800FA09F0E6
S31500013B9010434AF8040B53F8042B9C4522FA0EF203
S31500013BA0F3D8ACEB0403153B23F00303043304F110
S31500013BB01500844538BF0423CA500AB108F102062C
S31500013BC0013E38462E612146FFF7D6FD2846BDE85F
S31500013BD0F08742F8040F0133C5E7043953F8042B83
S31500013BE041F8042F9C45F9D8EAE700BFC09F210898
S31500013BF0D19F21080A6903460069801A30B50ED1A2
S31500013C001433143103EB820401EB820154F8045D91
S31500013C1051F8042D954203D005D24FF0FF3030BD47
S31500013C20A342F3D3FBE70120F9E700002DE9F74FA3
S31500013C3089460646114648461446FFF7DBFF051E30
S31500013C4012D129463046FFF757FD024628B93F4BA8
S31500013C5040F237213E48FDF79FFC0123C0E90435B8
S31500013C60104603B0BDE8F08FBCBF4B46A1463046B7
S31500013C70D9F80410BABF1C4601250025FFF73CFD03
S31500013C80024618B9314B40F24521E3E7D9F81070E5
S31500013C902669C56009F1100309F1140504F1140E32
S31500013CA000F1140B05EB87080EEB86060193D94646
S31500013CB04FF0000C019B5EF8040B53F804AF01931F
S31500013CC01FFA8AF3194683B2CB1A000C6344C0EB80
S31500013CD01A4000EB23409BB243EA0043764549F87C
S31500013CE0043B4FEA204CE5D8331B153B23F0030375
S31500013CF015340433A64238BF04231D445B441E46D3
S31500013D002C4644450ED308F10301491B21F003015A
S31500013D10033DA84538BF00210B4453F8041D91B15A
S31500013D2017619DE754F8041BE646080C1CFA81FC52
S31500013D30714400EB2C4089B241EA004146F8041B6C
S31500013D404FEA204CDDE7013FE7E700BFC09F2108AE
S31500013D50D19F21082DE973430121089E904699467A
S31500013D60FFF7CAFC044630B90246244B244840F208
S31500013D700F31FDF711FCC9F30A55C9F313030DB150
S31500013D8043F480130193B8F1000324D068460093ED
S31500013D90FFF77CFDDDE90012D8B1C0F1200302FA7C
S31500013DA003F30B43C24063610192019BA361002BA4
S31500013DB00CBF012202222261ADB1A5F233450544B1
S31500013DC03560C0F13500099B1860204602B0BDE898
S31500013DD070836161E9E701A8FFF758FD019B636103
S31500013DE020300122E7E704EB8203A0F23240306083
S31500013DF01869FFF729FDC0EB4210E4E7C09F2108CF
S31500013E00D19F21082DE9F0478E681F46BE420B68F7
S31500013E1082460C4690462DD8B1F90C2012F4906FCB
S31500013E2026D06569096905EB4505A3EB010905EB93
S31500013E30D5757B1C4B446D109D4238BF1D465305FD
S31500013E4027D52946FDF718FC064660B321694A467F
S31500013E50FEF736FDA38923F4906343F08003A38123
S31500013E60266165614E44A5EB09052660A5603E46BF
S31500013E70BE4200D93E46206832464146FEF7EEFB79
S31500013E80A3689B1BA3602368334423600020BDE81D
S31500013E90F0872A4600F0D6FB06460028E0D12169C4
S31500013EA05046FFF7DFFB0C23CAF80030A38943F025
S31500013EB04003A3814FF0FF30E9E700002DE9F04F01
S31500013EC098468B891B069DB007460D46144610D5AC
S31500013ED00B6973B94021FDF7CFFB2860286130B922
S31500013EE00C233B604FF0FF301DB0BDE8F08F40233F
S31500013EF06B610023099320238DF82930CDF80C80BE
S31500013F003023DFF89C818DF82A304FF001092346D2
S31500013F109A4613F8012B0AB1252AF9D1BAEB040BFB
S31500013F200BD05B46224629463846FFF76BFF013028
S31500013F3000F0A780099A5A4409929AF80030002B9A
S31500013F4000F09F8000234FF0FF32CDE905230AF1EF
S31500013F50010A049307938DF853301A9354460522A8
S31500013F6014F8011B4E48FEF75BFC049AD8B9D0063B
S31500013F7044BF20238DF85330110744BF2B238DF8FE
S31500013F8053309AF800302A2B15D0079A5446002050
S31500013F904FF00A0C214611F8013B303B092B4BD956
S31500013FA0B0B1079214E0A0EB080309FA03F3134337
S31500013FB00493A246D2E7039B191D1B680391002BAC
S31500013FC0BBBF5B4242F0020207930793B8BF04925C
S31500013FD023782E2B0AD163782A2B32D1039B1A1D03
S31500013FE01B68039243EAE37302340593DFF8C0A02A
S31500013FF0217803225046FEF713FC38B1049BA0EB4F
S315000140000A004022824013430134049314F8011B31
S3150001401024488DF828100622FEF702FC002836D027
S31500014020214B1BBB039B073323F007030833039381
S31500014030099B334409936AE70CFB02320C460120C3
S31500014040A8E700230134059319464FF00A0C2046D0
S3150001405010F8012B303A092A03D9002BC6D0059155
S31500014060C4E70CFB012104460123F0E703AB0093EF
S315000140702A460E4B04A93846FDF7A0FC421C06460B
S31500014080D6D1AB895B063FF52DAF09982CE703AB7B
S3150001409000932A46054B04A93846FDF733FFEDE7A1
S315000140A028A1210832A12108BD292108054E210890
S315000140B02EA121089368013B002B10B4936008DA06
S315000140C09469A34201DB0A2903D15DF8044BFEF78B
S315000140D020BA1368581C1060197008465DF8044B25
S315000140E07047F8B506460F461446D518AC4201D1BD
S315000140F0002007E014F8011B3A463046FFF7DAFFC5
S31500014100431CF3D1F8BD00002DE9F04F0D469DB0DB
S3150001411014469846064618B1036A0BB9FEF7AAF883
S315000141206B6ED90705D4AB899A0502D4A86DFEF743
S3150001413060FBAB891B0701D52B699BB92946304624
S31500014140FEF726FA70B16B6EDC0704D54FF0FF302F
S315000141501DB0BDE8F08FAB899805F7D4A86DFEF7C1
S3150001416049FBF3E70023099320238DF82930CDF885
S315000141700C803023DFF8AC818DF82A304FF001092D
S3150001418023469A4613F8012B0AB1252AF9D1BAEB2F
S31500014190040B0BD05B46224629463046FFF7A1FFAA
S315000141A0013000F0A780099A5A4409929AF8003022
S315000141B0002B00F09F8000234FF0FF32CDE905234D
S315000141C00AF1010A049307938DF853301A93544662
S315000141D0052214F8011B5348FEF722FB049AD8B9AD
S315000141E0D10644BF20238DF85330130744BF2B2338
S315000141F08DF853309AF800302A2B15D0079A544679
S3150001420000204FF00A0C214611F8013B303B092BE7
S315000142104BD9B0B1079214E0A0EB080309FA03F3F6
S3150001422013430493A246D2E7039B191D1B6803910E
S31500014230002BBBBF5B4242F0020207930793B8BF54
S31500014240049223782E2B0AD163782A2B32D1039B31
S315000142501A1D1B68039243EAE37302340593DFF8E0
S31500014260D4A0217803225046FEF7DAFA38B1049B2E
S31500014270A0EB0A004022824013430134049314F850
S31500014280011B29488DF828100622FEF7C9FA0028D5
S315000142903FD0264B1BBB039B073323F00703083391
S315000142A00393099B3B4409936AE70CFB02320C46D4
S315000142B00120A8E700230134059319464FF00A0CA3
S315000142C0204610F8012B303A092A03D9002BC6D013
S315000142D00591C4E70CFB012104460123F0E703AB7A
S315000142E000932A46124B04A93046FDF767FB0746A1
S315000142F0781CD6D16B6ED90705D4AB899A0502D441
S31500014300A86DFEF777FAAB895B063FF51FAF0998F3
S315000143101EE703AB00932A46054B04A93046FDF779
S31500014320F1FDE4E728A1210832A12108BD292108D0
S31500014330E35021082EA12108B1F90C202DE9F04105
S31500014340170705460C4656D44B68002B02DC0B6C4E
S31500014350002B3DDDE66A002E3AD0002312F480528E
S315000143602F68216A2B6025D0626DA389580705D570
S315000143706368D21A636B0BB1236CD21A216AE66A9F
S3150001438000232846B047411C24D0002363602369DB
S315000143902360A389DA0400D56065616B2F60B9B12A
S315000143A004F14403994202D02846FFF75BF9002342
S315000143B063630DE001232846B047461C0246D4D16B
S315000143C02B68002BD1D01D2B01D0162B2BD12F60A2
S315000143D000202FE02A68B4F90C3042B11D2A01D021
S315000143E0162A22D10023636023692360D5E7626020
S315000143F022692260CEE70F69002FE9D093070E6884
S3150001440008BF4B690F6018BF0023A6EB07088B6036
S31500014410B8F1000FDCDD216AA66A43463A46284612
S31500014420B047002808DCB4F90C3043F04003A381FF
S315000144304FF0FF30BDE8F0810744A8EB0008E7E73D
S3150001444038B50B6905460C4613B90025284638BD13
S3150001445018B1036A0BB9FDF70DFFB4F90C30002B47
S31500014460F3D0626ED00704D4990502D4A06DFEF78D
S31500014470C0F928462146FFF75FFF636EDA07054656
S31500014480E4D4A3899B05E1D4A06DFEF7B3F9DDE77A
S3150001449070B50C46B1F90E10002996B015461E46A8
S315000144A00DDAA38913F0800F4FF0000114BF4023EA
S315000144B04FF48063002031602B6016B070BD6A46F0
S315000144C000F078F80028ECDB019901F47041A1F5C0
S315000144D00053594259414FF48063EBE78B89F7B595
S315000144E09D0706460C4607D504F147032360236161
S315000144F00123636103B0F0BD01AB6A46FFF7C8FF54
S31500014500009F054639463046FDF7B6F848B9B4F975
S315000145100C309A05EED423F0030343F00203A38182
S31500014520E2E7A389206043F08003A381019BC4E9EC
S3150001453004075BB1B4F90E10304600F04DF828B10E
S31500014540A38923F0030343F00103A381A3891D4338
S31500014550A581CFE71F2938B505460C4604D9162390
S3150001456003604FF0FF3038BDC26B12B152F82130F3
S315000145704BB9284600F052F8224601462846BDE8C6
S31500014580384000F039B8012B0AD0591C03D1162343
S3150001459003600120E7E7002142F8241020469847EE
S315000145A00020E0E7024B01461868FFF7D3BF00BFC2
S315000145B0B40E000038B5074D0023044608461146DF
S315000145C02B60EFF7E2FE431C02D12B6803B1236097
S315000145D038BD00BF0C1D010038B5064D0023044649
S315000145E008462B60EFF7D6FE431C02D12B6803B1B8
S315000145F0236038BD0C1D010038B5074D0023044664
S31500014600084611462B60EFF78DFE431C02D12B683D
S3150001461003B1236038BD00BF0C1D0100EFF780BE5A
S3150001462082B001B901A942B14BB113780B6012787E
S31500014630101E18BF012002B070471046FBE76FF04D
S315000146400100F8E72DE9F041804615460C4621B9EF
S31500014650BDE8F0411146FDF70FB82AB9FFF702F898
S3150001466000242046BDE8F08100F027F88542064681
S3150001467002D8B5EB500FF4D829464046FCF7FCFFAB
S3150001468007460028ECD0B5422A46214628BF3246C5
S31500014690FEF716F921464046FEF7E4FF3C46E0E701
S315000146A00346084641B1FF2A04D98A221A604FF00F
S315000146B0FF3070470A700120704751F8043C181FFB
S315000146C0002BBCBF0B58C018704700004FEA410CC5
S315000146D07FEA6C5C02D150EA013C0AD14FEA430CF5
S315000146E07FEA6C5C02D152EA033C02D14FF0000032
S315000146F070474FF0010070474FEA410212F5001270
S3150001470015D211D56FF47873B3EB625212D94FEA11
S31500014710C12343F0004343EA505311F0004F23FAFB
S3150001472002F018BF404270474FF00000704750EA50
S31500014730013005D111F0004008BF6FF0004070470D
S315000147404FF00000704700BF044A05491368002B6B
S3150001475008BF0B461844106018467047141D010027
S31500014760184D0100F8B500BFF8BC08BC9E4670475D
S31500014770F8B500BFF8BC08BC9E46704700000000B3
S315000147805FF800F0411C00005FF800F057150000CB
S315000147905FF800F0311E00005FF800F0B51500006B
S315000147A05FF800F0452000005FF800F0691900008D
S315000147B05FF800F0E92000005FF800F0D91700006B
S315000147C05FF800F0F91E00005FF800F0B11F00006D
S315000147D05FF800F0191E00005FF800F0D11B000021
S315000147E05FF800F0111B00005FF800F0C917000028
S315000147F05FF800F0C31400005FF800F00517000031
S315000148005FF800F05D1D00005FF800F0CD1E0000AE
S315000148105FF800F09D1B00005FF800F0951C00009A
S315000148205FF800F0E51700005FF800F001210000D5
S315000148305FF800F0051F00005FF800F06D1600003C
S315000148405FF800F0251F00005FF800F0C51A0000B0
S315000148505FF800F0AD1700005FF800F0BD1700002B
S315000148605FF800F0C11E0000696E206A6F696E2054
S3150001487043420D00463A204A6F696E204576656EC1
S31500014880742072656365697665642077697468204A
S31500014890256C75206279746573207061796C6F611E
S315000148A0640A00476F7420726571756573742025FB
S315000148B07320776974682064617461206C656E6722
S315000148C07468203A20256C750D0A00746578742F7A
S315000148D068746D6C00746578742F706C61696E0014
S315000148E0343034204E6F7420466F756E64007373D6
S315000148F0696400252E2A7300706173737068726192
S3150001490073650073656375726974795F747970652F
S3150001491000343030204261642052657175657374CC
S31500014920007B22737461747573223A20226F6B22A5
S315000149307D006170706C69636174696F6E2F6A7353
S315000149406F6E0052656D6F746520436C69656E7498
S3150001495020646973636F6E6E65637465643A2000E3
S3150001496052656D6F746520436C69656E7420636F63
S315000149706E6E65637465643A2000556E6B6E6F7773
S315000149806E007B22636F756E74223A2022256C7548
S31500014990222C20227363616E5F726573756C74736A
S315000149A0223A205B007B2273736964223A20222516
S315000149B073222C202273656375726974795F747929
S315000149C07065223A20222573222C20226E65747787
S315000149D06F726B5F74797065223A20222575222CDD
S315000149E00020226273736964223A202225303278CC
S315000149F03A253032783A253032783A253032783ACB
S31500014A00253032783A25303278222C2022636861AB
S31500014A106E6E656C223A20222575222C2022727335
S31500014A207369223A20222D2575227D005D7D00576E
S31500014A304C414E207363616E2073746172746564B8
S31500014A40200D005363616E6E696E672E2E2E0D006A
S31500014A50574C414E205363616E206661696C6564F3
S31500014A6020256C782E20506C65617365206D616B15
S31500014A7065207375726520746865206C6174657351
S31500014A807420636F6E6E65637469766974792066E6
S31500014A9069726D7761726520697320757365642E1D
S31500014AA00D0A0035303020496E7465726E616C20D6
S31500014AB0536572766572204572726F720053636137
S31500014AC06E20646F6E65207374617465200D000D30
S31500014AD00A57692D46692050726F766973696F6E40
S31500014AE0696E672064656D6F2073746172746564A5
S31500014AF00D004661696C656420746F207374617280
S31500014B00742057692D466920415020696E7465727B
S31500014B10666163653A203078256C780D0A0057691D
S31500014B202D466920415020696E697469616C697A04
S31500014B3065640D004661696C656420746F2062725C
S31500014B40696E672057692D466920415020696E7448
S31500014B506572666163652075703A203078256C78D8
S31500014B600D0A0057692D4669204150207374617200
S31500014B707465640D004854545020736572766572ED
S31500014B8020696E6974206661696C65643A256C7882
S31500014B900D0A005365727665722073746172742012
S31500014BA06661696C3A256C780D0A0050726F7669F8
S31500014BB073696F6E696E672048545450207365722D
S31500014BC076657220737461727465640D000D0A4313
S31500014BD06F6E6E65637420746F20616363657373B2
S31500014BE020706F696E7420222573222066726F6DA4
S31500014BF020796F7572206465766963650D0A0047D1
S31500014C006F20746F20687474703A2F2F25752E25C6
S31500014C10752E25752E25752F206F6E20796F75726D
S31500014C202062726F7773657220746F2070726F766F
S31500014C306973696F6E696E67206F662057692D46C5
S31500014C40690D0A005365727665722073746F702060
S31500014C506661696C3A256C780D0A00536572766552
S31500014C6072206465696E6974206661696C3A256CA7
S31500014C70780D0A00485454502053657276657220A7
S31500014C806465696E697469616C697A65640D004170
S31500014C9070206465696E6974203A203078256C78D5
S31500014CA00D0A0057692D4669204150206465696ED9
S31500014CB0697469616C697A65640D004661696C6540
S31500014CC06420746F2073746172742057692D46696C
S31500014CD020636C69656E7420696E746572666163C2
S31500014CE0653A203078256C780D0A0057692D46699A
S31500014CF020636C69656E7420696E746572666163A2
S31500014D006520696E697469616C697A65640D004F25
S31500014D1070656E005750410057504132005750415F
S31500014D203300575041335F5472616E736974696F12
S31500014D306E004D69786564204D6F64650046616952
S31500014D406C656420746F2073657420636C69656E8D
S31500014D50742070726F66696C653A203078256C78BC
S31500014D600D0A0057692D46692073657420636C69C5
S31500014D70656E742070726F66696C65207634207377
S31500014D807563636573730D00535349442025730D91
S31500014D900A004661696C656420746F206272696EEF
S31500014DA0672057692D466920636C69656E742069B1
S31500014DB06E746572666163652075703A2030782578
S31500014DC06C780D0A00535441206465696E6974203C
S31500014DD03A203078256C780D0A00495076342061E6
S31500014DE064647265737320636F6E66696775726159
S31500014DF074696F6E206973206661696C6564203A17
S31500014E00203078256C780D0A00495076342061648B
S31500014E10647265737320636F6E6669677572617418
S31500014E20696F6E20636F6D706C6574650D00436C00
S31500014E3069656E7420495076343A200057692D46CB
S31500014E40692050726F766973696F6E696E67206447
S31500014E50656D6F206973207375636365737366751A
S31500014E606C6C7920636F6D706C657465640D000000
S31500014E700F5D2108145D2108185D21087A59210862
S31500014E807A5921087A592108325D21081D5D2108C8
S31500014E90225D210853493931372D48545450536501
S31500014EA07276657200343035204E6F7420416C6C19
S31500014EB06F776564002F002F696E6465782E6874BC
S31500014EC06D6C002F636F6E6E6563742E68746D6C06
S31500014ED0002F636F6E6E656374002F7363616E00DE
S31500014EE061707000B55E2108F5222008B75E2108C1
S31500014EF0F5222008C35E21083D222008D15E210843
S31500014F0085232008DA5E210891262008000000008A
S31500014F10000000000000000000000000000000008A
S31500014F20000000000000000000000000000000007A
S31500014F30000000000000000000000000000000006A
S31500014F400100000000000000000000000204000053
S31500014F50000000000000000000000000000000004A
S31500014F60000000000000000000000000000000003A
S31500014F70000000000000000000000000000000002A
S31500014F80000000000000000000000000000000001A
S31500014F90000000000000000000000000000000000A
S31500014FA0E05E210800000000000000000000000093
S31500014FB000000000000C00000800000000000000D6
S31500014FC0000000000D0A3C21444F4354595045202E
S31500014FD068746D6C3E0D0A3C68746D6C206C616E74
S31500014FE0673D22656E223E0D0A3C686561643E0D91
S31500014FF00A3C6D65746120636861727365743D2254
S315000150005554462D38223E0D0A3C6D657461206E5D
S31500015010616D653D2276696577706F7274222063D2
S315000150206F6E74656E743D2277696474683D64655C
S31500015030766963652D77696474682C20696E697475
S3150001504069616C2D7363616C653D312E30223E0DB5
S315000150500A3C7469746C653E536957473931372088
S31500015060456467652041737365742054656C656D8D
S3150001507065747279205465726D696E616C3C2F742A
S3150001508069746C653E0D0A3C7374796C653E0D0A54
S315000150903A726F6F74207B0D0A20202D2D62673ABC
S315000150A020233036303931333B0D0A20202D2D7027
S315000150B0616E656C3A20233064313532373B0D0A17
S315000150C020202D2D70616E656C2D6C696768743AB0
S315000150D020233136323233663B0D0A20202D2D62D4
S315000150E06F726465723A20233165326534613B0D16
S315000150F00A20202D2D6379616E3A202330306630E7
S3150001510066663B0D0A20202D2D677265656E3A2075
S31500015110233035666639323B0D0A20202D2D616D0F
S315000151206265723A20236666623730303B0D0A208B
S31500015130202D2D7265643A20236666346134613B05
S315000151400D0A20202D2D746578743A202365326569
S315000151503866303B0D0A20202D2D746578742D6438
S31500015160696D3A20233466366239343B0D0A7D0D6A
S315000151700A626F6479207B0D0A2020666F6E742D9A
S3150001518066616D696C793A2027436F6E736F6C6146
S3150001519073272C2027436F7572696572204E6577D8
S315000151A0272C206D6F6E6F73706163653B0D0A204E
S315000151B0206D617267696E3A20303B0D0A202070BE
S315000151C0616464696E673A20313670783B0D0A2056
S315000151D0206261636B67726F756E642D636F6C6FAE
S315000151E0723A20766172282D2D6267293B0D0A20BD
S315000151F020636F6C6F723A20766172282D2D74656B
S315000152007874293B0D0A7D0D0A2E777261707065DF
S3150001521072207B0D0A20206D61782D776964746890
S315000152203A203136303070783B0D0A20206D61729C
S3150001523067696E3A2030206175746F3B0D0A7D0DEA
S315000152400A686561646572207B0D0A2020646973B2
S31500015250706C61793A20666C65783B0D0A20206A8C
S315000152607573746966792D636F6E74656E743A2011
S3150001527073706163652D6265747765656E3B0D0AB2
S315000152802020616C69676E2D6974656D733A2063C0
S31500015290656E7465723B0D0A202070616464696EE7
S315000152A0673A203132707820323070783B0D0A200F
S315000152B0206261636B67726F756E643A2076617204
S315000152C0282D2D70616E656C293B0D0A2020626FB9
S315000152D0726465723A2031707820736F6C6964204C
S315000152E0766172282D2D626F72646572293B0D0AF3
S315000152F02020626F726465722D7261646975733AFA
S31500015300203670783B0D0A20206D617267696E2D1B
S31500015310626F74746F6D3A20313670783B0D0A7D79
S315000153200D0A2E6C6F676F2D73656374696F6E203E
S315000153307B0D0A2020646973706C61793A20666C72
S3150001534065783B0D0A2020616C69676E2D6974656D
S315000153506D733A2063656E7465723B0D0A20206792
S3150001536061703A20313270783B0D0A7D0D0A2E703C
S31500015370756C7365207B0D0A202077696474683A21
S31500015380203870783B0D0A20206865696768743A91
S31500015390203870783B0D0A20206261636B67726F5B
S315000153A0756E643A20766172282D2D677265656E79
S315000153B0293B0D0A2020626F726465722D72616449
S315000153C06975733A203530253B0D0A2020626F78C6
S315000153D02D736861646F773A203020302031307048
S315000153E07820766172282D2D677265656E293B0DD1
S315000153F00A7D0D0A2E7379732D7469746C65207B91
S315000154000D0A2020666F6E742D7765696768743A98
S3150001541020626F6C643B0D0A20206C6574746572A2
S315000154202D73706163696E673A203170783B0D0A9E
S315000154302020666F6E742D73697A653A2031357056
S31500015440783B0D0A7D0D0A2E68772D73706563739F
S31500015450207B0D0A2020646973706C61793A20669D
S315000154606C65783B0D0A20206761703A20313670F1
S31500015470783B0D0A2020666F6E742D73697A653A42
S3150001548020313170783B0D0A2020636F6C6F723AC0
S3150001549020766172282D2D746578742D64696D29C5
S315000154A03B0D0A7D0D0A2E68772D73706563732097
S315000154B07370616E207374726F6E67207B20636FE9
S315000154C06C6F723A20766172282D2D746578742975
S315000154D03B207D0D0A2E677269642D332D31207BA9
S315000154E00D0A2020646973706C61793A20677269CC
S315000154F0643B0D0A2020677269642D74656D706CBA
S315000155006174652D636F6C756D6E733A20336672C7
S31500015510203166723B0D0A20206761703A203136D0
S3150001552070783B0D0A7D0D0A2E70616E656C207BCD
S315000155300D0A20206261636B67726F756E643A2093
S31500015540766172282D2D70616E656C293B0D0A20DE
S3150001555020626F726465723A2031707820736F6CC5
S31500015560696420766172282D2D626F7264657229D5
S315000155703B0D0A2020626F726465722D7261646947
S3150001558075733A203670783B0D0A20207061646489
S31500015590696E673A20313670783B0D0A7D0D0A2E09
S315000155A070616E656C2D686561646572207B0D0A9C
S315000155B02020646973706C61793A20666C65783B6A
S315000155C00D0A20206A7573746966792D636F6E748E
S315000155D0656E743A2073706163652D6265747765D3
S315000155E0656E3B0D0A2020616C69676E2D697465D5
S315000155F06D733A2063656E7465723B0D0A202062F5
S315000156006F726465722D626F74746F6D3A203170BA
S315000156107820736F6C696420766172282D2D626F14
S3150001562072646572293B0D0A202070616464696E9B
S31500015630672D626F74746F6D3A20313270783B0D4D
S315000156400A20206D617267696E2D626F74746F6DC9
S315000156503A20313670783B0D0A7D0D0A2E70616E47
S31500015660656C2D7469746C65207B0D0A2020666F4C
S315000156706E742D73697A653A20313370783B0D0A61
S315000156802020746578742D7472616E73666F726D05
S315000156903A207570706572636173653B0D0A20204F
S315000156A0636F6C6F723A20766172282D2D63796172
S315000156B06E293B0D0A2020666F6E742D776569672A
S315000156C068743A20626F6C643B0D0A7D0D0A2E6D7B
S315000156D06574726963732D7374726970207B0D0A28
S315000156E02020646973706C61793A20677269643B42
S315000156F00D0A2020677269642D74656D706C617482
S31500015700652D636F6C756D6E733A20726570656198
S315000157107428342C20316672293B0D0A20206761DA
S31500015720703A20313270783B0D0A20206D61726724
S31500015730696E2D626F74746F6D3A20313670783BE5
S315000157400D0A7D0D0A2E6D696E692D6361726420E5
S315000157507B0D0A20206261636B67726F756E643A16
S3150001576020766172282D2D70616E656C2D6C6967CE
S315000157706874293B0D0A2020626F726465722D6C74
S315000157806566743A2033707820736F6C696420768D
S315000157906172282D2D6379616E293B0D0A202070D7
S315000157A0616464696E673A20313270783B0D0A2074
S315000157B020626F726465722D7261646975733A2035
S315000157C030203470782034707820303B0D0A7D0DFE
S315000157D00A2E6D696E692D6C6162656C207B0D0AFE
S315000157E02020666F6E742D73697A653A20313070A8
S315000157F0783B0D0A2020636F6C6F723A20766172D6
S31500015800282D2D746578742D64696D293B0D0A2048
S3150001581020746578742D7472616E73666F726D3A59
S31500015820207570706572636173653B0D0A7D0D0AA3
S315000158302E6D696E692D76616C207B0D0A202066BE
S315000158406F6E742D73697A653A20313870783B0D25
S315000158500A2020666F6E742D7765696768743A2031
S31500015860626F6C643B0D0A20206D617267696E2D53
S31500015870746F703A203470783B0D0A7D0D0A74619D
S31500015880626C65207B0D0A202077696474683A2072
S31500015890313030253B0D0A2020626F726465722D0E
S315000158A0636F6C6C617073653A20636F6C6C6170C9
S315000158B073653B0D0A7D0D0A7468207B0D0A202055
S315000158C070616464696E673A2031307078203132D4
S315000158D070783B0D0A2020746578742D616C6967B8
S315000158E06E3A206C6566743B0D0A2020666F6E74F5
S315000158F02D73697A653A20313170783B0D0A202083
S31500015900636F6C6F723A20766172282D2D746578FB
S31500015910742D64696D293B0D0A2020626F726465DE
S31500015920722D626F74746F6D3A2032707820736FC6
S315000159306C696420766172282D2D626F72646572BE
S31500015940293B0D0A2020746578742D7472616E737B
S31500015950666F726D3A207570706572636173653B2F
S315000159600D0A7D0D0A7464207B0D0A202070616486
S3150001597064696E673A20313270783B0D0A202066E1
S315000159806F6E742D73697A653A20313370783B0DE9
S315000159900A2020626F726465722D626F74746F6D76
S315000159A03A2031707820736F6C69642076617228B1
S315000159B02D2D626F72646572293B0D0A7D0D0A7485
S315000159C0723A686F766572207464207B2062616327
S315000159D06B67726F756E643A20766172282D2D7031
S315000159E0616E656C2D6C69676874293B207D0D0AB3
S315000159F02E6261646765207B0D0A202070616464F4
S31500015A00696E673A20327078203670783B0D0A202D
S31500015A1020626F726465722D7261646975733A20D2
S31500015A203370783B0D0A2020666F6E742D73697A88
S31500015A30653A20313070783B0D0A2020666F6E740E
S31500015A402D7765696768743A20626F6C643B0D0A4D
S31500015A507D0D0A2E62672D677265656E207B206259
S31500015A6061636B67726F756E643A20726762612853
S31500015A70352C3235352C3134362C302E31293B201C
S31500015A80636F6C6F723A20766172282D2D6772658D
S31500015A90656E293B20626F726465723A20317078B7
S31500015AA020736F6C6964207267626128352C323508
S31500015AB0352C3134362C302E33293B207D0D0A2EE0
S31500015AC062672D616D626572207B206261636B671F
S31500015AD0726F756E643A2072676261283235352CB1
S31500015AE03138332C302C302E31293B20636F6C6FCB
S31500015AF0723A20766172282D2D616D626572293B9D
S31500015B0020626F726465723A2031707820736F6C0F
S31500015B1069642072676261283235352C3138332C3D
S31500015B20302C302E33293B207D0D0A2E62672D72D3
S31500015B306564207B206261636B67726F756E643A80
S31500015B402072676261283235352C37342C37342C74
S31500015B50302E31293B20636F6C6F723A2076617269
S31500015B60282D2D726564293B20626F726465723A35
S31500015B702031707820736F6C6964207267626128C6
S31500015B803235352C37342C37342C302E33293B2003
S31500015B907D0D0A2E6C6F672D73747265616D207BA6
S31500015BA00D0A20206865696768743A2034303070C0
S31500015BB0783B0D0A20206F766572666C6F772D79BA
S31500015BC03A206175746F3B0D0A2020666F6E742D45
S31500015BD073697A653A20313170783B0D0A20206C61
S31500015BE0696E652D6865696768743A20312E353BA3
S31500015BF00D0A2020636F6C6F723A20236131623384
S31500015C0063623B0D0A7D0D0A2E6C6F672D656E74FE
S31500015C107279207B0D0A20206D617267696E2D6293
S31500015C206F74746F6D3A203670783B0D0A202062CE
S31500015C306F726465722D626F74746F6D3A20317084
S31500015C4078206461736865642023313632323366A5
S31500015C503B0D0A202070616464696E672D626F7462
S31500015C60746F6D3A203470783B0D0A7D0D0A2E6CE7
S31500015C706F672D7473207B20636F6C6F723A207689
S31500015C806172282D2D746578742D64696D293B2008
S31500015C907D0D0A2E62746E2D616374696F6E207BB1
S31500015CA00D0A20206261636B67726F756E643A201C
S31500015CB07472616E73706172656E743B0D0A202099
S31500015CC0626F726465723A2031707820736F6C6905
S31500015CD06420766172282D2D6379616E293B0D0A48
S31500015CE02020636F6C6F723A20766172282D2D63C6
S31500015CF079616E293B0D0A202070616464696E67C3
S31500015D003A2036707820313270783B0D0A202066B1
S31500015D106F6E742D66616D696C793A206D6F6E6F69
S31500015D2073706163653B0D0A2020637572736F7230
S31500015D303A20706F696E7465723B0D0A2020626F9E
S31500015D40726465722D7261646975733A2034707874
S31500015D503B0D0A7D0D0A2E62746E2D616374696FA7
S31500015D606E3A686F766572207B206261636B67723B
S31500015D706F756E643A207267626128302C32343056
S31500015D802C3235352C302E31293B207D0D0A3C2F06
S31500015D907374796C653E0D0A3C2F686561643E0D2E
S31500015DA00A3C626F64793E0D0A3C64697620636C35
S31500015DB06173733D2277726170706572223E0D0ABE
S31500015DC020203C6865616465723E0D0A2020202012
S31500015DD03C64697620636C6173733D226C6F676FF7
S31500015DE02D73656374696F6E223E0D0A2020202093
S31500015DF020203C64697620636C6173733D22707563
S31500015E006C7365223E3C2F6469763E0D0A20202084
S31500015E102020203C64697620636C6173733D227394
S31500015E2079732D7469746C65223E42524432363060
S31500015E303541202F2F204F4E424F41524420454E8F
S31500015E405649524F4E4D454E54414C205445524DA4
S31500015E50494E414C3C2F6469763E0D0A2020202094
S31500015E603C2F6469763E0D0A202020203C64697629
S31500015E7020636C6173733D2268772D73706563735C
S31500015E80223E0D0A2020202020203C7370616E3EA8
S31500015E904D43553A203C7374726F6E673E436F7281
S31500015EA07465782D4D344620283138304D487A298D
S31500015EB03C2F7374726F6E673E3C2F7370616E3E3A
S31500015EC00D0A2020202020203C7370616E3E504830
S31500015ED0593A203C7374726F6E673E57692D466955
S31500015EE0203620283830322E31316178293C2F7303
S31500015EF074726F6E673E3C2F7370616E3E0D0A20A1
S31500015F0020202020203C7370616E3E5352414D3A51
S31500015F10203C7374726F6E673E384D42206578740B
S31500015F2020505352414D3C2F7374726F6E673E3C45
S31500015F302F7370616E3E0D0A2020202020203C73B5
S31500015F4070616E3E525353493A203C7374726F6EC0
S31500015F50672069643D226E6F64652D7273736922D1
S31500015F603E2D34302064426D3C2F7374726F6E6720
S31500015F703E3C2F7370616E3E0D0A202020203C2F7F
S31500015F806469763E0D0A20203C2F6865616465725E
S31500015F903E0D0A0D0A20203C64697620636C61730C
S31500015FA0733D22677269642D332D31223E0D0A201D
S31500015FB02020203C6469763E0D0A202020202020E6
S31500015FC03C64697620636C6173733D226D657472FE
S31500015FD06963732D7374726970223E0D0A20202045
S31500015FE020202020203C64697620636C6173733D18
S31500015FF0226D696E692D63617264223E3C64697625
S3150001600020636C6173733D226D696E692D6C6162EB
S31500016010656C223E4D344620436F72652054656D92
S31500016020703C2F6469763E3C64697620636C6173CB
S31500016030733D226D696E692D76616C222069643D1E
S31500016040226D2D636F72652D74656D70223E2D2D47
S315000160503C2F6469763E3C2F6469763E0D0A20200A
S315000160602020202020203C64697620636C617373B4
S315000160703D226D696E692D636172642220737479A4
S315000160806C653D22626F726465722D6C6566742D56
S31500016090636F6C6F723A20766172282D2D67726577
S315000160A0656E29223E3C64697620636C6173733D9B
S315000160B0226D696E692D6C6162656C223E416D626D
S315000160C069656E742048756D69646974793C2F64DD
S315000160D069763E3C64697620636C6173733D226D1B
S315000160E0696E692D76616C222069643D226D2D6889
S315000160F0756D223E2D2D3C2F6469763E3C2F6469D9
S31500016100763E0D0A20202020202020203C6469763E
S3150001611020636C6173733D226D696E692D636172D3
S315000161206422207374796C653D22626F72646572B4
S315000161302D6C6566742D636F6C6F723A2076617291
S31500016140282D2D616D62657229223E3C6469762097
S31500016150636C6173733D226D696E692D6C61626555
S315000161606C223E4D61676E6574696320466C757875
S315000161703C2F6469763E3C64697620636C61737377
S315000161803D226D696E692D76616C222069643D221E
S315000161906D2D6D6167223E2D2D3C2F6469763E3C47
S315000161A02F6469763E0D0A20202020202020203CE5
S315000161B064697620636C6173733D226D696E692D26
S315000161C06361726422207374796C653D22626F7219
S315000161D06465722D6C6566742D636F6C6F723A20FF
S315000161E0766172282D2D72656429223E3C6469769A
S315000161F020636C6173733D226D696E692D6C6162FA
S31500016200656C223E494D55205374617475733C2F5C
S315000162106469763E3C64697620636C6173733D22E2
S315000162206D696E692D76616C222069643D226D2D42
S31500016230696D75223E2D2D3C2F6469763E3C2F6497
S3150001624069763E0D0A2020202020203C2F646976A5
S315000162503E0D0A0D0A2020202020203C646976206C
S31500016260636C6173733D2270616E656C223E0D0A2B
S3150001627020202020202020203C64697620636C6148
S3150001628073733D2270616E656C2D6865616465721C
S31500016290223E0D0A202020202020202020203C64A0
S315000162A0697620636C6173733D2270616E656C2D36
S315000162B07469746C65223E4F6E626F61726420531D
S315000162C0656E736F72204D617472697820486172D0
S315000162D06477617265204C617965723C2F646976D9
S315000162E03E0D0A202020202020202020203C6275FF
S315000162F074746F6E20636C6173733D2262746E2DCC
S31500016300616374696F6E22206F6E636C69636B3DA6
S3150001631022636C656172496E746572727570742858
S3150001632029223E434C4541522048414C4C20494E7E
S31500016330544552525550543C2F627574746F6E3EDB
S315000163400D0A20202020202020203C2F6469763E43
S315000163500D0A20202020202020203C64697620730D
S3150001636074796C653D226F766572666C6F772D78F0
S315000163703A206175746F3B223E0D0A2020202020B1
S3150001638020202020203C7461626C653E0D0A20208D
S31500016390202020202020202020203C746865616474
S315000163A03E0D0A20202020202020202020202020F1
S315000163B0203C74723E0D0A2020202020202020201F
S315000163C0202020202020203C74683E48617264779A
S315000163D0617265205461726765743C2F74683E0D65
S315000163E00A202020202020202020202020202020BC
S315000163F0203C74683E53656E736F72204964656E06
S315000164007469666965723C2F74683E0D0A20202006
S31500016410202020202020202020202020203C7468BD
S315000164203E5072696D617279204D65747269633C83
S315000164302F74683E0D0A20202020202020202020B5
S315000164402020202020203C74683E5365636F6E64D3
S31500016450617279204D65747269633C2F74683E0DD3
S315000164600A2020202020202020202020202020203B
S31500016470203C74683E494D5520332D41786973207F
S31500016480566563746F723C2F74683E0D0A20202096
S31500016490202020202020202020202020203C74683D
S315000164A03E48616C6C204566666563743C2F746872
S315000164B03E0D0A20202020202020202020202020E0
S315000164C02020203C74683E4F7065726174696F6E5E
S315000164D0616C205374617475733C2F74683E0D0AA8
S315000164E020202020202020202020202020203C2F7A
S315000164F074723E0D0A2020202020202020202020FA
S31500016500203C2F74686561643E0D0A2020202020FE
S31500016510202020202020203C74626F647920696449
S315000165203D2273656E736F722D726F77223E0D0A6F
S315000165302020202020202020202020203C2F746293
S315000165406F64793E0D0A2020202020202020202063
S315000165503C2F7461626C653E0D0A202020202020AC
S3150001656020203C2F6469763E0D0A20202020202021
S315000165703C2F6469763E0D0A202020203C2F646959
S31500016580763E0D0A0D0A202020203C6469762063A0
S315000165906C6173733D2270616E656C223E0D0A203B
S315000165A020202020203C64697620636C6173733D52
S315000165B02270616E656C2D686561646572223E0D9F
S315000165C00A20202020202020203C64697620636C4C
S315000165D06173733D2270616E656C2D7469746C65AF
S315000165E0223E53695778393137204B65726E656C97
S315000165F0204C6F67733C2F6469763E0D0A2020207C
S315000166002020203C2F6469763E0D0A202020202080
S31500016610203C64697620636C6173733D226C6F67FD
S315000166202D73747265616D222069643D226C6F67FA
S315000166302D626F78223E3C2F6469763E0D0A20203A
S3150001664020203C2F6469763E0D0A20203C2F646988
S31500016650763E0D0A3C2F6469763E0D0A0D0A3C739F
S3150001666063726970743E0D0A6C657420696E746597
S315000166707272757074416374697665203D20666136
S315000166806C73653B0D0A0D0A66756E6374696F6EF0
S315000166902072616E64286D696E2C206D61782920E7
S315000166A07B2072657475726E204D6174682E666CFE
S315000166B06F6F72284D6174682E72616E646F6D28FA
S315000166C029202A20286D6178202D206D696E202BC6
S315000166D020312929202B206D696E3B207D0D0A660C
S315000166E0756E6374696F6E2072616E64466C6F615C
S315000166F074286D696E2C206D617829207B20726566
S315000167007475726E20284D6174682E72616E646FA5
S315000167106D2829202A20286D6178202D206D696E2B
S3150001672029202B206D696E292E746F466978656460
S315000167302832293B207D0D0A0D0A66756E63746940
S315000167406F6E206164644C6F6728747970652C20C4
S315000167506D736729207B0D0A2020636F6E73742089
S315000167606C6F67426F78203D20646F63756D656E4F
S31500016770742E676574456C656D656E7442794964FE
S3150001678028276C6F672D626F7827293B0D0A202019
S31500016790636F6E7374207473203D206E6577204499
S315000167A061746528292E746F49534F537472696E4B
S315000167B06728292E737562737472696E6728313181
S315000167C02C203139293B0D0A20206C657420636F1A
S315000167D06C6F72203D2027766172282D2D746578A5
S315000167E07429273B0D0A2020696620287479706573
S315000167F0203D3D3D20275741524E272920636F6C8E
S315000168006F72203D2027766172282D2D616D62659C
S315000168107229273B0D0A2020696620287479706544
S31500016820203D3D3D202743524954272920636F6C63
S315000168306F72203D2027766172282D2D726564299D
S31500016840273B0D0A20206966202874797065203D52
S315000168503D3D2027454D424544272920636F6C6FF6
S3150001686072203D2027766172282D2D6379616E296C
S31500016870273B0D0A20200D0A2020636F6E737420BA
S31500016880656E747279203D20646F63756D656E74F3
S315000168902E637265617465456C656D656E74282736
S315000168A064697627293B0D0A2020656E7472792E5C
S315000168B0636C6173734E616D65203D20276C6F6754
S315000168C02D656E747279273B0D0A2020656E7472F0
S315000168D0792E696E6E657248544D4C203D20603CA0
S315000168E07370616E20636C6173733D226C6F672DEB
S315000168F07473223E5B247B74737D5D3C2F737061E0
S315000169006E3E203C7370616E207374796C653D2216
S31500016910636F6C6F723A247B636F6C6F727D223E7C
S315000169205B247B747970657D5D20247B6D73677D47
S315000169303C2F7370616E3E603B0D0A20206C6F67C1
S31500016940426F782E696E736572744265666F726501
S3150001695028656E7472792C206C6F67426F782E668B
S31500016960697273744368696C64293B0D0A20206956
S315000169706620286C6F67426F782E6368696C647253
S31500016980656E2E6C656E677468203E20323529204F
S315000169906C6F67426F782E72656D6F7665436869B5
S315000169A06C64286C6F67426F782E6C6173744368F0
S315000169B0696C64293B0D0A7D0D0A0D0A66756E63C5
S315000169C074696F6E20706172736548617264776174
S315000169D0726554656C656D657472792829207B0D25
S315000169E00A2020636F6E73742074626F6479203D90
S315000169F020646F63756D656E742E676574456C658D
S31500016A006D656E7442794964282773656E736F727A
S31500016A102D726F7727293B0D0A202074626F6479E6
S31500016A202E696E6E657248544D4C203D2027273BDA
S31500016A300D0A0D0A2020636F6E737420616D626901
S31500016A40656E7454656D70203D2072616E64466C8E
S31500016A506F61742832312E342C2033342E38293B81
S31500016A600D0A2020636F6E7374206D6375436F7218
S31500016A706554656D70203D2072616E64466C6F6170
S31500016A80742834312E322C2035382E35293B0D0A07
S31500016A902020636F6E73742068756D6964697479FB
S31500016AA0203D2072616E64466C6F61742834302E0D
S31500016AB0352C2036352E32293B0D0A2020636F6E88
S31500016AC073742061636358203D2072616E64466C65
S31500016AD06F6174282D302E31352C20302E3232291B
S31500016AE03B0D0A2020636F6E737420616363592026
S31500016AF03D2072616E64466C6F6174282D302E30B4
S31500016B00382C20302E3134293B0D0A2020636F6E3C
S31500016B107374206163635A203D2072616E64466C12
S31500016B206F617428302E39322C20312E3035293BB5
S31500016B300D0A2020636F6E7374206D61676E657434
S31500016B406963466C7578203D2072616E64282D312B
S31500016B50352C203835293B0D0A0D0A20206C657429
S31500016B6020737461747573436C617373203D2027C0
S31500016B7062672D677265656E273B0D0A20206C657D
S31500016B80742073746174757354657874203D20277D
S31500016B90E2978F204E4F4D494E414C273B0D0A0D32
S31500016BA00A2020696620286D61676E6574696346EF
S31500016BB06C7578203E203630207C7C206D637543D1
S31500016BC06F726554656D70203E2035352E30292053
S31500016BD07B0D0A20202020737461747573436C61E8
S31500016BE07373203D202762672D616D626572273BB5
S31500016BF00D0A2020202073746174757354657874AE
S31500016C00203D2027E296A0205448524553484F4C38
S31500016C1044205741524E494E47273B0D0A2020201A
S31500016C2020696620284D6174682E72616E646F6DED
S31500016C302829203E20302E3629206164644C6F6756
S31500016C4028275741524E272C20605369574739311F
S31500016C503720436F72652054656D7020656C6576CB
S31500016C60617465643A20247B6D6375436F72655464
S31500016C70656D707DC2B04360293B0D0A20207D0DF4
S31500016C800A0D0A2020696620286D61676E657469A0
S31500016C9063466C7578203E203735202626202169EB
S31500016CA06E746572727570744163746976652920B4
S31500016CB07B0D0A20202020737461747573436C6107
S31500016CC07373203D202762672D726564273B0D0A89
S31500016CD02020202073746174757354657874203D87
S31500016CE02027E296B22048414C4C20494E54455249
S31500016CF052555054273B0D0A202020206164644CD4
S31500016D006F67282743524954272C206050726F78A9
S31500016D10696D69747920616C6572743A2048696796
S31500016D2068206D61676E6574696320666C7578208D
S31500016D3064657465637465642028247B6D61676E80
S31500016D4065746963466C75787D2075542960293BA5
S31500016D500D0A20202020696E746572727570744167
S31500016D606374697665203D20747275653B0D0A2052
S31500016D70207D0D0A0D0A2020696620284D61746860
S31500016D802E72616E646F6D2829203E20302E3932B5
S31500016D9029207B0D0A202020206164644C6F67281E
S31500016DA027454D424544272C20604672656552545D
S31500016DB04F5320486561703A20247B72616E6428C6
S31500016DC03432302C20353132297D204B42206176F8
S31500016DD061696C61626C6560293B0D0A20207D0D3D
S31500016DE00A0D0A2020636F6E7374207472203D2091
S31500016DF0646F63756D656E742E6372656174654546
S31500016E006C656D656E742827747227293B0D0A20FF
S31500016E102074722E696E6E657248544D4C203D2069
S31500016E20600D0A202020203C74643E3C7374726F0E
S31500016E306E67207374796C653D22636F6C6F723A6D
S31500016E40766172282D2D6379616E29223E42524464
S31500016E5032363035413C2F7374726F6E673E3C6437
S31500016E606976207374796C653D22666F6E742D7335
S31500016E70697A653A313070783B636F6C6F723A7636
S31500016E806172282D2D746578742D64696D29223EF1
S31500016E904E6F64652D5461726765743C2F64697623
S31500016EA03E3C2F74643E0D0A202020203C74643E33
S31500016EB0536957783931372D4275696C74696E3C5F
S31500016EC02F74643E0D0A202020203C74643E247BEE
S31500016ED0616D6269656E7454656D707D203C737079
S31500016EE0616E207374796C653D22636F6C6F723AC3
S31500016EF0766172282D2D746578742D64696D292249
S31500016F003EC2B0432028416D62293C2F7370616EE9
S31500016F103E3C2F74643E0D0A202020203C74643EC2
S31500016F20247B68756D69646974797D203C73706131
S31500016F306E207374796C653D22636F6C6F723A765D
S31500016F406172282D2D746578742D64696D29223E30
S31500016F502552483C2F7370616E3E3C2F74643E0D82
S31500016F600A202020203C74643E5B247B61636358C5
S31500016F707D2C20247B616363597D2C20247B6163F6
S31500016F80635A7D5D203C7370616E207374796C6504
S31500016F903D22636F6C6F723A766172282D2D74658E
S31500016FA078742D64696D29223E473C2F7370616E9A
S31500016FB03E3C2F74643E0D0A202020203C74643E22
S31500016FC03C7370616E207374796C653D22636F6CDE
S31500016FD06F723A247B6D61676E65746963466C7581
S31500016FE078203E203630203F2027766172282D2DCD
S31500016FF0616D6265722927203A2027766172282DF4
S315000170002D7465787429277D223E247B6D61676E18
S3150001701065746963466C75787D2075543C2F737071
S31500017020616E3E3C2F74643E0D0A202020203C7484
S31500017030643E3C7370616E20636C6173733D2262C2
S315000170406164676520247B737461747573436C6135
S3150001705073737D223E247B737461747573546578F2
S31500017060747D3C2F7370616E3E3C2F74643E0D0A35
S315000170702020603B0D0A202074626F64792E6170B6
S3150001708070656E644368696C64287472293B0D0AE5
S315000170900D0A2020646F63756D656E742E676574C5
S315000170A0456C656D656E744279496428276D2D635B
S315000170B06F72652D74656D7027292E74657874431A
S315000170C06F6E74656E74203D206D6375436F7265D6
S315000170D054656D70202B202720C2B043273B0D0A33
S315000170E02020646F63756D656E742E676574456CDB
S315000170F0656D656E744279496428276D2D68756DD5
S3150001710027292E74657874436F6E74656E74203DFD
S31500017110204D6174682E726F756E642868756D698D
S315000171206469747929202B20272025273B0D0A2005
S3150001713020646F63756D656E742E676574456C6545
S315000171406D656E744279496428276D2D6D616727D7
S31500017150292E74657874436F6E74656E74203D20B4
S315000171606D61676E65746963466C7578202B20279F
S31500017170207554273B0D0A2020646F63756D656E7B
S31500017180742E676574456C656D656E7442794964E4
S3150001719028276D2D696D7527292E74657874436FBF
S315000171A06E74656E74203D20284D6174682E61628F
S315000171B073286163635A202D20312E3029203C200B
S315000171C0302E313529203F2027535441424C452743
S315000171D0203A20274D4F54494F4E273B0D0A202078
S315000171E0646F63756D656E742E676574456C656D48
S315000171F0656E744279496428276E6F64652D7273D2
S31500017200736927292E74657874436F6E74656E747D
S31500017210203D2072616E64282D34382C202D3335A3
S3150001722029202B20272064426D273B0D0A7D0D0A5C
S315000172300D0A66756E6374696F6E20636C656172A3
S31500017240496E746572727570742829207B0D0A2047
S3150001725020696E74657272757074416374697665BE
S31500017260203D2066616C73653B0D0A2020616464D4
S315000172704C6F672827454D424544272C2027495303
S31500017280523A2048616C6C2073656E736F72206D83
S3150001729061676E65746963206C6174636820696EE9
S315000172A07465727275707420636C65617265642EA3
S315000172B027293B0D0A7D0D0A0D0A6164644C6F672F
S315000172C02827454D424544272C2027426F6F746974
S315000172D06E672053696C69636F6E204C616273201F
S315000172E0576972656C65737320537461636B20769D
S315000172F0323032362E612E2E2E27293B0D0A61643D
S31500017300644C6F672827454D424544272C20274961
S315000173103243205065726970686572616C204469F8
S3150001732073636F766572793A2052482F54656D7092
S31500017330202620494D552064657465637465642E65
S3150001734027293B0D0A736574496E74657276616C03
S3150001735028706172736548617264776172655465FC
S315000173606C656D657472792C2032303030293B0D95
S315000173700A706172736548617264776172655465FA
S315000173806C656D6574727928293B0D0A3C2F736310
S31500017390726970743E0D0A3C2F626F64793E0D0A64
S315000173A03C2F68746D6C3E00310000000000000047
S315000173B0000100000600000001000000100000802E
S315000173C000000080000050200000000000000000C6
S315000173D000000000000000000000000000000000A6
S315000173E00000000031000000000000000001000064
S315000173F00000000081000000040D088000000080EC
S31500017400000050280000000000A10000000000005C
S315000174100000000000000000000000000000000065
S3150001742095010000CB582108000000000000000073
S31500017430A55E21080F0000000F0000009E5E2108D6
S31500017440945E210838872108000000000000000032
S3150001745000000000000000000010000037000000DE
S3150001746000000000000000000201030349444C45EE
S3150001747000546D725100546D722053766300256479
S315000174802E25642E25642E2564002532583A253290
S31500017490583A2532583A2532583A2532583A253241
S315000174A05800000000000000000000003408010040
S315000174B050000000B5562008D55620086958200806
S315000174C04D58200835582008ED572008A5572008A3
S315000174D051572008455720083957200805572008D5
S315000174E0F9562008ED562008E1562008004A030007
S315000174F00041030000490300004B0300000A060592
S31500017500000B06060006060100070602002F020B05
S315000175100030020C0009020400060201001D0200EF
S31500017520001E02000008020302020A02433A2F5516
S31500017530736572732F696F745F652F53696D706C14
S31500017540696369747953747564696F2F53444B7316
S315000175502F73696D706C69636974795F73646B2FDE
S31500017560657874656E73696F6E2F77697365636F7E
S315000175706E6E6563742F636F6D706F6E656E747377
S315000175802F6465766963652F73696C6162732F7306
S31500017590693931782F776972656C6573732F616804
S315000175A0625F696E746572666163652F7372632FBC
S315000175B07273695F68616C5F6D63755F6D345F726D
S315000175C06F6D2E630025733A25733A25643A0D0AC9
S315000175D020494E56414C494420494E544552525534
S315000175E05054200D0A0D0A00736C695F6D345F6992
S315000175F06E746572727570745F6973720000000053
S315000176005A600100010000000100000001000000B5
S3150001761059600100010000000100000058600100EE
S31500017620010000000100000001000000010000004F
S3150001763001000000576001005660010001000000D2
S315000176405560010054600100010000005260010014
S3150001765001000000516001001A0000000F00000047
S3150001766019000000020000002100000007000000D0
S3150001767000000000433A2F55736572732F696F74CA
S315000176805F652F53696D706C69636974795374759D
S3150001769064696F2F53444B732F73696D706C696303
S315000176A06974795F73646B2F657874656E73696F3E
S315000176B06E2F77697365636F6E6E6563742F636F83
S315000176C06D706F6E656E74732F6465766963652F71
S315000176D073696C6162732F73693931782F776972B7
S315000176E0656C6573732F6168625F696E7465726636
S315000176F06163652F7372632F736C5F7369393178B8
S315000177005F6275732E630025733A25733A25643AD1
S315000177100D0A204845415020455848415553544586
S315000177204420445552494E4720414C4C4F43415405
S31500017730494F4E200D0A0D0A0025733A25733A2545
S31500017740643A0D0A544120697320696E206163749D
S315000177506976652073746174650D0A0D0A00736C90
S31500017760695F73693931785F636F6E6669675F6DEB
S31500017770345F646D615F646573635F6F6E5F7265CD
S3150001778073657400736C695F73693931785F7375FA
S31500017790626D69745F72785F706B7400433A2F553E
S315000177A0736572732F696F745F652F53696D706CA2
S315000177B0696369747953747564696F2F53444B73A4
S315000177C02F73696D706C69636974795F73646B2F6C
S315000177D0657874656E73696F6E2F77697365636F0C
S315000177E06E6E6563742F636F6D706F6E656E747305
S315000177F02F6465766963652F73696C6162732F7394
S31500017800693931782F776972656C6573732F617386
S31500017810796E6368726F6E6F75735F736F636B6595
S31500017820742F7372632F736C5F73693931785F7369
S315000178306F636B65742E630025733A25733A25646D
S315000178403A0A204D61782072657472616E736D69B2
S315000178507373696F6E2074696D656F7574207661D7
S315000178606C756520696E206265747765656E203179
S31500017870202D20333220616E642073686F756C642D
S3150001788020626520706F776572206F662074776F4E
S315000178902E2065783A312C322C342C382C31362C6A
S315000178A03332200A0D0A00736C5F73693931785FD0
S315000178B0736574736F636B6F707400433A2F5573FE
S315000178C06572732F696F745F652F53696D706C698B
S315000178D06369747953747564696F2F53444B732FBD
S315000178E073696D706C69636974795F73646B2F6515
S315000178F07874656E73696F6E2F77697365636F6EE2
S315000179006E6563742F636F6D706F6E656E74732F22
S315000179106465766963652F73696C6162732F736938
S315000179203931782F776972656C6573732F6D656D63
S315000179306F72792F6D656D5F706F6F6C5F627566C3
S315000179406665725F71756F74612E630025733A25E2
S31500017950733A25643A51756F746120666F722062BD
S3150001796075666665722074797065732073686F75C4
S315000179706C642062652061746C65617374203130BA
S315000179800D0A0025733A25733A25643A0D0A2049F2
S315000179906E76616C6964206F7065726174696F6E71
S315000179A02C20736F6D652062756666657273206142
S315000179B07265206E6F742066726565640D0A0073C8
S315000179C06C695F73693931785F686F73745F646579
S315000179D0696E69745F6275666665725F6D616E6117
S315000179E067657200736C5F73693931785F636865C7
S315000179F0636B5F666F725F76616C69645F636F6EFE
S31500017A0066696700433A2F55736572732F696F7400
S31500017A105F652F53696D706C696369747953747509
S31500017A2064696F2F53444B732F73696D706C69636F
S31500017A306974795F73646B2F657874656E73696FAA
S31500017A406E2F77697365636F6E6E6563742F636FEF
S31500017A506D706F6E656E74732F6465766963652FDD
S31500017A6073696C6162732F73693931782F77697223
S31500017A70656C6573732F736C5F6E65742F737263B8
S31500017A802F736C5F6E65745F73693931785F6361FB
S31500017A906C6C6261636B5F6672616D65776F726B49
S31500017AA02E630025733A25733A25643A0D0A556EFD
S31500017AB0737570706F72746564206576656E740D8A
S31500017AC00A0D0A00736C5F73693931785F64656604
S31500017AD061756C745F68616E646C657200433A2F00
S31500017AE055736572732F696F745F652F53696D7076
S31500017AF06C696369747953747564696F2F53444B68
S31500017B00732F73696D706C69636974795F73646BE4
S31500017B102F657874656E73696F6E2F776973656308
S31500017B206F6E6E6563742F636F6D706F6E656E74C5
S31500017B30732F6465766963652F73696C6162732F50
S31500017B4073693931782F776972656C6573732F7331
S31500017B506C5F6E65742F7372632F736C5F6E6574E1
S31500017B605F73693931785F696E74656772617469CB
S31500017B706F6E5F68616E646C65722E630025733A81
S31500017B8025733A25643A3E3C3C3C3C20476F7420C1
S31500017B906E6574206576656E74203A2025750A0D2A
S31500017BA00A00736C5F6E65745F73693931785F655E
S31500017BB076656E745F64697370617463685F68612A
S31500017BC06E646C657200433A2F55736572732F6943
S31500017BD06F745F652F53696D706C6963697479534E
S31500017BE0747564696F2F53444B732F73696D706C91
S31500017BF069636974795F73646B2F657874656E73F5
S31500017C00696F6E2F77697365636F6E6E6563742F27
S31500017C10636F6D706F6E656E74732F6465766963DD
S31500017C20652F73696C6162732F73693931782F77A8
S31500017C306972656C6573732F736F636B65742F73EC
S31500017C4072632F736C5F73693931785F736F636B1E
S31500017C5065745F7574696C6974792E630025733A6E
S31500017C6025733A25643A0D0A20494E56414C49443A
S31500017C702053454C4543542049440D0A0D0A0073CF
S31500017C806C695F73693931785F736F636B65745FB4
S31500017C906576656E745F68616E646C657200433A01
S31500017CA02F55736572732F696F745F652F53696DF5
S31500017CB0706C696369747953747564696F2F534481
S31500017CC04B732F73696D706C69636974795F736443
S31500017CD06B2F657874656E73696F6E2F776973653F
S31500017CE0636F6E6E6563742F636F6D706F6E656E15
S31500017CF074732F6465766963652F73696C6162734A
S31500017D002F73693931782F776972656C6573732FB3
S31500017D107372632F736C5F7273695F7574696C69D3
S31500017D2074792E630025733A25733A25643A5253C2
S31500017D304E204F554920253032783A253032783A4F
S31500017D40253032782E0A0D0A0025733A25733A2515
S31500017D50643A506169727769736520636970686511
S31500017D607220737569746520636F756E743A202588
S31500017D70752E0A0D0A0073693931785F6173796E60
S31500017D80635F72785F6576656E740071756575659A
S31500017D902D3E7461696C203D3D204E554C4C00735F
S31500017DA06C695F73693931785F72656D6F76655F8E
S31500017DB06275666665725F66726F6D5F7175657510
S31500017DC0655F62795F636F6D70617261746F720076
S31500017DD0736C695F73693931785F666C7573685F57
S31500017DE0736F636B65745F636F6D6D616E645F71F5
S31500017DF075657565735F62617365645F6F6E5F71EB
S31500017E00756575655F7479706500736C695F70720D
S31500017E106F636573735F736F636B65745F636C6FB9
S31500017E20736500736C695F70726F636573735F72FC
S31500017E30736E5F656C656D656E7400000FAC005006
S31500017E40F271756575652D3E68656164203D3D205D
S31500017E504E554C4C00433A2F55736572732F696F1B
S31500017E60745F652F53696D706C69636974795374B6
S31500017E707564696F2F53444B732F73696D706C6909
S31500017E80636974795F73646B2F657874656E736962
S31500017E906F6E2F77697365636F6E6E6563742F639B
S31500017EA06F6D706F6E656E74732F64657669636549
S31500017EB02F73696C6162732F73693931782F776912
S31500017EC072656C6573732F7372632F736C5F73695D
S31500017ED03931785F6472697665722E630055532075
S31500017EE000455520004A5020004B522000534720A0
S31500017EF000434E2000736C695F73693931785F7096
S31500017F006F705F66726F6D5F6275666665725F71CF
S31500017F107565756500736C695F73693931785F6181
S31500017F207070656E645F746F5F6275666665725FB9
S31500017F307175657565000404040204000A0A0A00E5
S31500017F4050060000000000000000000000000000D4
S31500017F5000000000FFFF0000FFFFFFFFFFFFFFFF24
S31500017F60FFFFFFFFFFFFFFFFFFFFFFFFFFFFFFFF1A
S31500017F70FFFFFFFFFFFFFFFF0000000001002A09CE
S31500017F8000010000010000003100000054544C5370
S31500017F9000464153540050454150004C4541500064
S31500017FA022617574683D4D53434841505632220053
S31500017FB0746C7300746C735F315F3200746C735F41
S31500017FC0315F3100746C735F315F3000746C735FC5
S31500017FD0315F3300433A2F55736572732F696F749E
S31500017FE05F652F53696D706C696369747953747534
S31500017FF064696F2F53444B732F73696D706C69639A
S315000180006974795F73646B2F657874656E73696FD4
S315000180106E2F77697365636F6E6E6563742F636F19
S315000180206D706F6E656E74732F73657276696365B5
S315000180302F6273645F736F636B65742F7369393174
S31500018040785F736F636B65742F736C5F7369393116
S31500018050785F6273645F736F636B65742E6300731D
S315000180606C695F68616E646C655F736F5F6D617883
S315000180705F72657472616E736D697373696F6E5F3A
S3150001808074696D656F75745F76616C756500000066
S3150001809031000000000000000001000006000000A1
S315000180A00100000010000080000000800000502048
S315000180B000000000000000000000000000000000B9
S315000180C00000000000000000000000003100000078
S315000180D00000000000010000000000008100000017
S315000180E0040D0880000000800000502800000000F8
S315000180F000A10000000000000000000000000000D8
S315000181000000000000000000594F55525F41505FCA
S315000181105353494400000000000000000000000025
S3150001812000000000000000004D595F41505F5353AD
S3150001813049440000000000000000000000000000AB
S315000181400000000000000000433A2F55736572736A
S315000181502F696F745F652F53696D706C69636974FC
S315000181607953747564696F2F53444B732F73696D1B
S31500018170706C69636974795F73646B2F6578746574
S315000181806E73696F6E2F77697365636F6E6E656364
S31500018190742F636F6D706F6E656E74732F73657276
S315000181A0766963652F6E6574776F726B5F6D616E4D
S315000181B0616765722F7372632F736C695F6E657485
S315000181C05F636F6D6D6F6E5F7574696C6974792E1F
S315000181D0630025733A25733A25643A4661696C65ED
S315000181E06420746F207465726D696E617465206EAA
S315000181F06574776F726B206D616E6167657220744D
S3150001820068726561640A0D0A0025733A25733A2579
S31500018210643A4661696C656420746F2064656C65B7
S315000182207465206E6574776F726B206D616E616720
S315000182306572206D65737361676520717565756516
S315000182400A0D0A0025733A25733A25643A4661698F
S315000182506C656420746F2064656C65746520617556
S31500018260746F2D6A6F696E206576656E7420666C13
S3150001827061670A0D0A0025733A25733A25643A0D9A
S315000182800A4661696C656420746F206765742070A5
S315000182906572666F726D616E63652070726F666975
S315000182A06C653A203078256C780D0A0D0A00257325
S315000182B03A25733A25643A0D0A53756363657373F8
S315000182C020746F207365742075702057692D466977
S315000182D020666F722050726F66696C652049442072
S315000182E025640D0A0D0A0025733A25733A25643A69
S315000182F00D0A4661696C656420746F20736574208C
S3150001830075702057692D466920666F722050726F0D
S3150001831066696C652049442025643A203078256CCD
S31500018320780D0A0D0A0025733A25733A25643A0D2C
S315000183300A5265747279696E6720746F2073657469
S315000183402075702057692D46692E2E2E0D0A0D0AAD
S315000183500025733A25733A25643A0D0A20436F6E58
S315000183606E6563746564206173796E6368726F6E9E
S315000183706F75736C790D0A0D0A0025733A25733AE8
S3150001838025643A4661696C656420746F2063726581
S31500018390617465206175746F2D6A6F696E206576EB
S315000183A0656E7420666C61672E0A0D0A0025733AA4
S315000183B025733A25643A4661696C656420746F20B9
S315000183C0637265617465206E6574776F726B206D7B
S315000183D0616E61676572206D657373616765207192
S315000183E0756575652E0A0D0A0025733A25733A25BA
S315000183F0643A4661696C656420746F2063726561D5
S315000184007465206E6574776F726B206D616E61673E
S315000184106572207468726561642E0A0D0A002573FF
S315000184203A25733A25643A4661696C656420746F2E
S3150001843020636F6E6E65637420746F2057692D46D5
S3150001844069206E6574776F726B2E0A0D0A002573AB
S315000184503A25733A25643A4175746F2D6A6F696ED0
S315000184602070726F6365737320636F6D706C6574D2
S3150001847065642E0A0D0A0025733A25733A25643A76
S315000184804175746F2D6A6F696E2070726F636573C3
S3150001849073206661696C65642E0A0D0A00736C6946
S315000184A05F617474656D70745F636F6E6E6563741E
S315000184B0696F6E5F746F5F70726F66696C6573006A
S315000184C0736C695F636F6E6E6563745F746F5F7300
S315000184D06F727465645F776966695F70726F6669EA
S315000184E06C657300736C695F6765745F6974657247
S315000184F06174655F70726F66696C65735F636F75D2
S315000185006E7400736C695F6E6574776F726B5F6D05
S31500018510616E616765725F6576656E745F68616ECF
S31500018520646C657200736C695F68616E646C655F2B
S315000185306175746F5F6A6F696E00736C695F636CF6
S3150001854065616E75705F6175746F5F6A6F696E00E4
S315000185506E6574776F726B5F6D616E616765725F71
S315000185607175657565006E6574776F726B5F6D61A8
S315000185706E616765720000005095210800000000D9
S3150001858000000000000000000000000000000000E4
S3150001859066952108000000000000000000000000B0
S315000185A000000000000900001800000000000000A3
S315000185B000000000433A2F55736572732F696F747B
S315000185C05F652F53696D706C69636974795374754E
S315000185D064696F2F53444B732F73696D706C6963B4
S315000185E06974795F73646B2F657874656E73696FEF
S315000185F06E2F77697365636F6E6E6563742F636F34
S315000186006D706F6E656E74732F73657276696365CF
S315000186102F736C5F687474705F7365727665722F01
S315000186207372632F736C5F687474705F73657276AF
S3150001863065722E630025733A25733A25643A0D0A4D
S31500018640416363657074656420736F636B65742041
S315000186504944203A20256C640D0A0D0A0025733A17
S3150001866025733A25643A0D0A536F636B657420636B
S3150001867072656174696F6E206661696C65642077E5
S3150001868069746820627364206572726F723A20257C
S31500018690640D0A0D0A0025733A25733A25643A0DCD
S315000186A00A53657276657220536F636B6574204950
S315000186B044203A2025640D0A0D0A0025733A2573D4
S315000186C03A25643A0D0A53657420536F636B6574DA
S315000186D0206F7074696F6E206661696C65642077BE
S315000186E069746820627364206572726F723A20251C
S315000186F0640D0A0D0A0025733A25733A25643A0D6D
S315000187000A536F636B65742062696E6420666169E2
S315000187106C6564207769746820627364206572727F
S315000187206F723A2025640D0A0D0A0025733A2573E6
S315000187303A25643A0D0A536F636B6574206C69734D
S3150001874074656E206661696C65642077697468205A
S31500018750627364206572726F723A2025640D0A0D88
S315000187600A0025733A25733A25643A0D0A4C697352
S3150001877074656E696E67206F6E204C6F63616C2045
S31500018780506F7274203A2025640D0A0D0A00257374
S315000187903A25733A25643A0D0A536F636B65742063
S315000187A0616363657074206661696C6564207769CD
S315000187B0746820627364206572726F723A20256450
S315000187C00D0A0D0A0025733A25733A25643A0D0AF6
S315000187D0496E2068747470207365727665722074B0
S315000187E068726561643A20476F742053746F702014
S315000187F0436F6D6D616E640D0A0D0A0025733A258E
S31500018800733A25643A0D0A436C69656E7420536F99
S31500018810636B65743A25642D2D2D2D2D2D2D2D2D52
S315000188202D2D2D2D2D2D2D2D2D2D2D2D2D2D2D2D71
S315000188302D2D2D0D0A0025733A25733A25643A0D1F
S315000188400A20736574736F636B6F70742066616958
S315000188506C0D0A0D0A0025733A25733A25643A0D03
S315000188600A20736574736F636B6F707420646F6E27
S31500018870650D0A0D0A0025733A25733A25643A0DEA
S315000188800A536F636B65742072656365697665204B
S315000188906661696C65642077697468206273642017
S315000188A06572726F723A2025640D0A0D0A002573EE
S315000188B03A25733A25643A476F74206368756E6B7F
S315000188C03A200A25730A0D0A0025733A25733A25BB
S315000188D0643A476F742072657175657374206D65AE
S315000188E074686F64203A2025730A0D0A00474554BF
S315000188F000504F5354005055540044454C4554457F
S31500018900004845414400485454502F312E3100430C
S315000189106F6E74656E742D4C656E67746800257391
S315000189203A25733A25643A476F7420657870656312
S315000189307465642064617461206C656E6774682077
S315000189403A20256C750A0D0A0025733A25733A25D6
S31500018950643A476F7420686561646572206C656E60
S31500018960677468203A2025750A0D0A0025733A2591
S31500018970733A25643A476F742072656D61696E6951
S315000189806E672064617461206C656E677468203A55
S3150001899020256C750A0D0A0025733A25733A25645C
S315000189A03A0D0A20536572766572205468726561C4
S315000189B064205465726D696E61746564200D0A0DDB
S315000189C00A0025733A25733A25643A0D0A496E2041
S315000189D068747470207365727665722073746F7033
S315000189E03A20446F6E650D0A0D0A00485454502F03
S315000189F0312E312000485454502F312E302000257D
S31500018A00733A25733A25643A0D0A4D656D6F72798D
S31500018A1020616C6C6F636174696F6E206661696C4D
S31500018A20656420666F7220726573706F6E73652060
S31500018A306275666665720D0A0D0A00256C7500255C
S31500018A407325730D0A00436F6E74656E742D547928
S31500018A5070653A2025730D0A00436F6E74656E7456
S31500018A602D4C656E6774683A2025730D0A002573CF
S31500018A703A2025730D0A00436F6E6E656374696F44
S31500018A806E3A20636C6F73650D0A0D0A0025733A01
S31500018A9025733A25643A4661696C656420746F20D2
S31500018AA073656E64206275666665720D0A002573CC
S31500018AB03A25733A25643A0D0A526573706F6E73DF
S31500018AC065206275666665722073656E64206661EF
S31500018AD0696C65642E0D0A0D0A004E6F7420466F8F
S31500018AE0756E642100736C5F687474705F73657270
S31500018AF07665725F77726974655F6461746100732C
S31500018B006C695F73656E645F726573706F6E7365B2
S31500018B105F62756666657200736C5F687474705F18
S31500018B207365727665725F73656E645F7265737085
S31500018B306F6E736500736C5F687474705F736572D2
S31500018B407665725F726561645F726571756573746E
S31500018B505F6461746100736C5F687474705F7365E0
S31500018B60727665725F73746F7000736C695F7061A2
S31500018B707273655F687474705F686561646572734A
S31500018B8000736C695F70726F636573735F72657191
S31500018B907565737400636C69656E745F61636365A3
S31500018BA070745F63616C6C6261636B00736C695FA7
S31500018BB0687474705F736572766572006874747038
S31500018BC05F73657276657200BC9B21080000000028
S31500018BD00000000000000000000000000008000086
S31500018BE0180000000000000000000000433A2F5565
S31500018BF0736572732F696F745F652F53696D706C3E
S31500018C00696369747953747564696F2F53444B733F
S31500018C102F73696D706C69636974795F73646B2F07
S31500018C20657874656E73696F6E2F77697365636FA7
S31500018C306E6E6563742F636F6D706F6E656E7473A0
S31500018C402F736C695F73693931785F776966695F1C
S31500018C506576656E745F68616E646C65722F73729A
S31500018C60632F736C695F73693931785F77696669F8
S31500018C705F6576656E745F68616E646C65722E639E
S31500018C800025733A25733A25643A0D0A2042555355
S31500018C905F57524954455F4552524F52200D0A0DB6
S31500018CA00A0025733A25733A25643A3C3E3E3E3E18
S31500018CB0205478202D3E2071756575654964203AEA
S31500018CC02025752C206672616D654964203A203035
S31500018CD07825782C206C656E677468203A20257596
S31500018CE00A0D0A0025733A25733A25643A3E3C3C3F
S31500018CF03C3C205278202D3E20717565756549648E
S31500018D00203A2025752C206672616D654964203AEA
S31500018D1020307825782C206672616D6553746174F4
S31500018D2075733A20307825782C206C656E677468E7
S31500018D30203A2025750A0D0A0025733A25733A252E
S31500018D40643A52617720446174610A0D0A00736CBA
S31500018D50695F6372656174655F67656E6572696394
S31500018D605F72785F7061636B65745F66726F6D5F6A
S31500018D70706172616D73006275735F777269746594
S31500018D805F646174615F6672616D65006275735FD0
S31500018D9077726974655F6672616D6500736C695F90
S31500018DA073693931785F776966695F68616E646C8A
S31500018DB0655F72785F6576656E747300736C695F63
S31500018DC0776966695F636F6D6D616E645F656E6716
S31500018DD0696E65002C2066756E6374696F6E3A2044
S31500018DE000617373657274696F6E20222573222088
S31500018DF06661696C65643A2066696C652022257333
S31500018E00222C206C696E65202564257325730A0062
S31500018E100020202020202020202028282828282043
S31500018E20202020202020202020202020202020203B
S31500018E3020881010101010101010101010101010A3
S31500018E401004040404040404040404101010101093
S31500018E50101041414141414101010101010101015D
S31500018E6001010101010101010101010110101010AF
S31500018E70101042424242424202020202020202022F
S31500018E800202020202020202020202021010101083
S31500018E9020000000000000000000000000000000AB
S31500018EA000000000000000000000000000000000BB
S31500018EB000000000000000000000000000000000AB
S31500018EC0000000000000000000000000000000009B
S31500018ED0000000000000000000000000000000008B
S31500018EE0000000000000000000000000000000007B
S31500018EF0000000000000000000000000000000006B
S31500018F00000000000000000000000000000000005A
S31500018F1000494E4600696E66004E414E006E616E16
S31500018F2000303132333435363738394142434445DE
S31500018F30460030313233343536373839616263644D
S31500018F40656600496E66696E697479004E614E0008
S31500018F505245454E54206D616C6C6F632073756389
S31500018F60636565646564002F646174612F6A656E6B
S31500018F706B696E732F776F726B73706163652F47C1
S31500018F804E552D746F6F6C636861696E2F61726DDA
S31500018F902D31322F7372632F6E65776C69622D6383
S31500018FA0796777696E2F6E65776C69622F6C696276
S31500018FB0632F7374646C69622F64746F612E63002E
S31500018FC042616C6C6F632073756363656564656488
S31500018FD0002F646174612F6A656E6B696E732F77FA
S31500018FE06F726B73706163652F474E552D746F6F8A
S31500018FF06C636861696E2F61726D2D31322F7372E8
S31500019000632F6E65776C69622D63796777696E2F59
S315000190106E65776C69622F6C6962632F7374646C19
S3150001902069622F6D707265632E6300000500000092
S31500019030190000007D0000000080E03779C341433C
S31500019040176E05B5B5B89346F5F93FE9034F384DA7
S31500019050321D30F94877825A3CBF737FDD4F157553
S31500019060000000000000F03F000000000000244066
S3150001907000000000000059400000000000408F4041
S31500019080000000000088C34000000000006AF840AC
S315000190900000000080842E4100000000D0126341D0
S315000190A00000000084D797410000000065CDCD4146
S315000190B0000000205FA00242000000E87648374227
S315000190C0000000A2941A6D42000040E59C30A242C5
S315000190D00000901EC4BCD64200003426F56B0C433A
S315000190E00080E03779C3414300A0D88557347643E1
S315000190F000C84E676DC1AB43003D9160E458E14342
S31500019100408CB5781DAF154450EFE2D6E41A4B44B6
S3150001911092D54D06CFF08044F64AE1C7022DB544FB
S31500019120B49DD9794378EA44232D302B2000686C0D
S315000191304C00656667454647004300504F53495802
S31500019140002E00FF7F490278D1F80035F0B502F014
S3150001915001024478877CC57CDFF8E8E123F48023AB
S3150001916043EA8243C1F80035427F017804F00103E6
S315000191709B0012F00F0643EA91134FEAC3431FBF48
S31500019180C7F3021C43EA8C2305F0030C4FEA4C0C8F
S315000191901CBF4CEAD71C43EACC13DEF89CC42CF462
S315000191A0601C08BF43F410632CF4FC5C43EA0C0C0E
S315000191B0CEF89CC4DFF8A0C1ACF80030C3F3C21CE2
S315000191C0C3F38223042B98BF0133BCF1000F00F0D7
S315000191D0B080BCF1010F00F0AF80ACF1020EBEF120
S315000191E0020F01D80CF1010C9B0243EACC13DFF804
S315000191F06CC1ACF80030534BD3F8ACC4C1F3440195
S315000192002CF01F0C41EA0C01C3F8AC14D3F810146E
S3150001921021F4FE1C817801F00301490141EAD401E0
S315000192204CEA8131C3F81014D3F80414847821F47C
S31500019230FC11A40841EAC431C3F80414D3F8081494
S31500019240447C07F00F077F0047EAD41721F4F81191
S3150001925041EA0741C3F80814D3F80C1484793A4F4C
S31500019260640821F4FE1141EA8431C3F80C14D3F8E1
S315000192703814C47921F4F03104F00F0441EA443181
S31500019280C3F83814D3F81414047A21F4FE1104F047
S315000192907F0441EA8431C3F81414C37A847AD7F877
S315000192A008155B0043EAD413047B21F47F7104F0B3
S315000192B0010421F0030143EA44230B432349C7F880
S315000192C00835234CD1F834740123C1F83434D4F869
S315000192D0103A23F00F0343EA1513C4F8103AC1F804
S315000192E0347466B302F00F0252041A4990F824400E
S315000192F0D1F8403723F4F0131A43C1F84027D1F8C7
S315000193007C27837F22F00F02C3F383031343C1F843
S315000193107C3790F82530D1F8482703F007035B0026
S3150001932022F4F03243EAD41342EA4333C1F8483710
S31500019330F0BD4FF0020C57E74FF0000C54E74FF425
S31500019340C012D2E700A005240080042400100424E2
S315000193500030042400800524D2070100D007010053
S315000193603C21444F43545950452068746D6C3E3C32
S3150001937068746D6C206C616E673D22656E223E3CA1
S31500019380686561643E3C6D657461206368617273F2
S3150001939065743D225554462D38223E3C6D657461F7
S315000193A0206E616D653D2276696577706F727422F4
S315000193B020636F6E74656E743D2277696474683DCF
S315000193C06465766963652D77696474682C20696EB6
S315000193D0697469616C2D7363616C653D312E302250
S315000193E03E3C7469746C653E4C6F67696E205061D2
S315000193F067653C2F7469746C653E3C7374796C6562
S315000194003E626F6479207B666F6E742D66616D694D
S315000194106C793A20417269616C2C2073616E732DEF
S3150001942073657269663B6D617267696E3A20303B9E
S3150001943070616464696E673A20303B646973706C6D
S3150001944061793A20666C65783B6A757374696679E9
S315000194502D636F6E74656E743A2063656E74657202
S315000194603B616C69676E2D6974656D733A2063653E
S315000194706E7465723B6865696768743A203130308D
S3150001948076683B6261636B67726F756E642D636F9D
S315000194906C6F723A20236630663066303B7D2363FB
S315000194A06F6E6E6563742D666F726D207B74657861
S315000194B0742D616C69676E3A2063656E7465723BE3
S315000194C070616464696E673A20323070783B626F0E
S315000194D0726465723A2031707820736F6C6964200A
S315000194E0236363633B626F726465722D72616469A3
S315000194F075733A203870783B6261636B67726F757A
S315000195006E642D636F6C6F723A20236666663B7DCF
S31500019510696E7075745B747970653D2274657874D3
S31500019520225D2C696E7075745B747970653D22706D
S31500019530617373776F7264225D207B7769647468E7
S315000195403A20313030253B70616464696E673A2098
S31500019550313070783B6D617267696E3A20313070D7
S315000195607820303B626F726465722D726164697531
S31500019570733A203570783B626F726465723A2031B6
S31500019580707820736F6C696420236363633B626F39
S31500019590782D73697A696E673A20626F72646572B3
S315000195A02D626F783B7D696E7075745B7479706539
S315000195B03D227375626D6974225D207B77696474DF
S315000195C0683A20313030253B70616464696E673AD0
S315000195D020313070783B6D617267696E3A203130A7
S315000195E0707820303B626F726465723A206E6F6EDE
S315000195F0653B626F726465722D7261646975733A57
S31500019600203570783B6261636B67726F756E642D8E
S31500019610636F6C6F723A20233030376266663B6344
S315000196206F6C6F723A20236666663B637572736F61
S31500019630723A20706F696E7465723B7D696E7075E2
S31500019640745B747970653D227375626D6974225D10
S315000196503A686F766572207B6261636B67726F75BC
S315000196606E642D636F6C6F723A202330303536622B
S31500019670333B7D2368656164696E67207B6D61722A
S3150001968067696E2D626F74746F6D3A20323070782F
S315000196903B77696474683A20313030253B7D7365C8
S315000196A06C6563745B6E616D653D2273656375728E
S315000196B06974792D74797065225D207B776964748C
S315000196C0683A20313030253B70616464696E673ACF
S315000196D020313070783B6D617267696E3A203130A6
S315000196E0707820303B626F726465722D72616469B5
S315000196F075733A203570783B626F726465723A20F1
S3150001970031707820736F6C696420236363633B62F5
S315000197106F782D73697A696E673A20626F72646534
S31500019720722D626F783B7D2E666F726D2D726F772B
S31500019730207B646973706C61793A20666C65783B4D
S315000197406A7573746966792D636F6E74656E743AA2
S315000197502073706163652D6265747765656E3B6123
S315000197606C69676E2D6974656D733A2063656E74F5
S3150001977065723B6D617267696E3A2031307078208F
S31500019780303B7D2E666F726D2D726F77206C616234
S31500019790656C207B77696474683A20313030707863
S315000197A03B746578742D616C69676E3A20726967DE
S315000197B068743B6D617267696E2D72696768743A88
S315000197C020313070783B77686974652D73706163F9
S315000197D0653A206E6F777261703B7D2E666F726D92
S315000197E02D726F7720696E7075742C2E666F726D8F
S315000197F02D726F772073656C656374207B666C656B
S31500019800783A20323B7D3C2F7374796C653E3C2F50
S31500019810686561643E3C626F64793E3C64697620AA
S3150001982069643D22636F6E6E6563742D666F726D3A
S31500019830223E3C68332069643D2268656164696E35
S3150001984067223E53696C69636F6E204C6162733C9B
S315000198502F68333E3C666F726D2069643D22636FEB
S315000198606E6E6563742D666F726D22206163746915
S315000198706F6E3D222F636F6E6E65637422206D6578
S3150001988074686F643D22706F7374223E3C6469761E
S3150001989020636C6173733D22666F726D2D726F77F3
S315000198A0223E3C6C6162656C20666F723D22737369
S315000198B06964223E535349443A3C2F6C6162656C9C
S315000198C03E3C696E70757420747970653D227465CD
S315000198D07874222069643D227373696422206E6163
S315000198E06D653D22737369642220706C61636568DE
S315000198F06F6C6465723D225353494422207265712F
S3150001990075697265643E3C2F6469763E3C6469768E
S3150001991020636C6173733D22666F726D2D726F7772
S31500019920223E3C6C6162656C20666F723D227061FD
S315000199307373776F7264223E50617373776F7264CB
S315000199403A3C2F6C6162656C3E3C696E70757420A1
S31500019950747970653D2274657874222069643D22AC
S3150001996070617373776F726422206E616D653D223B
S3150001997070617373776F72642220706C61636568BE
S315000199806F6C6465723D2250617373776F726422E6
S315000199902072657175697265643E3C2F6469763E15
S315000199A03C64697620636C6173733D22666F726DE8
S315000199B02D726F77223E3C6C6162656C20666F7218
S315000199C03D2273656375726974792D7479706522A8
S315000199D03E536563757269747920547970653A3CB2
S315000199E02F6C6162656C3E3C73656C6563742069BE
S315000199F0643D2273656375726974792D7479706536
S31500019A0022206E616D653D22736563757269747995
S31500019A102D74797065223E3C6F7074696F6E207685
S31500019A20616C75653D22575041223E5750413C2F8E
S31500019A306F7074696F6E3E3C6F7074696F6E2076DD
S31500019A40616C75653D2257504132223E5750413275
S31500019A503C2F6F7074696F6E3E3C6F7074696F6EE8
S31500019A602076616C75653D2257504133223E575031
S31500019A7041333C2F6F7074696F6E3E3C6F70746931
S31500019A806F6E2076616C75653D224D69786564203F
S31500019A904D6F6465223E4D69786564204D6F64653E
S31500019AA03C2F6F7074696F6E3E3C2F73656C6563F6
S31500019AB0743E3C2F6469763E3C696E707574207401
S31500019AC07970653D227375626D6974222076616CC9
S31500019AD075653D22436F6E6E656374223E3C2F664B
S31500019AE06F726D3E3C2F6469763E3C73637269709A
S31500019AF0743E646F63756D656E742E676574456C2F
S31500019B00656D656E74427949642827636F6E6E656B
S31500019B1063742D666F726D27292E616464457665BF
S31500019B206E744C697374656E657228277375626D00
S31500019B306974272C2066756E6374696F6E202865BB
S31500019B4076656E7429207B6576656E742E707265F6
S31500019B5076656E7444656661756C7428293B766119
S31500019B607220786872203D206E657720584D4C48EA
S31500019B707474705265717565737428293B786872BF
S31500019B802E6F70656E2827504F5354272C20272F90
S31500019B90636F6E6E656374272C2074727565293B3D
S31500019BA07868722E7365745265717565737448654C
S31500019BB0616465722827436F6E74656E742D5479DE
S31500019BC07065272C20276170706C69636174696FF9
S31500019BD06E2F6A736F6E27293B7661722069642046
S31500019BE03D20646F63756D656E742E676574456C93
S31500019BF0656D656E747342794E616D652827737361
S31500019C00696427295B305D2E76616C75653B7661EB
S31500019C10722070617373776F7264203D20646F6385
S31500019C20756D656E742E676574456C656D656E74CC
S31500019C307342794E616D65282770617373776F7210
S31500019C406427295B305D2E76616C75653B766172A2
S31500019C5020736563757269747954797065203D2046
S31500019C60646F63756D656E742E676574456C656D9D
S31500019C70656E7442794964282773656375726974E0
S31500019C80792D7479706527292E76616C75653B632C
S31500019C906F6E736F6C652E6C6F672827535349443B
S31500019CA03A2027202B206964293B636F6E736F6C02
S31500019CB0652E6C6F67282750617373776F72643AEC
S31500019CC02027202B2070617373776F7264293B63A1
S31500019CD06F6E736F6C652E6C6F672827536563759E
S31500019CE07269747920547970653A2027202B207384
S31500019CF06563757269747954797065293B76617209
S31500019D002064617461203D207B69643A2069642C7A
S31500019D1070617373776F72643A2070617373776FD2
S31500019D2072642C7365637572697479547970653AD6
S31500019D30207365637572697479547970657D3B78B2
S31500019D4068722E73656E64284A534F4E2E73747271
S31500019D50696E67696679286461746129293B7D2981
S31500019D603B3C2F7363726970743E3C2F626F64795A
S31500019D703E3C2F68746D6C3E000000003700000009
S31500019D80AAAAAAAA008007240A000000001C062429
S31500019D90000003442100000000FC0200891F0000AE
S31500019DA0001804240C000000000000000000000060
S31500019DB0800C010000000000F8842108F4842108C9
S31500019DC0F0842108EC842108000000000000000056
S31500019DD0000000000000000000000000000000007C
S31500019DE0891F000000000245270000000000000056
S31500019DF000000000B00C01000000000008852108E9
S31500019E000485210800852108FC8421080000000042
S31500019E10000000000000000001000000000000003A
S31500019E20000000009FFF1F00000000442600000004
S31500019E300000000000000000E00C0100248521085C
S31500019E40208521081C8521081885210814852108EB
S31500019E50108521080C852108000000000100000082
S31500019E6000000000000000000001040001000000E5
S31500019E7000010001000203000100000000010100D1
S31500019E8000000000000000000000000000000000CB
S31500019E9000000000000000000000000000000000BB
S31500019EA02823000000000000000000000000000060
S31500019EB0000000000000000000000000000000009B
S31500019EC0000000000000000000000000000000008B
S31500019ED0000000000000000000000000000000007B
S31500019EE0000000000000000000000000000000006B
S31500019EF0000000000000000000000000000000005B
S31500019F00000000000000000000000000000000004A
S31500019F10000000000000000000000000000000003A
S31500019F20000000000000000000000000000000002A
S31500019F30000000000000000000000000000000001A
S31500019F40000000000000000000000000000000000A
S31500019F5000000000000000000000000000000000FA
S31500019F6000000000000000000000000000000000EA
S31500019F7000000000000000000000000000000000DA
S31500019F8001000000000000000000000000000000C9
S31500019F9000000000000000000000000000000000BA
S31500019FA000000000000000000000000000000000AA
S31500019FB0000000000000000000000000000000009A
S31500019FC0000000000000000000000000000000008A
S31500019FD0000000000000000000000000000000007A
S31500019FE0000000000000000000000000000000006A
S31500019FF0000000000000000000000000000000005A
S3150001A0000000000000000000000000000000000049
S3150001A0100000000000000000000000000000000039
S3150001A0200101000000FC0200001C0624400A000099
S3150001A030340A000040150100C81401001F00000089
S3150001A040FFF0FF7F011F1FFF0100FFFF010000005E
S3150001A050E80300000202FFFFFFFFFFFF000001000F
S3150001A06010004D595F41505F504153535048524182
S3150001A0705345000000000000000000000000000041
S3150001A08000000000000000000000000000000000C9
S3150001A09000000000000000000000000000000000B9
S3150001A0A000000000000000000000000000000000A9
S3150001A0B00000000000000000000000000000000099
S3150001A0C00000000000000000000000000000000089
S3150001A0D00000000000000000000000000000000079
S3150001A0E00000000000000000000000000000000069
S3150001A0F00000000000000000000000000000000059
S3150001A1000000000000000000000000000000000048
S3150001A1100000000000000000000000000000000038
S3150001A12000000000000001001200594F55525F4126
S3150001A130505F50415353504852415345000000006F
S3150001A1400000000000000000000000000000000008
S3150001A15000000000000000000000000000000000F8
S3150001A16000000000000000000000000000000000E8
S3150001A17000000000000000000000000000000000D8
S3150001A18000000000000000000000000000000000C8
S3150001A19000000000000000000000000000000000B8
S3150001A1A000000000000000000000000000000000A8
S3150001A1B00000000000000000000000000000000098
S3150001A1C00000000000000000000000000000000088
S3150001A1D00000000000000000000000000000000078
S3150001A1E00000000000000000000000000000000068
S3150001A1F0FFFFFFFFFFFFFFFF00000000030000005D
S3150001A200D01B0100B80E000000000000D01B0100A9
S3150001A210381C0100A01C0100000000000000000025
S3150001A2200000000000000000000000000000000027
S3150001A2300000000000000000000000000000000017
S3150001A2400000000000000000000000000000000007
S3150001A25000000000430000000000000000000000B4
S3150001A26000000000000000000000000000000000E7
S3150001A2700000000043000000000000000000000094
S3150001A28000000000000000000000000000000000C7
S3150001A2900000000043000000000000000000000074
S3150001A2A000000000000000000000000000000000A7
S3150001A2B00000000043000000000000000000000054
S3150001A2C00000000000000000000000000000000087
S3150001A2D00000000043000000000000000000000034
S3150001A2E00000000000000000000000000000000067
S3150001A2F00000000043000000000000000000000014
S3150001A3000000000000000000000000000000000046
S3150001A31000000000430000000000000000000000F3
S3150001A3200000000000000000000000000000000026
S3150001A33000000000A1562108215621080000000056
S3150001A340109E210841A12108388721083887210854
S3150001A3503887210838872108388721083887210856
S3150001A360388721083887210838872108FFFFFFFF32
S3150001A370FFFFFFFFFFFFFFFFFFFF0000010041534B
S3150001A38043494900000000000000000000000000F1
S3150001A3900000000000000000000000000000415322
S3150001A3A043494900000000000000000000000000D1
S3150001A3B00000000000000000000000000000000096
S3150001A3C038B5234B0222C3F88420BFF34F8FBFF366
S3150001A3D06F8F204BD3F80028D30735D401231946B4
S3150001A3E0202B01D11C4606E001FA03F4144203F1C5
S3150001A3F0010027D0DCB2184B03EB04139A68C2F3B1
S3150001A4008162032A22D09B689B0F032B1ED0134B1C
S3150001A410142202FB0433D3E90253ED1A18BF0125B6
S3150001A4200F4B0E4ADB680C49DB690E4898472DB184
S3150001A430084A01235169A3400B435361044B02228D
S3150001A4405A6038BD0346CBE70024D4E70025E7E789
S3150001A45000E100E00000034400FC02008409010061
S3150001A46000013000400A000038B5244B4FF48062E9
S3150001A470C3F88020BFF34F8FBFF36F8F204BD3F804
S3150001A4800028D30736D4012319460C2B01D11C46CB
S3150001A49006E001FA03F4144203F1010028D0DCB20C
S3150001A4A0184B03EB04139A68C2F38162032A23D083
S3150001A4B09B689B0F032B1FD0134B142202FB043303
S3150001A4C0D3E90253ED1A18BF0125104B0E4ADB687A
S3150001A4D00C49DB690E4898472DB1094A0123516998
S3150001A4E0A3400B435361054B4FF480621A6038BD9C
S3150001A4F00346CAE70024D3E70025E6E700E100E0CA
S3150001A50000800724001C0624940801000001300085
S3150001A510340A00002DE9F041044600F0C9FF334B2F
S3150001A520334E1A68334F01321A603568002D52D105
S3150001A53034601B68012B1FD1B8464046013500F037
S3150001A540A3FF382D08F11408F7D1DFF8D0802A4D82
S3150001A550404600F099FF284600F096FF274800F094
S3150001A56093FF274800F090FF264800F08DFF264B09
S3150001A570C3F80080254B1D60254A1368013313601B
S3150001A580244AA3641168E36A8B4288BF13601422CC
S3150001A5905343F918201D4A68A2609568E560686012
S3150001A5A09060FA5861610132FA5000F065FF1A4B6A
S3150001A5B01B6873B13368DA6AE36A9A4209D24FF0CB
S3150001A5C0E0234FF08052C3F8042DBFF34F8FBFF342
S3150001A5D06F8FBDE8F081104B1A68E36A002ACBD170
S3150001A5E03268D26A9A4298BF3460C5E7F4390000EE
S3150001A5F0CC3E00006C3A0000443A0000283A0000C4
S3150001A600143A0000FC390000403A00003C3A0000D0
S3150001A610D8390000EC390000E8390000583A00004A
S3150001A6202DE9F8431F4B204C1D68204BD3F80080C1
S3150001A6301F4B0646D3F8009023682068002283F852
S3150001A640722004300F4600F043FF731C14D19FB1F2
S3150001A650184B21685A688A6021689068C860216829
S3150001A66004314160216804319160226853611A689E
S3150001A67001321A60BDE8F88323682168AD195D606F
S3150001A68001F1040104D34846BDE8F84300F0F0BEE9
S3150001A690404600F0EDFE084B1A68AA4288BF1D60CD
S3150001A6A0E8E700BFF0390000CC3E0000403A000068
S3150001A6B03C3A0000FC390000D4390000064A136810
S3150001A6C01968064B19B94FF0FF321A6070471268C4
S3150001A6D0D2681268F9E700BF403A0000D439000099
S3150001A6E010B590F8713004463BB9006B00F0D4FE0A
S3150001A6F02046BDE8104000F0CFBE012BF9D0022B59
S3150001A70008D04FF0140383F31188BFF36F8FBFF3A3
S3150001A7104F8FFEE710BD0000F8B50C4C0C4F0D4DE8
S3150001A720236803B9F8BD00F0C3FEFB68DE68301D7F
S3150001A73000F0CEFE2B68013B2B602368013B2360B2
S3150001A74000F09AFE3046FFF7CBFFE9E7103A00002A
S3150001A750143A0000F439000008B5084E4FF0E02421
S3150001A7604FF08055FFF7D8FF3368012BFAD9C4F8AB
S3150001A770045DBFF34F8FBFF36F8FF3E76C3A0000B1
S3150001A7802DE9F0470A9C9600324680460D46206B1D
S3150001A790A5219946DDE9087A00F082FE236B043E85
S3150001A7A01E4426F0070666646DB16B1E04F1330282
S3150001A7B00E3513F8011F02F8011F09B1AB42F8D19A
S3150001A7C0002384F84230372F08D94FF0140383F35E
S3150001A7D01188BFF36F8FBFF34F8FFEE7E7622765DF
S3150001A7E0201D00F055FEC7F1380704F1180000F0EE
S3150001A7F04FFE2461A76164624A464146304600F035
S3150001A80063FE2060BAF1000F01D0CAF80040BDE82E
S3150001A810F0872DE9F04387B0DDE90F940E4600215C
S3150001A8200546174698460491B9F1000F08D14FF035
S3150001A830140383F31188BFF36F8FBFF34F8FFEE7C6
S3150001A84044B94FF0140383F31188BFF36F8FBFF33D
S3150001A8504F8FFEE778230593059A9A4208D04FF069
S3150001A860140383F31188BFF36F8FBFF34F8FFEE796
S3150001A8702046059B00F014FE022384F8713004ABD8
S3150001A880C4F8309001930E9B00933A4643463146F5
S3150001A89028460294FFF774FF2046FFF73BFE049813
S3150001A8A007B0BDE8F0832DE9F043074685B0900077
S3150001A8B088461646994600F00FFE0546F0B1782007
S3150001A8C000F00AFE0446B0B17822002100F0E8FD4E
S3150001A8D00D9B256301930C9B009332464B464146E3
S3150001A8E038460294FFF74CFF2046FFF713FE01207E
S3150001A8F005B0BDE8F083284600F0CEFD4FF0FF30ED
S3150001A900F6E70000F8B50446254D00F0D1FD04B97F
S3150001A9102C68271D384600F0DBFDA36A1BB104F144
S3150001A920180000F0D5FD1F4A1F4E1368013313604E
S3150001A9302B68A342336800D15BB91C4A1368013BFB
S3150001A9401360FFF7BBFE00F097FD2046FFF7C8FE38
S3150001A95009E01748394600F087FD164A13680133A6
S3150001A960136000F089FD3368C3B12B68A34215D18A
S3150001A970114B1B6843B14FF0140383F31188BFF3E6
S3150001A9806F8FBFF34F8FFEE74FF0E0234FF08052FA
S3150001A990C3F8042DBFF34F8FBFF36F8FF8BD00BF10
S3150001A9A0CC3E0000D8390000E8390000F439000037
S3150001A9B0143A0000103A0000CC3900002DE9F041AC
S3150001A9C0044640B94FF0140383F31188BFF36F8F28
S3150001A9D0BFF34F8FFEE7194B1B68834226D000F069
S3150001A9E067FD174BD4F828801F68164B65691E68EA
S3150001A9F000F042FD144B98451AD0BD421AD0B5421B
S3150001AA0018D0124B9D4209D1A36A9BB994F87030B4
S3150001AA10012B14BF03200220BDE8F0810C4B9D429F
S3150001AA200AD0002D14BF01200420F5E70020F3E72A
S3150001AA300120F1E70220EFE70420EDE7CC3E00001C
S3150001AA40403A00003C3A0000283A0000FC39000078
S3150001AA50143A000030B58DB008AB214A1D4612F8F4
S3150001AA60014B03F8014B002CF9D107AA06A905A849
S3150001AA70CDE9054400F018FD059B0293069B079A54
S3150001AA801848CDE9004329462346FFF7C2FE164B77
S3150001AA901860A8B100F010FD012815D14FF014037C
S3150001AAA083F31188BFF36F8FBFF34F8F0F4B4FF0B7
S3150001AAB0FF321A600E4B18600E4B1C6000F0E0FC72
S3150001AAC00D4B1B680DB030BD0130F9D14FF01403A9
S3150001AAD083F31188BFF36F8FBFF34F8FFEE700BF7C
S3150001AAE06C84210809140000D0390000D439000013
S3150001AAF0E8390000F03900002C0A0000024A136808
S3150001AB0001331360704700BFCC390000014B186850
S3150001AB10704700BFF039000008B500F0D1FC014BC9
S3150001AB20186808BDF0390000014B1868704700BF6E
S3150001AB30F43900002DE9F84F544B1B68002B40F007
S3150001AB409E80534B1C6801341C60BCB9514B1A687A
S3150001AB50126842B14FF0140383F31188BFF36F8F6C
S3150001AB60BFF34F8FFEE74C4A1968106818601160F1
S3150001AB704A4A136801331360FFF7A0FD484D494A5D
S3150001AB802B68DFF82CB19C424FF000000FD2DBF8A6
S3150001AB900030DB6A14214B43D358022B424B1B680E
S3150001ABA028BF0120002B18BF0120BDE8F88FDFF870
S3150001ABB004C10746374B1B681B681BB94FF0FF33AF
S3150001ABC02B60E4E7334B1B68DB68DB6859688C4212
S3150001ABD001D22960DBE7D3E90219D3F81480C1F861
S3150001ABE00890C9F80410D8F8041003F1040E714551
S3150001ABF0D8F8001008BFC8F8049001395F61C8F899
S3150001AC000010D3F82880B8F1000F13D0D3E9071943
S3150001AC10C1F80890C9F80410D8F8041003F1180A0D
S3150001AC205145D8F8001008BFC8F8049001399F6251
S3150001AC30C8F80010D96ADCF800801426414506FBE5
S3150001AC4001F802EB080A88BFCCF80010DAF8049084
S3150001AC50C3F80890D9F80860DE60C6F804E0C9F8C0
S3150001AC6008E0C3F814A052F80830013342F808305E
S3150001AC70DBF80030DB6A994288BF01209AE70B4A6C
S3150001AC8013680133136000208FE700BFCC39000041
S3150001AC90F0390000403A00003C3A0000DC3900007F
S3150001ACA0D43900006C3A0000E0390000E4390000B4
S3150001ACB0CC3E0000EC3900002DE9F84F00F0F8FB1E
S3150001ACC04C4B1A6842B94FF0140383F31188BFF352
S3150001ACD06F8FBFF34F8FFEE71A68013A1A601B6840
S3150001ACE02BB1002400F0C8FB2046BDE8F88F424A8C
S3150001ACF01268002AF5D04148414C424A424E434F20
S3150001AD0014254FF0010C51E0C368DB68D3E907183D
S3150001AD10D3F828E0C1F80880C8F80410DEF804105A
S3150001AD2003F1180949454FF0000108BFCEF8048028
S3150001AD309962DEF800100139CEF80010D3E9021845
S3150001AD40D3F814E0C1F80880C8F80410DEF804103E
S3150001AD5003F104094945DEF8001008BFCEF8048066
S3150001AD600139CEF80010D3F82CE0216805FB0EF866
S3150001AD7002EB080A8E45DAF804109960D1F808B09A
S3150001AD80C3F80CB0CBF80490C1F8089052F808103B
S3150001AD9088BFC4F800E00131C3F814A042F80810D6
S3150001ADA03168C96A8E4501D9C7F800C00168002912
S3150001ADB0AAD10BB1FFF782FC154D2C6844B1134E95
S3150001ADC00127FFF7B7FE00B13760013CF9D12C60CE
S3150001ADD00E4B1B68002B84D00B4B1B684FF0E023F6
S3150001ADE04FF08052C3F8042DBFF34F8FBFF36F8F1F
S3150001ADF0012477E7CC390000F4390000283A000035
S3150001AE00EC3900006C3A0000CC3E0000E03900004D
S3150001AE10E439000008B550B94FF0E0234FF08052F5
S3150001AE20C3F8042DBFF34F8FBFF36F8F08BDFFF734
S3150001AE3065FE0A4B1B68012B08D04FF0140383F300
S3150001AE401188BFF36F8FBFF34F8FFEE70021FFF726
S3150001AE50E7FBFFF731FF0028DED0E7E7CC3900003A
S3150001AE601C4B1A681C4BF0B512B101221A60F0BDD9
S3150001AE701A481A601A4D03681A4E2A685A671A49FF
S3150001AE8032684FF0140C0CFB02F35C18CF58A7B1D3
S3150001AE90676808337F6867600B449F4204BFE368B5
S3150001AEA06360142303FB02114B68DB6803603260A5
S3150001AEB0036803685B6F2B60D9E742B94FF014034F
S3150001AEC083F31188BFF36F8FBFF34F8FFEE7013A0C
S3150001AED0D9E700BFCC390000E0390000CC3E0000C4
S3150001AEE0F8390000EC3900006C3A000010B50C4648
S3150001AEF040B94FF0140383F31188BFF36F8FBFF38B
S3150001AF004F8FFEE7054B1968183100F0B1FA20465C
S3150001AF100121BDE81040FFF783BB00BFCC3E000016
S3150001AF2030B4034640B94FF0140383F31188BFF3DD
S3150001AF306F8FBFF34F8FFEE71348006840B94FF09C
S3150001AF40140383F31188BFF36F8FBFF34F8FFEE7AF
S3150001AF500E4C206841F00041816120685968C16149
S3150001AF6020688D680562206818306860206818308E
S3150001AF70886021688B6219680131196030BC012132
S3150001AF801046FFF74DBB00BFCC390000CC3E000098
S3150001AF9070B40C46114640B94FF0140383F311887F
S3150001AFA0BFF36F8FBFF34F8FFEE70D4B42681D68EE
S3150001AFB09668EA611D682E621D68183575601D6800
S3150001AFC01B681835956098620368002903F101032F
S3150001AFD003600CBF20464FF0FF3070BCFFF720BB6B
S3150001AFE0CC3E0000C368DB68F0B543B94FF01403EB
S3150001AFF083F31188BFF36F8FBFF34F8FFEE7D3E95A
S3150001B00007019A6A81604860506803F11804A042FA
S3150001B01008BF5160002199621168013911601D4A0A
S3150001B020D96A1268002A29D1D3E902405A69A06077
S3150001B030446054681D1DAC4208BF50601068013859
S3150001B0401060154A1068814288BF116013481422A6
S3150001B0504A43861874689C60A768DF607D60A560B6
S3150001B0605E618358013383500D4B1B68DB6A99423D
S3150001B07083BF0C4B012018600020F0BD0A4A5068BE
S3150001B080D86185681D626C6084609A6213680133B9
S3150001B0901360E9E7CC390000EC3900006C3A000096
S3150001B0A0CC3E0000E0390000283A0000294B1B681D
S3150001B0B0F0B543B94FF0140383F31188BFF36F8FD3
S3150001B0C0BFF34F8FFEE7C36841F00041016043B90A
S3150001B0D04FF0140383F31188BFF36F8FBFF34F8FC4
S3150001B0E0FEE7D0E901410269A1604C6054688442DF
S3150001B0F008BF516000210161116801391160D3E96E
S3150001B10002015A698160486050681D1DA84208BF46
S3150001B11051601168013911600F4AD96A106881427C
S3150001B12088BF11600D4814224A43861874689C60D2
S3150001B130A768DF607D60A5605E6183580133835037
S3150001B140074B1B68DB6A994282BF064B01221A60D4
S3150001B150F0BD00BFCC390000EC3900006C3A0000AC
S3150001B160CC3E0000E0390000034B1B680360034B33
S3150001B1701B684360704700BFDC390000F0390000EE
S3150001B18070B50D46044640B94FF0140383F3118898
S3150001B190BFF36F8FBFF34F8FFEE741B94FF0140333
S3150001B1A083F31188BFF36F8FBFF34F8FFEE700F074
S3150001B1B07FF9144B62681968134B186890F872008E
S3150001B1C040B11B68002283F87220012400F054F973
S3150001B1D0204670BD2B68581C12D00C4826680068A2
S3150001B1E0864204D08A4202D800232B60EDE7881AF2
S3150001B1F08342F9D95B1A13442B602046FFF7B4FF4B
S3150001B2000024E3E7F0390000CC3E0000DC39000001
S3150001B210014B01221A607047E039000004290FD85A
S3150001B22058B9084B186840B94FF0140383F31188D5
S3150001B230BFF36F8FBFF34F8FFEE7163140F8212022
S3150001B240704700BFCC3E0000014B1868704700BF35
S3150001B250CC3E0000054B1B6833B1054B1868B0FAAC
S3150001B26080F040094000704701207047E83900002E
S3150001B270CC390000F8B5044600282ED01D4DC36A0E
S3150001B2802A68D26A93422DD282691B4E002AA1BF37
S3150001B2902A68D26AC2F138028261142202FB036370
S3150001B2A042699A421AD1071D384600F011F92B68F6
S3150001B2B0124ADB6A1168E3628B4288BF136014226B
S3150001B2C05343F1184A68A2609068E060476097604E
S3150001B2D0F25861610132F2500120F8BD2B68DB6A38
S3150001B2E0C362F9E72B68006DDB6A98422CBF002028
S3150001B2F00120F2E7CC3E00006C3A0000EC39000078
S3150001B30070B5044608B9002070BD1F4B1B68834207
S3150001B31008D04FF0140383F31188BFF36F8FBFF387
S3150001B3204F8FFEE75B6D43B94FF0140383F311882A
S3150001B330BFF36F8FBFF34F8FFEE7C16A026D013B0B
S3150001B34091424365DFD0002BDDD1051D284600F073
S3150001B350BFF8236DE362C3F13802A2610B4A11689B
S3150001B3608B4288BF13601421094A4B43D0184168A8
S3150001B370A1608E68E66075608D60D15860610131AB
S3150001B380D1500120C0E700BFCC3E0000EC390000DF
S3150001B3906C3A000070B50446002846D0426D42B9A9
S3150001B3A04FF0140383F31188BFF36F8FBFF34F8FF1
S3150001B3B0FEE7036D994238BF1946C36A8B4234D002
S3150001B3C0012A32D1194A1268824208D14FF0140378
S3150001B3D083F31188BFF36F8FBFF34F8FFEE7826947
S3150001B3E0134DC162002A4FF0140202FB0353426956
S3150001B3F0A4BFC1F1380181619A4216D1061D3046BA
S3150001B40000F066F80B4AE36A11688B4288BF136045
S3150001B41014225343E9184A68A2609068E0604660C6
S3150001B4209660EA5861610132EA5070BDCC3E000077
S3150001B4306C3A0000EC390000044B1A6819689069EF
S3150001B4401A68CB6AC3F1380393617047CC3E00009A
S3150001B450034B186810B1436D01334365704700BF54
S3150001B460CC3E0000000000005FF800F069372008BC
S3150001B4705FF800F07F3720085FF800F0C546200826
S3150001B4805FF800F03D4720085FF800F04D372008CF
S3150001B4905FF800F0633720085FF800F0BD4A200826
S3150001B4A05FF800F0913621085FF800F019342008A2
S3150001B4B05FF800F0854620085FF800F0B9442008DF
S3150001B4C05FF800F0B54820085FF800F059462008FB
S3150001B4D05FF800F0AD3720085FF800F01149200849
S3150001B4E00100000004A40524000000420100000040
S3150001B4F0ACA405240000402901000000ACA40524E9
S3150001B500010040290100000004A505240000C02017
S3150001B51001000000C4A405241F0000200100000052
S3150001B5209CA405240100C049010000009CA4052437
S3150001B5300000806201000000A4A40524000080A48C
S3150001B54001000000A4A40524000080A4010000005D
S3150001B5509CA405240100C049010000009CA4052407
S3150001B5600000806201000000488705240000408336
S3150001B570010000007C87052400000018010000007E
S3150001B580408705240C0040A401000000CCA405243A
S3150001B5900080007801000000C8A40524640000585A
S3150001B5A001000000C4A40524008000780100000009
S3150001B5B0C0A405246400005801000000E0A405248D
S3150001B5C0D903005001000000DCA40524BF04005883
S3150001B5D001000000D8A405240E0100480100000066
S3150001B5E038A40524000000280100000014A4052445
S3150001B5F0270080A30100000038A40524030040832E
S3150001B6000100000038A40524030040830300000064
S3150001B6100CA405245A0080A30CA4052402004010A2
S3150001B6200CA4052400000000030000000CA405245E
S3150001B6305A0080A30CA40524030040100CA4052481
S3150001B64000000000030000000CA405245A0080A39A
S3150001B6500CA40524000040100CA4052400000000E1
S3150001B6600100000008A40524150000A40100000043
S3150001B67008A40524070000A40100000004A4052471
S3150001B6802000C0A30100000010A40524380080A3F7
S3150001B6900100000010A405245A0080A30100000047
S3150001B6A000A505240000805A020000009CA4052480
S3150001B6B00300C0ACACA4052410000020010000006A
S3150001B6C000A505240300809C01000000D4A40524E4
S3150001B6D00100007801000000D0A40524F2000080DA
S3150001B6E0010000005887052403008059010000006D
S3150001B6F0588705240C000028010000004087052416
S3150001B7000C0040A40100000000A40524000000086C
S3150001B7100100000000A40524560583A001000000D5
S3150001B72038A40524070040A40100000038A405241C
S3150001B7300F0040A40100000038A40524070040A41E
S3150001B7400100000038A405240F0040A401000000F8
S3150001B7509CA4052400000021010000009CA40524EE
S3150001B76001000021010000009CA405240000C0186E
S3150001B770010000009CA405240100C018020000007D
S3150001B78094A405240100009494A40524020000ADAC
S3150001B790010000009CA40524000000100100000027
S3150001B7A000A505240300809C0100000000A50524D6
S3150001B7B00000809C02000000A4A40524000080A4CF
S3150001B7C0A4A405240000008402000000A4A405240A
S3150001B7D0000080A4A4A40524010000840100000047
S3150001B7E0A4A40524010080A401000000A4A405244A
S3150001B7F0020080A40300000098A40524F80040A3D9
S3150001B800A0A4052410008051A0A40524010040AD88
S3150001B81001000000A0A40524000040AD02000000C4
S3150001B8209CA405240000C049A0A40524000040AD45
S3150001B83005000000A0A40524000040AD9CA4052439
S3150001B8400200806298A40524F80040A3A0A4052460
S3150001B85010008051A0A40524010040AD02000000A3
S3150001B86098A40524F00040A3A0A40524010040AD3E
S3150001B870020000009CA405240200C049A0A40524DE
S3150001B880000040AD0200000098A405242F003EA848
S3150001B890A0A40524200020A8020000005487052446
S3150001B8A00100C0395887052401000021010000006C
S3150001B8B05887052401008052030000006087052493
S3150001B8C0030080AC748705240600409C7487052418
S3150001B8D00400405A0200000060870524030080AC82
S3150001B8E070870524010040AD01000000788705241A
S3150001B8F009000018010000007887052408000018D7
S3150001B9000500000074870524DA2422A84887052447
S3150001B91000004083408705240C004083708705247E
S3150001B9200C00007B7087052404000010060000004F
S3150001B930748705240300804148870524000040835D
S3150001B9404087052403004083708705240200007B9D
S3150001B950708705240700001074870524020000ADD6
S3150001B9600100000040870524090040A401000000F1
S3150001B970408705240C0040A40200000054870524DA
S3150001B98000000021448705240000408C02000000CD
S3150001B9905487052401000021448705240100408CB9
S3150001B9A013000000408705240C0040A440870524AD
S3150001B9B0BF000060488705242600006048870524EB
S3150001B9C0030040944C8705242003007068870524F2
S3150001B9D00300C020448705240100C09C608705241C
S3150001B9E00100801078870524070040415887052407
S3150001B9F0CC000058748705249A2412A8748705245C
S3150001BA000300804140870524080040837087052490
S3150001BA100500007B70870524040000107487052447
S3150001BA20020000AD70870524010000847C8705248F
S3150001BA300100408C388705240100801009000000B0
S3150001BA409CA405240100C049A4A405240100008486
S3150001BA5000A505241900C09B94A4052401008010AB
S3150001BA6014A405240100006394A405240100008C9C
S3150001BA7094A40524020000ADACA4052400004029CD
S3150001BA8010A5052401004029E9212008C12120082B
S3150001BA90000000000000000000000000000000009F
S3150001BAA0000000000000000000000000000000008F
S3150001BAB0000000000000000000000000000000007F
S3150001BAC0000000000000000000000000000000006F
S3150001BAD0000000000000000000000000000000005F
S3150001BAE0000000000000000000000000000000004F
S3150001BAF0000000000000000000000000000000003F
S3150001BB00000000000000000000000000000000002E
S3150001BB10000000000000000000000000000000001E
S3150001BB20000000000000000000000000000000000E
S3150001BB3000000000000000000000000000000000FE
S3150001BB4000000000000000000000000000000000EE
S3150001BB5000000000000000000000000000000000DE
S3150001BB6000000000000000000000000000000000CE
S3150001BB7000000000000000000000000000000000BE
S3150001BB8000000000000000000000000000000000AE
S3150001BB90000000000000000000000000000000009E
S3150001BBA0000000000000000000000000000000008E
S3150001BBB0000000000000000000000000000000007E
S3150001BBC0000000000000000000000000000000006E
S3150001BBD0000000000000000000000000000000005E
S3150001BBE0000000000000000000000000000000004E
S3150001BBF0000000000000000000000000000000003E
S3150001BC00000000000000000000000000000000002D
S3150001BC10000000000000000000000000000000001D
S3150001BC20000000000000000000000000000000000D
S3150001BC3000000000000000000000000000000000FD
S3150001BC4000000000000000000000000000000000ED
S3150001BC5000000000000000000000000000000000DD
S3150001BC6000000000000000000000000000000000CD
S3150001BC7000000000000000000000000000000000BD
S3150001BC8000000000000000000000000000000000AD
S3150001BC90000000000000000000000000000000009D
S3150001BCA0000000000000000000000000000000008D
S3150001BCB0000000000000000000000000000000007D
S3150001BCC0000000000000000000000000000000006D
S3150001BCD0000000000000000000000000000000005D
S3150001BCE0000000000000000000000000000000004D
S3150001BCF0000000000000000000000000000000003D
S3150001BD00000000000000000000000000000000002C
S3150001BD10000000000000000000000000000000001C
S3150001BD20000000000000000000000000000000000C
S3150001BD3000000000000000000000000000000000FC
S3150001BD4000000000000000000000000000000000EC
S3150001BD5000000000000000000000000000000000DC
S3150001BD6000000000000000000000000000000000CC
S3150001BD7000000000000000000000000000000000BC
S3150001BD8000000000000000000000000000000000AC
S3150001BD90000000000000000000000000000000009C
S3150001BDA0000000000000000000000000000000008C
S3150001BDB0000000000000000000000000000000007C
S3150001BDC0000000000000000000000000000000006C
S3150001BDD0000000000000000000000000000000005C
S3150001BDE0000000000000000000000000000000004C
S3150001BDF0000000000000000000000000000000003C
S3150001BE00000000000000000000000000000000002B
S3150001BE10000000000000000000000000000000001B
S3150001BE20000000000000000000000000000000000B
S3150001BE3000000000000000000000000000000000FB
S3150001BE4000000000000000000000000000000000EB
S3150001BE5000000000000000000000000000000000DB
S3150001BE6000000000000000000000000000000000CB
S3150001BE7000000000000000000000000000000000BB
S3150001BE8000000000000000000000000000000000AB
S3150001BE90000000000000000000000000000000009B
S3150001BEA0000000000000000000000000000000008B
S3150001BEB0000000000000000000000000000000007B
S3150001BEC0000000000000000000000000000000006B
S3150001BED0000000000000000000000000000000005B
S3150001BEE0000000000000000000000000000000004B
S3150001BEF0000000000000000000000000000000003B
S3150001BF00000000000000000000000000000000002A
S3150001BF10000000000000000000000000000000001A
S3150001BF20000000000000000000000000000000000A
S3150001BF3000000000000000000000000000000000FA
S3150001BF4000000000000000000000000000000000EA
S3150001BF5000000000000000000000000000000000DA
S3150001BF6000000000000000000000000000000000CA
S3150001BF7000000000000000000000000000000000BA
S3150001BF8000000000000000000000000000000000AA
S3150001BF90000000000000000000000000000000009A
S3150001BFA0000000000000000000000000000000008A
S3150001BFB0000000000000000000000000000000007A
S3150001BFC0000000000000000000000000000000006A
S3150001BFD0000000000000000000000000000000005A
S3150001BFE0000000000000000000000000000000004A
S3150001BFF0000000000000000000000000000000003A
S3150001C0000000000000000000000000000000000029
S5031C01DF
S70500000000FA
