:10000000010000000D900D90D0BF01000100000024
:1000100000102000A3187D1B00000000000000005D
:1000200000000000000000000000000000000000D0
:100030000000000000000000000000000D900D9086
:10004000A55A0000002020080000008000000000E9
:1000500000000000000000000000000000000000A0
:100060000000000000000000000000000000000090
:100070000000000000000000000000000000000080
:100080000000000000000000000000000000000070
:100090000000000000000000000000000000000060
:1000A0000000000000000000000000000000000050
:1000B0000000000000000000000000000000000040
:1000C0000000000000000000000000000000000030
:1000D0000000000000000000000000000000000020
:1000E0000000000000000000000000000000000010
:1000F0000000000000000000000000000000000000
:1001000000000000000000000000000000000000EF
:1001100000000000000000000000000000000000DF
:1001200000000000000000000000000000000000CF
:1001300000000000000000000000000000000000BF
:1001400000000000000000000000000000000000AF
:10015000000000000000000000000000000000009F
:10016000000000000000000000000000000000008F
:10017000000000000000000000000000000000007F
:10018000000000000000000000000000000000006F
:10019000000000000000000000000000000000005F
:1001A000000000000000000000000000000000004F
:1001B000000000000000000000000000000000003F
:1001C000000000000000000000000000000000002F
:1001D000000000000000000000000000000000001F
:1001E000000000000000000000000000000000000F
:1001F00000000000000000000000000000000000FF
:1002000000000000000000000000000000000000EE
:1002100000000000000000000000000000000000DE
:1002200000000000000000000000000000000000CE
:1002300000000000000000000000000000000000BE
:1002400000000000000000000000000000000000AE
:10025000000000000000000000000000000000009E
:10026000000000000000000000000000000000008E
:10027000000000000000000000000000000000007E
:10028000000000000000000000000000000000006E
:10029000000000000000000000000000000000005E
:1002A000000000000000000000000000000000004E
:1002B000000000000000000000000000000000003E
:1002C000000000000000000000000000000000002E
:1002D000000000000000000000000000000000001E
:1002E000000000000000000000000000000000000E
:1002F00000000000000000000000000000000000FE
:1003000000000000000000000000000000000000ED
:1003100000000000000000000000000000000000DD
:1003200000000000000000000000000000000000CD
:1003300000000000000000000000000000000000BD
:1003400000000000000000000000000000000000AD
:10035000000000000000000000000000000000009D
:10036000000000000000000000000000000000008D
:10037000000000000000000000000000000000007D
:10038000000000000000000000000000000000006D
:10039000000000000000000000000000000000005D
:1003A000000000000000000000000000000000004D
:1003B000000000000000000000000000000000003D
:1003C000000000000000000000000000000000002D
:1003D000000000000000000000000000000000001D
:1003E000000000000000000000000000000000000D
:1003F00000000000000000000000000000000000FD
:1004000000000000000000000000000000000000EC
:1004100000000000000000000000000000000000DC
:1004200000000000000000000000000000000000CC
:1004300000000000000000000000000000000000BC
:1004400000000000000000000000000000000000AC
:10045000000000000000000000000000000000009C
:10046000000000000000000000000000000000008C
:10047000000000000000000000000000000000007C
:10048000000000000000000000000000000000006C
:10049000000000000000000000000000000000005C
:1004A000000000000000000000000000000000004C
:1004B000000000000000000000000000000000003C
:1004C000000000000000000000000000000000002C
:1004D000000000000000000000000000000000001C
:1004E000000000000000000000000000000000000C
:1004F00000000000000000000000000000000000FC
:1005000000000000000000000000000000000000EB
:1005100000000000000000000000000000000000DB
:1005200000000000000000000000000000000000CB
:1005300000000000000000000000000000000000BB
:1005400000000000000000000000000000000000AB
:10055000000000000000000000000000000000009B
:10056000000000000000000000000000000000008B
:10057000000000000000000000000000000000007B
:10058000000000000000000000000000000000006B
:10059000000000000000000000000000000000005B
:1005A000000000000000000000000000000000004B
:1005B000000000000000000000000000000000003B
:1005C000000000000000000000000000000000002B
:1005D000000000000000000000000000000000001B
:1005E000000000000000000000000000000000000B
:1005F00000000000000000000000000000000000FB
:1006000000000000000000000000000000000000EA
:1006100000000000000000000000000000000000DA
:1006200000000000000000000000000000000000CA
:1006300000000000000000000000000000000000BA
:1006400000000000000000000000000000000000AA
:10065000000000000000000000000000000000009A
:10066000000000000000000000000000000000008A
:10067000000000000000000000000000000000007A
:10068000000000000000000000000000000000006A
:10069000000000000000000000000000000000005A
:1006A000000000000000000000000000000000004A
:1006B000000000000000000000000000000000003A
:1006C000000000000000000000000000000000002A
:1006D000000000000000000000000000000000001A
:1006E000000000000000000000000000000000000A
:1006F00000000000000000000000000000000000FA
:1007000000000000000000000000000000000000E9
:1007100000000000000000000000000000000000D9
:1007200000000000000000000000000000000000C9
:1007300000000000000000000000000000000000B9
:1007400000000000000000000000000000000000A9
:100750000000000000000000000000000000000099
:100760000000000000000000000000000000000089
:100770000000000000000000000000000000000079
:100780000000000000000000000000000000000069
:100790000000000000000000000000000000000059
:1007A0000000000000000000000000000000000049
:1007B0000000000000000000000000000000000039
:1007C0000000000000000000000000000000000029
:1007D0000000000000000000000000000000000019
:1007E0000000000000000000000000000000000009
:1007F00000000000000000000000000000000000F9
:1008000000000000000000000000000000000000E8
:1008100000000000000000000000000000000000D8
:1008200000000000000000000000000000000000C8
:1008300000000000000000000000000000000000B8
:1008400000000000000000000000000000000000A8
:100850000000000000000000000000000000000098
:100860000000000000000000000000000000000088
:100870000000000000000000000000000000000078
:100880000000000000000000000000000000000068
:100890000000000000000000000000000000000058
:1008A0000000000000000000000000000000000048
:1008B0000000000000000000000000000000000038
:1008C0000000000000000000000000000000000028
:1008D0000000000000000000000000000000000018
:1008E0000000000000000000000000000000000008
:1008F00000000000000000000000000000000000F8
:1009000000000000000000000000000000000000E7
:1009100000000000000000000000000000000000D7
:1009200000000000000000000000000000000000C7
:1009300000000000000000000000000000000000B7
:1009400000000000000000000000000000000000A7
:100950000000000000000000000000000000000097
:100960000000000000000000000000000000000087
:100970000000000000000000000000000000000077
:100980000000000000000000000000000000000067
:100990000000000000000000000000000000000057
:1009A0000000000000000000000000000000000047
:1009B0000000000000000000000000000000000037
:1009C0000000000000000000000000000000000027
:1009D0000000000000000000000000000000000017
:1009E0000000000000000000000000000000000007
:1009F00000000000000000000000000000000000F7
:100A000000000000000000000000000000000000E6
:100A100000000000000000000000000000000000D6
:100A200000000000000000000000000000000000C6
:100A300000000000000000000000000000000000B6
:100A400000000000000000000000000000000000A6
:100A50000000000000000000000000000000000096
:100A60000000000000000000000000000000000086
:100A70000000000000000000000000000000000076
:100A80000000000000000000000000000000000066
:100A90000000000000000000000000000000000056
:100AA0000000000000000000000000000000000046
:100AB0000000000000000000000000000000000036
:100AC0000000000000000000000000000000000026
:100AD0000000000000000000000000000000000016
:100AE0000000000000000000000000000000000006
:100AF00000000000000000000000000000000000F6
:100B000000000000000000000000000000000000E5
:100B100000000000000000000000000000000000D5
:100B200000000000000000000000000000000000C5
:100B300000000000000000000000000000000000B5
:100B400000000000000000000000000000000000A5
:100B50000000000000000000000000000000000095
:100B60000000000000000000000000000000000085
:100B70000000000000000000000000000000000075
:100B80000000000000000000000000000000000065
:100B90000000000000000000000000000000000055
:100BA0000000000000000000000000000000000045
:100BB0000000000000000000000000000000000035
:100BC0000000000000000000000000000000000025
:100BD0000000000000000000000000000000000015
:100BE0000000000000000000000000000000000005
:100BF00000000000000000000000000000000000F5
:100C000000000000000000000000000000000000E4
:100C100000000000000000000000000000000000D4
:100C200000000000000000000000000000000000C4
:100C300000000000000000000000000000000000B4
:100C400000000000000000000000000000000000A4
:100C50000000000000000000000000000000000094
:100C60000000000000000000000000000000000084
:100C70000000000000000000000000000000000074
:100C80000000000000000000000000000000000064
:100C90000000000000000000000000000000000054
:100CA0000000000000000000000000000000000044
:100CB0000000000000000000000000000000000034
:100CC0000000000000000000000000000000000024
:100CD0000000000000000000000000000000000014
:100CE0000000000000000000000000000000000004
:100CF00000000000000000000000000000000000F4
:100D000000000000000000000000000000000000E3
:100D100000000000000000000000000000000000D3
:100D200000000000000000000000000000000000C3
:100D300000000000000000000000000000000000B3
:100D400000000000000000000000000000000000A3
:100D50000000000000000000000000000000000093
:100D60000000000000000000000000000000000083
:100D70000000000000000000000000000000000073
:100D80000000000000000000000000000000000063
:100D90000000000000000000000000000000000053
:100DA0000000000000000000000000000000000043
:100DB0000000000000000000000000000000000033
:100DC0000000000000000000000000000000000023
:100DD0000000000000000000000000000000000013
:100DE0000000000000000000000000000000000003
:100DF00000000000000000000000000000000000F3
:100E000000000000000000000000000000000000E2
:100E100000000000000000000000000000000000D2
:100E200000000000000000000000000000000000C2
:100E300000000000000000000000000000000000B2
:100E400000000000000000000000000000000000A2
:100E50000000000000000000000000000000000092
:100E60000000000000000000000000000000000082
:100E70000000000000000000000000000000000072
:100E80000000000000000000000000000000000062
:100E90000000000000000000000000000000000052
:100EA0000000000000000000000000000000000042
:100EB0000000000000000000000000000000000032
:100EC0000000000000000000000000000000000022
:100ED0000000000000000000000000000000000012
:100EE0000000000000000000000000000000000002
:100EF00000000000000000000000000000000000F2
:100F000000000000000000000000000000000000E1
:100F100000000000000000000000000000000000D1
:100F200000000000000000000000000000000000C1
:100F300000000000000000000000000000000000B1
:100F400000000000000000000000000000000000A1
:100F50000000000000000000000000000000000091
:100F60000000000000000000000000000000000081
:100F70000000000000000000000000000000000071
:100F80000000000000000000000000000000000061
:100F90000000000000000000000000000000000051
:100FA0000000000000000000000000000000000041
:100FB0000000000000000000000000000000000031
:100FC0000000000000000000000000000000000021
:100FD0000000000000000000000000000000000011
:100FE0000000000000000000000000000000000001
:100FF00000000000000000000000000000000000F1
:10100000184D0100554F2008094F2008094F2008AE
:10101000094F2008094F2008094F20080000000050
:101020000000000000000000000000005145200802
:10103000094F200800000000A1452008DB2D2008F2
:10104000094F2008094F2008094F2008094F2008A0
:10105000094F2008094F2008094F2008094F200890
:10106000094F2008094F200819110000FD762008BB
:10107000B1582008094F2008094F2008094F2008BF
:10108000094F2008094F2008094F2008094F200860
:10109000094F2008094F2008094F2008094F200850
:1010A000094F2008094F2008094F2008094F200840
:1010B000094F2008094F2008184D0100094F20084A
:1010C000554F200871100000094F2008094F2008D3
:1010D000094F2008094F200899582008A5582008D2
:1010E000854E2008094F2008094F2008F3C3AD6939
:1010F000094F2008094F2008094F2008094F2008F0
:10110000094F2008094F2008094F2008094F2008DF
:10111000094F2008094F2008094F2008094F2008CF
:10112000094F2008094F2008094F2008094F2008BF
:10113000094F2008094F2008094F2008094F2008AF
:10114000094F2008094F2008094F2008094F20089F
:10115000094F2008094F2008094F2008094F20088F
:10116000094F2008094F200825A020080000000092
:10117000000000000000000000000000000000006F
:101180000348044B834202D0034B03B11847704716
:101190004027000040270000000000000548064BE3
:1011A0001B1AD90F01EBA301491002D0034B03B165
:1011B000184770474027000040270000000000004B
:1011C00010B5064C237843B9FFF7DAFF044B13B18F
:1011D0000448AFF300800123237010BD40270000B6
:1011E0000000000044A1210808B5054B1BB10549CA
:1011F0000548AFF30080BDE80840FFF7CFBF00BF50
:10120000000000004427000044A1210870B50646F4
:1012100008480C461D4611F0DDF8B6F1004F74F198
:10122000000405D30448294611F06CF8012070BD74
:101230000020FCE76858210874582108F0B5124DC9
:101240000E4607460FCD89B001AC0FC495E80700E4
:1012500084E80700326B31680C4811F053F896F8B7
:101260002C3053B9C8230A48ADF80430094B029317
:10127000059011F033FBCDE9060001A938460DF0C9
:10128000DDFE002009B0F0BD20842108A35821080C
:1012900010000000CB582108F0B5134E3546074624
:1012A0000FCD8BB003AC0FC495E8070084E80700AE
:1012B000D6E907014FF4CA72ADF80C200B4A01AB16
:1012C00083E80300CDE904230123ADF81830084B6F
:1012D000079303A90D233846CDE908330DF0AEFE80
:1012E00000200BB0F0BD00BF20842108D558210894
:1012F000E0582108F0B51F4D0F4606460FCD89B0C6
:1013000001AC0FC495E8070084E807003A6B396820
:10131000194810F0F7FF97F82C3033BBC823ADF80D
:101320000430164B0293164B05934FF4007242F2B1
:10133000E33301A93046CDE906230DF07FFE42F2EA
:10134000E315DDE90513B5F5007F2C4628BF4FF402
:10135000007419442246304605910DF09BFF2D1B69
:101360000694EED1002009B0F0BD01A930460DF081
:1013700065FEF7E720842108A3582108CB582108EF
:10138000C45F21082DE9F04F5F4D894606460FCD19
:10139000ADF5077D0CAC0FC495E8070084E80700A5
:1013A000D9F83020D9F80010584810F0ABFF99F860
:1013B0002C30012B61D10025C422294655A80DF1FE
:1013C0004C08549511F064F96022294614A854AFD2
:1013D0000B95C8F8005011F05BF9C72308A93046F7
:1013E0000A93CDF8209009970DF0BCFD05A80FF0E9
:1013F00055FCA02229462CA811F04AF90A23009393
:10140000D9F830202CAB394605A80FF0BBFA2CAC2C
:101410000395AB46237C032B1BD16369A2693C492E
:1014200007EB0309A2EB030A5246484611F006F9FE
:1014300040BB94F82030032B0BD1D4E90932F918C2
:101440000091D31A3348344A202110F0CBFF4FF0DB
:10145000010B203444AB9C42DCD1BBF1000F03D024
:1014600015B1039B002B33D14FF4C873ADF8303066
:101470002A4B10930F23CDE911330CA930460DF000
:10148000DDFD3CE026495246484611F0D7F858B9F0
:10149000D4E90932F9180091D31A22481E4A402192
:1014A00010F0A0FF0125D4E71F495246484611F02D
:1014B000C5F80028CDD1D4E90932F9180091D31A22
:1014C0001A48154A202110F08DFF01230393C0E72D
:1014D0001749404611F099F9C823ADF8303040461D
:1014E000144B0D93CDF8408011F0F8F90CA9CDE91B
:1014F000110030460DF0A2FD0F4B02221A700020A1
:101500000DF5077DBDE8F08F20842108A358210840
:10151000EE582108BC270000F35821081159210872
:10152000F85821087C270000035921085C27000097
:1015300021592108325921081C28000010B50648FD
:10154000144610F0DFFE204602F076FB034810F050
:1015500041FF002010BD00BF43592108415A210816
:1015600010B50648144610F0CDFE204602F064FB8C
:10157000034810F02FFF002010BD00BF6059210864
:10158000415A21082DE9F04FB0F1004F89B071F1B7
:101590000001129D1368174605D3344A01201360D9
:1015A00009B0BDE8F08FDBB12846314ADFF8D490AE
:1015B000DFF8D4A0DFF8D4B040F2CF7110F012FF02
:1015C000C0F5F9640544073407F10C064FF0000834
:1015D0003B68984509D3274A2146284610F002FF68
:1015E000254B01221A700020DAE716F8033C16F8A2
:1015F000012C082B94BF5AF823304B46CDE900321A
:10160000214633465A46284610F0ECFE16F8022CC6
:1016100096F82230069216F8042C059296F82720A8
:10162000049296F82620039296F82520029296F8C6
:101630002420019296F823200092241A0544214682
:1016400028460E4A10F0CEFE3B68013B9845054403
:10165000A4EB000406D221462846094A10F0C2FE37
:101660000544241A08F101082E36B1E720280000AD
:10167000825921082C5A2108922C0000E159210896
:10168000DF5921087A592108705E2108A5592108DF
:101690002DE9F043504D894606460FCD95B06C4676
:1016A0000FC495E8070099F82C8084E80700B8F18A
:1016B000000F40F08C804FF4FA600FF0ABFF474D05
:1016C00007460FCD07AC0FC40FCD0FC40FCD0FC40D
:1016D0002B68D9F83020D9F800104148236010F069
:1016E00011FE4FF4FA624146384610F0D1FF3D4CEE
:1016F0003D4810F06FFE3D4984F800803A46404670
:101700000BF0BAFF414607AA02200BF0A9FD0528FD
:1017100001460BD1364810F05DFE00F0ADFB42F201
:1017200010780546237893B3324B1968002937D1D6
:10173000314810F04FFE384611F0D0F8C823B0F50C
:10174000007F0546044628BF4FF40075ADF8003011
:1017500006902A4B019369463046CDE904750DF099
:101760006DFC641B64B3DDE90413B4F5007F25460A
:1017700028BF4FF4007519442A4630460491641B73
:101780000DF088FD0595EDE700F0EEFBCAE700F0EF
:1017900073FB431B4345F7D92378002BC4D10721A2
:1017A000174810F0AFFD4FF4FA73ADF80030154B49
:1017B0000493694619233046CDE905330DF03EFC0C
:1017C00038460FF02FFF002015B0BDE8F0836946C2
:1017D00030460DF033FCF6E720842108488F2108BD
:1017E000A3582108922C00002F5A21088525200893
:1017F000435A210820280000BD5A210832592108E7
:10180000505A2108A35A21082DE9F041F8B094223A
:1018100000210CA810F03CFF1122002102A810F0BA
:1018200037FF1422002107A810F032FFA048A14D75
:10183000A14E10F0CFFD2B78042B61D8DFE813F018
:101840000500AD016900AD01A60100239B491A46C0
:1018500010200CF0A7FB044630B10146984810F068
:1018600051FD78B0BDE8F0810246964908200BF0A2
:1018700003FF954922460A200BF0FEFE934810F024
:10188000A9FD214610200CF0E3FC014608B1904868
:10189000E5E7904810F09EFD5023ADF81C308E4BCC
:1018A0000A938E4B089307A905238D48ADF8243081
:1018B0000DF0A8FA014608B18A48D0E788480DF033
:1018C000F3FA044610B101468748C8E7874810F08C
:1018D00081FD31AA214610200CF0F0FC31A984488A
:1018E00010F010FD9DF80F3100939DF80D219DF82B
:1018F0000E319DF80C117F4810F004FD01232B7070
:101900007D4B1B78002B96D04FF0FF3000F05DFB35
:10191000FAE773480DF0F0FA014608B177489EE700
:101920006F480DF0ABFA014608B1754897E7754866
:1019300010F050FD10200CF075FC044610B101466B
:1019400071488CE7714810F045FD714923462246E5
:1019500008200CF027FB074610B101466D487EE7D2
:101960006D486E4C10F036FD4FF48E72394631A83A
:1019700010F08EFE6A4810F0B1FF6949024632A8A5
:1019800010F09EFF664810F0A9FF01210346644A4B
:1019900008460CF0C3FC40223946204610F078FE81
:1019A000604810F09BFF5F4984F820000246204603
:1019B00010F086FF5C495D4810F01DFFE0B15C4906
:1019C0005A4810F018FF48B35A49584810F013FF0E
:1019D00030B35949554810F00EFF18B357495348D2
:1019E00010F009FF00B35649504810F004FF0028DA
:1019F0004FF6FF7008BF0620E085524A04274FF0DB
:101A000001080021082084F83070C4F834800CF0FC
:101A100035FC044650B101464B4820E70120EBE776
:101A20000220E9E70720E7E70820E5E7474810F04C
:101A3000D1FC3A49464810F065FC224645494046EB
:101A40000BF01AFE354946F2A81205200BF0B6FC41
:101A50000446E0B10146404810F054FC3F4B9C4224
:101A60000BD13F4A137833B1013B137041F28830F8
:101A700000F0ABFA44E70523137008200CF0D2FB0A
:101A8000014610B1374810F03DFC002337E701460E
:101A90000CAA08200CF012FC014608B12E48DEE624
:101AA0001CA808F011FA014600285FD02E48D6E69F
:101AB000CF5A21081C2800003C5E2108A883210879
:101AC000F25A2108612520083D2520081E5B2108C7
:101AD000345B2108635B210899222008E45E210819
:101AE00024280000755B2108935B2108AB5B21086B
:101AF000CD5B2108FF5B2108912C0000445C21088C
:101B00005B5C2108745C21088F5C2108A35C2108C0
:101B1000E4832108BB5C2108EB5C2108DC27000082
:101B20007C270000BC2700000F5D21085C27000017
:101B3000145D2108185D21081D5D2108225D210822
:101B4000325D21080C5F21083D5D2108635D21089D
:101B5000885D21080D222008925D21080300010004
:101B6000902C0000C55D2108DA5D21080C4810F0BA
:101B700031FC1E9B0B48029310F0C4FB02A802F03C
:101B80004DF8094810F026FC2F70B9E6304610F0E9
:101B900021FC064B01221A70B2E64FF47A7067E717
:101BA000095E21082E5E2108415A2108912C00006F
:101BB000024A0348002100F06BB900BFA05F210872
:101BC0000928200808B500F09DF8FFF7F1FF00F0A4
:101BD000EDF800B908BD00F094F8F8E770477047D9
:101BE0007047704708B502F059FD05F069FF07F02E
:101BF00025FA01F0E5FFBDE8084002F023BB70477D
:101C000000F01EB97047704770477047EFF31080BF
:101C100072B6704710B962B6BFF36F8F7047EFF3BB
:101C200011800C2383F31188704780F31188BFF370
:101C30006F8F7047034638B10020814204D01A5C90
:101C400002B970470130F8E770474FF0FF31FFF7F6
:101C5000F1BF000040B1054A1378012B04D803708E
:101C6000013313700020704701207047932C00004F
:101C700008B512F0C9FD002008BD70B5B0B1ABB118
:101C80004C4204F00304214489B2C0E900330181CD
:101C900042811C460025501EA842264607DC002A29
:101CA00008BF002048434FF0FF321A5070BD0C446B
:101CB00034600135F0E738B5044630B1FFF7AFFFC7
:101CC00025686B1C04D1FFF7B0FF0025284638BDFE
:101CD0002B682360FFF7A9FFF8E738B504460D46E7
:101CE000FFF79DFF23682B602560BDE83840FFF7B4
:101CF0009CBF08B500F013F800F056F8FEE77047F7
:101D00007047704708B5FFF76DFFFFF77BFFFFF7E0
:101D10007AFFFFF779FFBDE80840FFF776BF08B507
:101D2000FFF7EDFF02F022F9FFF7EAFF00F062F89B
:101D300000F007F8FFF763FFBDE8084000F01AB8AD
:101D4000704708B5FFF74AFFFFF749FFFFF748FF65
:101D5000FFF747FFFFF7F4FF08BD000008B5FFF7E6
:101D600031FF034B1868BDE8084000F014B900BF0C
:101D7000942C000030B5094D0FCD8BB001AC0FC4D1
:101D80000FCD0FC42B680648236001AA002100F084
:101D90007FF8044B18600BB030BD00BF44842108AD
:101DA0005D2D2008942C0000FFF72ABF002070470B
:101DB00010B5EFF3058414B10124204610BD12F0D4
:101DC00037FD0128F9D0EFF31083002BF4D1EFF3A6
:101DD0001184003C18BF0124EFE708B54FF0E02361
:101DE0001B6912F025FD012803D0BDE8084001F071
:101DF0007DBC08BD08B5FFF7DBFF48B912F018FD40
:101E00000128034607D1054A106820B9136008BDB0
:101E10006FF00500FBE74FF0FF30F8E7883900006E
:101E200008B512F005FD38B1022804D0034B18683C
:101E3000431E5842584108BD0320FCE78839000082
:101E400010B5FFF7B5FF044668B912F0F1FC0128A0
:101E50000CD1084B1A68012A08D102221A6012F02C
:101E6000CBFC204610BD6FF00500FBE74FF0FF30C4
:101E7000F8E700BF8839000008B5FFF799FF18B1EF
:101E8000BDE8084012F0B0BCBDE8084012F0E4BC68
:101E90002DE9F04186B0002305460E469046059395
:101EA000FFF786FF00BBFDB1B8F1000F3ED0D8F8B8
:101EB00018402CB1631E372B03D906B0BDE8F08162
:101EC0001824D8F80430DB0735D4D8F814306BB1B7
:101ED0009A08D8E90270D8F8001057B1772803D9CA
:101EE000D8F8100000B1BBB90598E6E74FF480724E
:101EF000EFE70028F8D1D8F81030002BF4D105AB6B
:101F0000013C019300943346284612F03DFC012821
:101F10001CBF00230593E7E7013CCDE901070094CE
:101F20003346284612F064FC0590DDE7414618244C
:101F30004FF48072E3E70020BFE712F041BC0000DD
:101F400010B50446FFF734FF10B14FF0FF3010BD5D
:101F5000002CFAD0204612F06FFC0328F5D8014B74
:101F60001856F4E76884210808B5FFF721FF50B937
:101F70004FF0E0234FF08052C3F8042DBFF34F8F92
:101F8000BFF36F8F08BD6FF00500FBE708B50020B9
:101F900012F002FCFEE738B50546FFF709FF0446DC
:101FA00050B965B1284612F047FC04280AD02846EB
:101FB00012F0F2FB204638BD6FF00500FBE76FF032
:101FC0000300F8E76FF00200F5E710B50446FFF7ED
:101FD000EFFE28B914B1204612F036FC002010BDE7
:101FE0006FF00500FBE710B50446FFF7E1FE50B9BE
:101FF0005CB1D4E9020328B11F2B04D9BDE810401D
:1020000000F022BA0BB1002010BDBDE8104000F076
:102010003FBA37B50C46054630B3B1F1807F23D2C5
:10202000FFF7C6FEC8B1002301AA21462846019346
:1020300000F084FBD8B1284600F0FEFA019B4BB1BA
:102040004FF0E0234FF08052C3F8042DBFF34F8FC1
:10205000BFF36F8F204303B030BD2146284603B045
:10206000BDE8304000F0F6BA6FF00300F3E76FF020
:102070000200F0E770B50E46054600B3B1F1807F6F
:102080001DD2FFF795FEA0B1284600F0D5FA3146E3
:102090000446284600F0C8FAA0B14FF0E0234FF004
:1020A0008052C3F8042DBFF34F8FBFF36F8F2046CC
:1020B00070BD31462846BDE8704000F08FBA6FF021
:1020C0000304F4E76FF00204F1E72DE9F3410C4655
:1020D00015461E46074610B1B1F1807F04D36FF05C
:1020E000030002B0BDE8F081FFF762FE20B1002ED0
:1020F000F5D16FF00500F4E705F0010885F0020264
:10210000C2F34002009643462146384600F0CEF91D
:1021100004EA0002B8F1000F08D0A242E1D0002E7C
:1021200014BF6FF001006FF00200DAE7002AF6D06A
:10213000D7E738B50546FFF73BFE044628B93DB161
:10214000284600F0CDFA204638BD6FF00500FBE7C9
:102150006FF00300F8E738B50546FFF729FE10B128
:102160000024204638BD25B9BDE83840012000F0E4
:1021700066BD6B681A07F3D4D5E9021203F00103B8
:1021800079B14F2AECD99BB1042000F024FD04461C
:102190000028E5D0296809B100F0A0FF44F001044F
:1021A000DFE7002ADCD17BB1042000F048FDEEE738
:1021B000012000F010FD04460028D1D02968002934
:1021C000CFD000F08BFFCCE7012000F038FDF2E724
:1021D000F8B505460C4620F0010600F00107FFF7B0
:1021E000E7FDA0B9012D15D92146304667B100F0B1
:1021F000F7FE012801D10020F8BD002C14BF6FF0BC
:1022000001006FF00200F7E700F036FEF1E76FF033
:102210000500F1E76FF00300EEE770B5044620F02B
:10222000010500F00106FFF7C3FD90B9012C13D999
:1022300046B1284600F0E4FC01280CBF00206FF0F6
:10224000020070BD334632463146284600F007FC96
:10225000F2E76FF00500F4E76FF00300F1E770B507
:10226000054620F00106FFF7A3FD044648B9012DFD
:102270000AD9304600F05AFF304600F079FF204678
:1022800070BD6FF00500FBE76FF00300F8E738B5AD
:102290000546FFF78DFD044640B955B1284600F0CC
:1022A00045FF284600F064FF204638BD6FF005006A
:1022B000FBE76FF00300F8E7F7B505460E46144656
:1022C000FFF776FD18B10025284603B0F0BD002DBC
:1022D000F9D0002EF7D03CB3D4E90232BBB14F2A7B
:1022E000F1D92269002AEED0676906FB05F18F4219
:1022F000E9D300903146284600F040FB054600280F
:10230000E1D021680029DFD000F0E8FEDCE7002AF8
:10231000D9D12369002BD6D16269002AD3D13146A5
:10232000284600F06CFBE9E722463146284603B018
:10233000BDE8F04000F063BB73B51C4605460E4691
:10234000FFF736FD0346F0B15DB356B34CBB2346F1
:1023500001AA31462846019400F083FC012803D0ED
:102360006FF0020002B070BD019B0BB90020F9E7CD
:102370004FF0E0234FF08052C3F8042DBFF34F8F8E
:10238000BFF36F8FF2E765B15EB122463146284652
:1023900000F065FB0128E9D0002CE1D06FF00100CE
:1023A000E0E76FF00300DDE773B505460E461C4617
:1023B000FFF7FEFCE8B155B34EB344BB01AA31466A
:1023C0002846019400F02DFE012803D06FF0020092
:1023D00002B070BD019B0BB90020F9E74FF0E0237C
:1023E0004FF08052C3F8042DBFF34F8FBFF36F8FB0
:1023F000F2E765B15EB122463146284600F09DFC09
:102400000128E9D0002CE1D06FF00100E0E76FF087
:102410000300DDE7FFF73BBF034B0360034B0B609B
:102420004FF48073136070471039000010350000BE
:10243000034B0360034B0B604FF400731360704752
:1024400098340000982C000013B5044640B94FF0B2
:10245000140383F31188BFF36F8FBFF34F8FFEE731
:1024600020230193019B202B08D04FF0140383F30A
:102470001188BFF36F8FBFF34F8FFEE7002340F843
:10248000043B00F063F901232046237702B010BD1E
:1024900038B5202001F03CFA044628B1002540F868
:1024A000045B00F053F92577204638BD2DE9F84349
:1024B000DDF820900C4617469846064640B94FF086
:1024C000140383F31188BFF36F8FBFF34F8FFEE7C1
:1024D000B1F1807F08D34FF0140383F31188BFF369
:1024E0006F8FBFF34F8FFEE741B94FF0140383F3B3
:1024F0001188BFF36F8FBFF34F8FFEE712F098F98B
:10250000D0B9B9F1000F08D04FF0140383F311884C
:10251000BFF36F8FBFF34F8FFEE712F099F9356865
:1025200004EA0503B8F1000F32D09C4232D18FB3D8
:1025300025EA040434602DE012F08AF9356804EAD3
:102540000503B8F1000F2AD1002BF0D1B9F1000F2B
:1025500020D0391E18BF012109064A462143301DEB
:1025600012F03AF912F020F928B312F021F98301A0
:1025700005460AD401F086F8356804EA0503B8F187
:10258000000F23D123BB01F09DF825F07F4503E028
:10259000002BCCD112F008F92846BDE8F8839C4204
:1025A000C5D0B9F1000FF5D0391E18BF01210906B9
:1025B00041F08061D1E74FF0E0234FF08052C3F843
:1025C000042DBFF34F8FBFF36F8FCEE79C42DAD15C
:1025D000002FD8D025EA04043460D4E770B50C4647
:1025E000054640B94FF0140383F31188BFF36F8F92
:1025F000BFF34F8FFEE7B1F1807F08D34FF0140394
:1026000083F31188BFF36F8FBFF34F8FFEE701F0A5
:1026100039F82E6826EA04042C6001F053F830469D
:1026200070BDFFF7DBBF00000A46002301460148EA
:1026300000F074BF23362008EFF311834FF014022B
:1026400082F31188BFF36F8FBFF34F8F006883F35E
:10265000118870472DE9F0410D46044640B94FF00E
:10266000140383F31188BFF36F8FBFF34F8FFEE71F
:10267000B1F1807F08D34FF0140383F31188BFF3C7
:102680006F8FBFF34F8FFEE700F10C0612F0E0F8FA
:10269000236820692B43236000258642216807D1E7
:1026A00021EA0501216012F07FF82068BDE8F08181
:1026B000D0E9002822F07F4312F0806F03EA01077F
:1026C00002D11FB94046E8E7BB42FBD1D20141F03D
:1026D000007148BF1D4312F093F8F3E7FFF7BABF4C
:1026E00038B5044640B94FF0140383F31188BFF3A3
:1026F0006F8FBFF34F8FFEE712F0AAF804F10C05BD
:10270000636843B912F050F8237FABB92046BDE8A7
:10271000384001F0D3B92069A84208D14FF0140322
:1027200083F31188BFF36F8FBFF34F8FFEE74FF036
:10273000007112F065F8E3E738BD000013460A4661
:102740000146014800F0EABEDD36200800F108032A
:102750004FF0FF32C0E902234360036100230360AE
:10276000704700230361704743684B609A688A6032
:10277000516099600368086101330360704730B5A8
:102780000C68631C0AD103695A684A6091608B60C7
:102790005960036808610133036030BD00F108022D
:1027A000134652681568A542FAD9EDE7D0E901123F
:1027B00003698A6051605968814208BF5A600022EB
:1027C0000261186801381860704710B5044600F0BF
:1027D00059FFA46B00F076FFB4FA84F0400910BDF5
:1027E00070B51646026C856B044642B906689EB900
:1027F000806811F0E9FFA6600135A56370BD6EB970
:10280000406810F05DF86368226C1344A26863604E
:10281000934224BF236863600020EDE7C06810F096
:102820004FF8226CE36851429B1A2268E36093429E
:102830003EBFA3685B18E360022EEDD10DB1013DF0
:10284000EAE72846D8E7034610B41A6C08466AB18E
:10285000DC68996814448C4228BF1968DC6028BF82
:10286000D960D9685DF8044B10F02AB85DF8044BC4
:10287000704770B5044600F005FF94F8455004F128
:1028800024066DB2002D14DCFF2384F8453000F0DF
:1028900019FF00F0F7FE94F8445004F110066DB2F1
:1028A000002D12DCFF2384F84430BDE8704000F0B6
:1028B00009BF636A002BE7D0304611F0ADFF08B1C5
:1028C00011F0CEFF013D6DB2DCE72369002BE9D0AA
:1028D000304611F0A1FF08B111F0C2FF013D6DB209
:1028E000DEE770B50E46044640B94FF0140383F39B
:1028F0001188BFF36F8FBFF34F8FFEE7C56BA5B392
:10290000036CA3FB053585BB00F0BCFED4E90F3199
:10291000226862604B43D0185B1A1A44FF23A563F8
:10292000A06084F84430E26084F84530A6B9236999
:1029300073B104F1100011F06FFF48B14FF0E023C4
:102940004FF08052C3F8042DBFF34F8FBFF36F8F4A
:1029500000F0B8FE012070BD04F11000FFF7F6FE94
:1029600004F12400FFF7F2FEF2E74FF0140383F3C3
:102970001188BFF36F8FBFF34F8FFEE737B50D465A
:102980001C4643B94FF0140383F31188BFF36F8FD4
:10299000BFF34F8FFEE748B3B2B139B35023019371
:1029A000019B502B19D1019B22600121C4E90F0525
:1029B00084F846102046FFF794FF9DF8183084F8FD
:1029C0004C30204603B030BD81B950230193019BA8
:1029D000502B02D1019B2246E6E74FF0140383F30C
:1029E0001188BFF36F8FBFF34F8FFEE74FF01403D3
:1029F00083F31188BFF36F8FBFF34F8FFEE72DE98D
:102A0000F0410D461746064600B3A1FB0038B8F169
:102A1000000F1BD1484310F1510F17D8503000F070
:102A200077FF044668B180F846806DB100F150032D
:102A3000C4E90F65236001212046FFF752FF84F8A7
:102A40004C702046BDE8F0810346F1E74FF01403D7
:102A500083F31188BFF36F8FBFF34F8FFEE7F0B59D
:102A600085B00E4601921D46044640B94FF014034E
:102A700083F31188BFF36F8FBFF34F8FFEE751B918
:102A8000036C43B14FF0140383F31188BFF36F8FCE
:102A9000BFF34F8FFEE7022D0BD1E36B012B08D064
:102AA0004FF0140383F31188BFF36F8FBFF34F8F81
:102AB000FEE711F0BDFE08B9019B03BB00F0E2FD8B
:102AC000A26BE36B9A4223D22A4631462046FFF797
:102AD00087FE636A1BB104F1240011F09DFE48B12A
:102AE0004FF0E0234FF08052C3F8042DBFF34F8F17
:102AF000BFF36F8F00F0E6FD012005B0F0BD4FF091
:102B0000140383F31188BFF36F8FBFF34F8FFEE77A
:102B1000022DD9D000231F4637E013B902A811F0C7
:102B200057FE00F0CFFD11F093FE00F0ABFD94F8DE
:102B30004430FF2B08BF84F8447094F84530FF2BD5
:102B400008BF84F8457000F0BDFD01A902A811F08E
:102B50001FFE002839D100F095FDA26BE36B9A426D
:102B60001AD100F0AFFD019904F1100011F050FEF0
:102B70002046FFF77EFE11F017FED8B100F082FD6F
:102B8000A36BE26B9A429FD80123019A002AC4D119
:102B900000F098FD0020B0E700F094FD2046FFF71C
:102BA00068FE11F001FE00F06DFDA26BE36B9A422E
:102BB000EAD289E74FF0E0234FF08052C3F8042DAA
:102BC000BFF34F8FBFF36F8FEDE72046FFF751FE46
:102BD00011F0EAFDDEE713B500220B460090114626
:102BE0000120FFF7CBFE044638B100238360036069
:102BF000C3601A461946FFF732FF204602B010BDE7
:102C000038B5044640B94FF0140383F31188BFF37D
:102C10006F8FBFF34F8FFEE7856811F0D1FD8542BE
:102C20000BD1E368013BE3600BB1012038BD1A46CC
:102C300019462046FFF713FFF7E70020F6E710B527
:102C4000024600210120FFF7DAFE044638B10023D6
:102C500083600360C3601A461946FFF700FF2046F1
:102C600010BD2DE9F843894617461E46044640B973
:102C70004FF0140383F31188BFF36F8FBFF34F8FAF
:102C8000FEE751B9036C43B14FF0140383F311888D
:102C9000BFF36F8FBFF34F8FFEE7022E0BD1E36BB5
:102CA000012B08D04FF0140383F31188BFF36F8F0B
:102CB000BFF34F8FFEE700F0FDFDEFF311884FF0FB
:102CC000140383F31188BFF36F8FBFF34F8FA26B91
:102CD000E36B9A4201D3022E2DD194F84550A36B99
:102CE0006DB2324649462046FFF77AFD6B1C0ED185
:102CF000636A3BB104F1240011F08EFD10B10FB1F5
:102D000001233B60012088F31188BDE8F88311F0AE
:102D100053FD8542F6D27F2D08D14FF0140383F383
:102D20001188BFF36F8FBFF34F8FFEE701356DB290
:102D300084F84550E6E70020E5E7F0B585B00E469B
:102D40000192044640B94FF0140383F31188BFF396
:102D50006F8FBFF34F8FFEE751B9036C43B14FF054
:102D6000140383F31188BFF36F8FBFF34F8FFEE718
:102D700011F05EFD50B9019B43B14FF0140383F392
:102D80001188BFF36F8FBFF34F8FFEE700F07AFC1F
:102D9000A56BDDB131462046FFF755FD2369013DA6
:102DA000A56373B104F1100011F036FD48B14FF086
:102DB000E0234FF08052C3F8042DBFF34F8FBFF3D1
:102DC0006F8F00F07FFC012005B0F0BD019B1BB9A7
:102DD00000F078FC0020F7E702A811F0F9FC2F467C
:102DE00000F070FC11F034FD00F04CFC94F844301D
:102DF000FF2B08BF84F8447094F84530FF2B08BFC0
:102E000084F8457000F05EFC01A902A811F0C0FC36
:102E100038BB2046FFF7D9FCE8B1019904F1240042
:102E200011F0F6FC2046FFF724FD11F0BDFC48B977
:102E30004FF0E0234FF08052C3F8042DBFF34F8FC3
:102E4000BFF36F8F00F01EFCA56B002DA2D1019B7C
:102E5000002BC5D1BCE72046FFF70BFD11F0A4FC09
:102E6000F0E72046FFF705FD11F09EFC2046FFF736
:102E7000ACFC0028E6D0ADE7F0B585B00446019182
:102E800040B94FF0140383F31188BFF36F8FBFF382
:102E90004F8FFEE7056C45B14FF0140383F31188A3
:102EA000BFF36F8FBFF34F8FFEE711F0C1FC0646F3
:102EB00020B32E46002700F0E5FBA36B53B3013B84
:102EC000A363236813B911F0AFFCA060236973B149
:102ED00004F1100011F0A0FC48B14FF0E0234FF0D6
:102EE0008052C3F8042DBFF34F8FBFF36F8F00F0F4
:102EF000E9FB012005B0F0BD3546DBE7019B002B67
:102F0000FAD04FF0140383F31188BFF36F8FBFF330
:102F10004F8FFEE7019B1BB900F0D4FB0020E9E7CF
:102F200016B902A811F054FC00F0CCFB11F090FC93
:102F300000F0A8FB94F84430FF2B08BF84F84470DD
:102F400094F84530FF2B08BF84F8457000F0BAFBB9
:102F500001A902A811F01CFC50BB2046FFF735FC6C
:102F600000B323683BB900F08DFBA06811F068FC4A
:102F7000054600F0A7FB019904F1240011F048FC7C
:102F80002046FFF776FC11F00FFC48B94FF0E02324
:102F90004FF08052C3F8042DBFF34F8FBFF36F8FF4
:102FA000012688E72046FFF764FC11F0FDFBF7E7F8
:102FB0002046FFF75EFC11F0F7FB2046FFF705FC0B
:102FC0000028EDD0002DA9D000F05CFB616A19B19A
:102FD000236B1968C1F13801A06811F0E1FB9BE790
:102FE00070B50D46044640B94FF0140383F31188C1
:102FF000BFF36F8FBFF34F8FFEE7866811F0E0FBE2
:10300000864204D1E3680133E360012070BD2946A4
:103010002046FFF731FF0028F8D0E3680133E36072
:10302000F4E72DE9F84389469046044640B94FF04D
:10303000140383F31188BFF36F8FBFF34F8FFEE745
:1030400051B9036C43B14FF0140383F31188BFF3FC
:103050006F8FBFF34F8FFEE700F02CFCEFF311876B
:103060004FF0140383F31188BFF36F8FBFF34F8FBB
:10307000A66B86B394F8445049466DB22046FFF7DC
:10308000E2FB013E6B1CA66311D1236953B104F12D
:10309000100011F0C1FB28B1B8F1000F02D00123DC
:1030A000C8F80030012087F31188BDE8F88311F0DB
:1030B00083FB8542F6D27F2D08D14FF0140383F3B2
:1030C0001188BFF36F8FBFF34F8FFEE701356DB2ED
:1030D00084F84450E6E73046E5E7000070B540B9B3
:1030E0004FF0140383F31188BFF36F8FBFF34F8F3B
:1030F000FEE7B9B10C4A00231C46154656688642C5
:1031000004D105EBC403C3E900100BE01BB916683A
:10311000002E08BF13460134082C02F10802EDD13D
:10312000002BF0D170BD00BF8C39000010B540B944
:103130004FF0140383F31188BFF36F8FBFF34F8FEA
:10314000FEE7094A002352F8331081424FEAC304D4
:1031500006D1064A002142F833102244516010BDC6
:103160000133082BEFD1FAE7903900008C390000C9
:1031700010B540B94FF0140383F31188BFF36F8F7C
:10318000BFF34F8FFEE7FFF7D1FF90F846301BB932
:10319000BDE8104000F092BC10BD70B504460D466D
:1031A000164600F06FFA94F84430FF2B04BF00235A
:1031B00084F8443094F84530FF2B04BF002384F892
:1031C000453000F07FFAA36B2BB93246294604F153
:1031D000240011F0D5FA2046BDE87040FFF749BB46
:1031E000914208B5416000610AD8D21A83699A42B7
:1031F0000DD2084B011D1868FFF7C1FA002008BD69
:103200009A4201D2994202D2034B011DF3E70120F9
:10321000F5E700BF7C3F0000803F000070B504462A
:103220000D461646A1692B46324629442046FFF733
:10323000D7FF00B970BDA36920461D44236A984793
:10324000F0E700000E4B1B68DB6870B5DC680546D4
:10325000201D0E46FFF7AAFA94F828305A0709D520
:10326000324629462046FFF7D9FF236A2046BDE8AB
:103270007040184723F0010384F82830F5E700BFB9
:10328000803F0000F8B50F4E054611F0E5FA3368AF
:103290008342044609D90C4F3B681A6852B90B4A5D
:1032A000116839601360012300E000232B60346053
:1032B0002046F8BDDB684FF0FF311868FFF7C2FF0A
:1032C000EAE700BF703F0000803F00007C3F000045
:1032D0002DE9F0415B4F5C4E86B03B68D3F800802F
:1032E000B8F1000F38D0DB68D3F80080002411F06B
:1032F000AFFA02A8FFF7C6FF029B0546002B48D194
:1033000064BB404530D311F04FFA29464046FFF7E1
:1033100099FF1022002102A80FF0BAF930680022AC
:1033200002A9FFF70AFD0028D7D0029B0498002BC2
:1033300032DB049C6369002B35D101A8FFF7A2FFA3
:10334000029B013B0546082BE8D8DFE803F030304C
:10335000535A733030535A000124C8E73B4B1B6863
:103360001C68B4FA84F4640930682246A8EB0501AD
:10337000FFF713FF11F018FA0028CAD14FF0E0232D
:103380004FF08052C3F8042DBFF34F8FBFF36F8F00
:10339000BFE711F009FABCE7039B05999847029B28
:1033A000002BBBDBC5E7201DFFF700FAC5E794F84B
:1033B0002830A16943F0010384F82830039B0246BA
:1033C00019442046FFF70CFF0028A7D094F82830B6
:1033D00059070AD5A36903992A4619442046FFF7DD
:1033E0001DFF236A2046984798E723F0010384F8DD
:1033F0002830F6E794F8283023F0010384F82830C9
:103400008CE794F8283043F0010384F828300399BE
:10341000A16141B94FF0140383F31188BFF36F8F9B
:10342000BFF34F8FFEE70346024601442046FFF7F5
:10343000D7FE73E794F828309A07DDD4204600F0D1
:103440003DFB6BE7803F0000783F00007C3F0000C1
:10345000F7B5114C00F016F92568BDB90F4F104EA5
:103460003846FFF773F93046FFF770F90D4B0E4AF7
:103470001F600E4B10211E6005200D4B0095FFF7BD
:103480007DFA206010B10B49FFF728FE03B0BDE8BC
:10349000F04000F017B900BF783F0000983F0000EF
:1034A000843F0000803F0000203F00007C3F000080
:1034B000D03E00007184210810B588B0FFF7C8FF26
:1034C000124B1B68B3B1002407AA06A905A8CDE9D1
:1034D0000544FEF7ADFF059B0293069B019337233E
:1034E0000093079A0A490B48234611F081F90A4BC9
:1034F000186040B94FF0140383F31188BFF36F8F46
:10350000BFF34F8FFEE7012008B010BD783F0000E9
:1035100076842108D1422008743F00001FB514466C
:103520001A466FF00103CDE900300548CDE90214D9
:10353000002369460068FFF794FB04B010BD00BF8C
:10354000783F0000000000000000000000000000C4
:10355000074B19680868B0E8F04F80F30988BFF39B
:103560006F8F4FF0000080F311887047AFF3008039
:10357000CC3E000008480068006880F308884FF0DF
:10358000000080F3148862B661B6BFF34F8FBFF3BB
:103590006F8F00DF00BF000008ED00E000000000BA
:1035A000EFF30980BFF36F8F154B1A681EF0100FF1
:1035B00008BF20ED108A20E9F04F10602DE90900C6
:1035C0004FF0140080F31188BFF34F8FBFF36F8F5C
:1035D00011F006F94FF0000080F3118809BC19685A
:1035E0000868B0E8F04F1EF0100F08BFB0EC108A6A
:1035F00080F30988BFF36F8F704700BFAFF300807F
:10360000CC3E0000DFF80C00016841F4700101605D
:103610007047000088ED00E082B0002301930D4B5D
:103620001B68013308D04FF0140383F31188BFF3F4
:103630006F8FBFF34F8FFEE74FF0140383F31188B2
:10364000BFF36F8FBFF34F8F019B002BFCD002B0F5
:10365000704700BF300A00004FF0807340F8043C10
:10366000074B40F80C3C21F001016FF0020340F8D9
:10367000081C40F8202C40F8243C4438704700BF18
:10368000194620084FF0140383F31188BFF36F8F9E
:10369000BFF34F8F0A4A13680133012B13600ED119
:1036A0004FF0E023D3F8043DDBB243B14FF01403F5
:1036B00083F31188BFF36F8FBFF34F8FFEE770471F
:1036C000300A0000084A136843B94FF0140383F32B
:1036D0001188BFF36F8FBFF34F8FFEE7013B13607D
:1036E0000BB983F311887047300A000008B54FF01A
:1036F000140383F31188BFF36F8FBFF34F8F11F063
:103700008FF828B14FF0E0234FF08052C3F8042D1A
:10371000002383F3118808BD4FF0E02200231361DA
:103720009361054B4FF47A711B68B3FBF1F3013BD6
:103730005361072313617047300801004FF0E02305
:1037400037B5D3F8001D534A914208D14FF0140306
:1037500083F31188BFF36F8FBFF34F8FFEE7D3F86A
:10376000001D4D4A914208D14FF0140383F3118894
:10377000BFF36F8FBFF34F8FFEE7D3F8083D474A83
:10378000D96A914208D04FF0140383F31188BFF334
:103790006F8FBFF34F8FFEE79A6B414B9A4208D071
:1037A0004FF0140383F31188BFF36F8FBFF34F8F74
:1037B000FEE7002301933B4B1A78D2B28DF802202A
:1037C000FF221A701B78384ADBB28DF803309DF85F
:1037D000033003F01403137043B94FF0140383F361
:1037E0001188BFF36F8FBFF34F8FFEE79DF8033053
:1037F000DB4313F0140F10D04FF0140383F3118840
:10380000BFF36F8FBFF34F8FFEE7013301939DF836
:1038100003305B00DBB28DF803309DF8033013F00A
:10382000800F019BF1D1082B18BF019B1F4A14BFC9
:10383000C3F1070300231B0203F4E06313609DF848
:103840000230184A4FF0E024DBB21370D4F8203D68
:1038500043F47F03C4F8203DD4F8203D002543F015
:103860007F43C4F8203DC4F81C5DFFF755FF104BA3
:103870001D60FFF7C7FED4F8343F43F04043C4F85F
:10388000343FFFF777FE10F0ABFFFFF7C5FE284689
:1038900003B030BD71C20F4170C20F4151452008C5
:1038A000A145200800E400E0B03F0000AC3F00006C
:1038B000300A0000EFF305830F2B0ED9114A9B5CF1
:1038C000114A12789A4208D94FF0140383F31188F1
:1038D000BFF36F8FBFF34F8FFEE74FF0E0230B4A2C
:1038E000D3F80C3D126803F4E063934208D94FF01B
:1038F000140383F31188BFF36F8FBFF34F8FFEE77D
:10390000704700BFF0E300E0B03F0000AC3F0000B4
:10391000F8B5431E0A33624D24D910F099FF2B6885
:1039200063BB00245F4A604853071FBFD11D21F0CD
:10393000070102F54842531A0CBF4FF448430A46A8
:103940001344083B23F00703002141600260C3E9F0
:103950000011991AC2E900312B60544B1960544B85
:1039600019601BE010F0070300F108040BD110F000
:103970006FFF2B68002BD5D0002C11DA10F014FF4C
:1039800000252846F8BDA3F10902A242C5D3103094
:10399000C41A10F05DFF2B68002BC3D0002CEDDDA6
:1039A000DFF80CC1DCF80010A142E7D33E4ADFF893
:1039B000F4E01368734502D33E4FBB4217D94FF072
:1039C000140383F31188BFF36F8FBFF34F8FFEE7AC
:1039D000764502D3BE421A4608D94FF0140383F34A
:1039E0001188BFF36F8FBFF34F8FFEE733465868E0
:1039F000A04202D21E68002EEAD12D689D42BDD0A1
:103A000015680835754501D3BD4208D94FF0140338
:103A100083F31188BFF36F8FBFF34F8FFEE71F68EB
:103A20001760A0420FD3001B102819D91E1916F0D9
:103A3000070F11D04FF0140383F31188BFF36F8F7A
:103A4000BFF34F8FFEE74FF0140383F31188BFF3EA
:103A50006F8FBFF34F8FFEE770605C601F51166081
:103A600058680A1A1149CCF800200C68A24238BFE5
:103A70000A6000221A60104A40F000405860136843
:103A80000133136010F090FE6B073FF47AAF4FF0F4
:103A9000140383F31188BFF36F8FBFF34F8FFEE7DB
:103AA000C43F0000D03F0000C83F0000BC3F000002
:103AB000C03F0000CF070100B83F0000F8B5054641
:103AC00000286FD0384FA0F10804BC4212D3374E03
:103AD000B4420FD850F8043C002B14DA50F8082CEC
:103AE000D2B14FF0140383F31188BFF36F8FBFF38C
:103AF0004F8FFEE74FF0140383F31188BFF36F8FEE
:103B0000BFF34F8FFEE74FF0140383F31188BFF329
:103B10006F8FBFF34F8FFEE723F0004340F8043C64
:103B200010F096FE224A55F8041C13680B441360EB
:103B3000204B18461A461B689C42FBD882420CD088
:103B4000BA4201D3B24208D94FF0140383F311886B
:103B5000BFF36F8FBFF34F8FFEE750681618B44264
:103B600006D1014450188342516010D1144602E03E
:103B70006018834213D11048006883421FBF586801
:103B80004018606018682060A24218BF14600B4A99
:103B9000136801331360BDE8F84010F005BE45F826
:103BA000083CF1E7F8BD00BFD03F0000CF0701009F
:103BB000C03F0000C83F0000C43F0000B43F000009
:103BC00070B5134C134D23685E6C002319462846CC
:103BD0000222B04723681E680023194602222846A5
:103BE000B04723680C4DD3F8C030052098472368B0
:103BF0005E6C0023194628460A22B04723681C68D9
:103C000000232846A4460A22BDE8704019466047B2
:103C10000001300000C004240000134607B5C3783B
:103C2000009383784278017802480EF06BFB03B072
:103C30005DF804FB7E8421081FB558B143790293D7
:103C400003790193C378009383784278017803481D
:103C50000EF058FB05B05DF804FB00BF8A84210814
:103C60000FB404B07047000030B5114B93F85830D2
:103C7000013BDBB2FD2B8FB018D80E4D0FCD6C463B
:103C80000FC40FCD0FC40FCD0FC495E8030084E817
:103C90000300094C6846D4F8443715F053FA03F092
:103CA00097FFD4F8443700200FB030BD0120FBE768
:103CB00000021F0858021F0800800524134B0168EA
:103CC000D3F84437F0B50127013900D2F0BDD0F860
:103CD00008C04668CCF38455C5EBDC623468013219
:103CE0000023013A0CD203FA05F203EA0C03C3F3F2
:103CF000150324EA0202AB40134333600830E3E7C4
:103D000007FA02FE43EA0E03EBE700BF008005243A
:103D100008B51848FFF7D2FF1748FFF7CFFF04F0A8
:103D2000E1F904F0F3F904F0FDF904F00FFA04F0FE
:103D300019FA1248FFF7C2FF1148FFF7BFFF1148F9
:103D4000FFF7BCFF1048FFF7B9FF1048FFF7B6FFB9
:103D50000F48FFF7B3FF0F48FFF7B0FF0E48FFF71C
:103D6000ADFF0E48FFF7AAFFBDE808400C48FFF77B
:103D7000A5BF00BFEC260000502600008C220000EA
:103D8000582300004C2300006C2300002C2200006C
:103D9000202200001422000068220000B02200004F
:103DA000A422000010B5254CFFF7B2FF94F80406DA
:103DB00000F00100FFF758FF4FF4C023C4F86C3443
:103DC000D4F840311E4843F40023C4F84031D4F8FD
:103DD000403143F00103C4F84031D4F8403143F09E
:103DE0000203C4F84031FFF769FF16491648D1F8BD
:103DF000103543F00203C1F81035636923F4003332
:103E00006361636943F480336361D0F84027D0F87D
:103E10007837C2F34342023A23F4F07343EA421381
:103E2000C0F87837D1F8943443F40023C1F89434BF
:103E3000236943F46013236110BD00BF0080042494
:103E40007824000000A005240080052408B550B1A6
:103E50000748FFF733FF0748FFF730FF0648BDE884
:103E60000840FFF72BBF0548FFF728FF0448F6E797
:103E7000C0240000682500005C25000034250000F7
:103E8000E02400000B48D0F800D05DF804EB5DF8AA
:103E900004CB5DF804BB5DF804AB5DF8049B5DF8F2
:103EA000048B80BC40BC20BC10BC08BC04BC02BC61
:103EB00001BC7047DC070100114AD2F8103623F428
:103EC0008073C2F810360F4B596B41F001015963F2
:103ED000596B41F0020159630423C2F8383482B0AF
:103EE00000238DF807309DF80730092B01D902B067
:103EF000704700BF9DF807300133DBB2F1E700BF28
:103F00000080042400840424FEE7FEE7054B064AF3
:103F100006498B4200D3704752F8040B43F8040B58
:103F2000F7E700BF1000000060A321084027000051
:103F3000064B0748DA1C121AC11E22F003029942EE
:103F400088BF002200210EF0A3BB00BF181D010096
:103F50004027000008B5FFF7D9FFFFF7E9FF00F0A1
:103F6000BBF8BDE80840FDF7C4BE000038B562B636
:103F70003A4B3B4A1A603B4B3B4A93F806363B4C64
:103F80003B4D03F00F030F2B15BF3A4B4FF000636F
:103F9000D3F89312D3F837140CBF11601160364A6E
:103FA0000CBFD3F83634D3F89232136003F090FF8D
:103FB0002B4BE36304F0F8FF032004F04DFA03F009
:103FC00089FF2E4BDB694FF08061D3F880304FF0D2
:103FD0008C409847EB69022060F30E33EB61284B6D
:103FE000DA696FF30202DA6103F0EEFF1D4B1A6A21
:103FF000042161F302021A621A6A1207FCD5AB6946
:10400000022262F38403AB61AB691B04FCD51D4B38
:104010001D4D5A6E6FF341025A665A6E6FF30002DD
:104020005A66FFF749FF19490D4B21614FF4FA40D9
:10403000E16117496062002220624FF40040C4E948
:104040000033C4E90B15C4E90F33A2606261E36079
:10405000A06263636164A26138BD00BF30080100E3
:10406000005A620200800424D8070100E007010022
:104070000081042400001F08D40701000001300063
:104080000086042400840424002D310100B4C404FB
:104090000048E8014FF0E02384B0D3F8402F0192AC
:1040A000D3F8442F02920199094A91420DD1029905
:1040B000084A914209D1D3F8882D0392039A42F419
:1040C00070020392039AC3F8882D04B0704700BFB2
:1040D000210011101100001113B50023009301936A
:1040E0002F4BD3F810250092009A00922D4A1168A8
:1040F00021F00F01116011681160D3F89C1421F4B4
:104100006071C3F89C14D3F8041701910199C3F8A6
:104110000415D3F8001701910199C3F80015D3F8DD
:10412000101541F01C01C3F81015D2F8024014F428
:104130008074FAD11C48436943F480334361436976
:1041400064F351434361FFF7A5FF184B4FF08072B2
:104150005A60174BC0F84031164B5A6864F3C302DB
:104160005A60036A0E4A43F480330362036A43F4DD
:1041700000330362D2F8943443F40023C2F8943439
:10418000036943F4601303610B4B1A6842F4002285
:104190001A601A6842F480221A6002B010BD00BF93
:1041A00000A0052400000524008004240000304104
:1041B00003000800008104240084042430B50E4D5F
:1041C0002B6885B043B90D4B0FCB6C4684E80F00CC
:1041D0002046FDF7C0FF2860FDF722FE022808D127
:1041E000286830B14FF0FF3105B0BDE83040FDF731
:1041F000EFBF05B030BD00BF84080100A4842108D2
:1042000008B5FDF70DFE022806D1044B186818B159
:10421000BDE80840FEF701B808BD00BF84080100F2
:1042200020F04040012802D0022805D07047034A00
:104230001368013313607047014AF9E78C080100E5
:104240008808010010B5124CE3689847A36811482C
:104250009847236902209847A46A01211520A047A6
:1042600001211620A0474FF4E1310120A0470A4C5C
:10427000206810B9FDF76FFF2060084B4FF48052A3
:10428000C3F88020BFF34F8FBFF36F8F10BD00BF07
:10429000B4842108215220089008010000E100E0C8
:1042A00013B5094C00238DF804302360074B01211E
:1042B0009B6901A8984723681BB19DF8040002B0D0
:1042C00010BD00F0FBFAF6E788080100B48421086D
:1042D00013B5094C8DF8070000232360074B01211B
:1042E0005B690DF10700984723680BB102B010BD60
:1042F00000F0E4FAF8E700BF8C080100B48421085C
:1043000003681B780022202B04D0093B042B01D921
:10431000D0B270470368591C01605B780132F2E744
:104320000120704708B505F05DF9162303604FF0D2
:10433000FF3008BD08B505F055F916230360FEE708
:1043400070B50D461446FDF76BFD022805D10C4BE8
:104350004FF0FF311868FDF73BFF2E46731BA34259
:1043600009DBFDF75DFD022803D1054B1868FDF759
:1043700054FF204670BD16F8010BFFF7A9FFEDE7CB
:10438000900801004FF0FF3070474FF400534B602E
:104390000020704701207047002070470FB42DE9BE
:1043A000F0438BB012AB002453F8046B019304ADBF
:1043B0008DF81040A846FFF773FF0D2805F8010B94
:1043C00004D00A2802D00134142CF4D19E4B019F52
:1043D000E34004F1280213F001030DEB02041ABFBD
:1043E000002304F8183C04F8173C9DF81030CDE980
:1043F0000268002B00F04E810025029B1B78002BE9
:104400004DD0DDF80C9099F80060002E47D002A83E
:10441000FFF776FF044618B103A8FFF771FFECE73A
:10442000029A1346517813F8010B0293252801D103
:10443000252907D18E4232D109F1010302320393BB
:104440000292DAE726462046A0461A7806F07C015A
:10445000002A7CD100B1029309B3002C08BF632469
:10446000082900F08780202900F0AA80042916D1AD
:1044700057F8042B4946144400200E780B460131AE
:10448000002E6AD100286FD1B7E7692A50D01ED814
:10449000632A52D011D8392A07D82F2A34D8E8B243
:1044A0000BB0BDE8F04304B07047582AF7D146F08E
:1044B000200601334FF0100832E0642AEFD146F4B1
:1044C000005646F0200601334FF00A0828E06F3A04
:1044D000D1B20929E3D8092AE1D801A151F822F083
:1044E000255520089F5420089F5420089F542008D9
:1044F000495520089F542008C35420089F54200881
:104500009F542008AF542008002CC8D10A211A78E3
:10451000303A01FB042413F8012F303A092AF6D966
:10452000012092E746F0200601334FF00808F7E734
:1045300046F0200601338846F2E7012C46F00406D7
:1045400038BF01240133EBE746F00806FAE70029FB
:104550009BD0002881D002937FE702F8016BA24232
:104560004FF0010089D10B46994503933FF445AFC5
:10457000013542E703A8FFF7C3FE039E57F8043B4B
:10458000314603EB040C00200C4611F8012B12B944
:1045900060B103940AE00D2A0FD8082AF8D803F86E
:1045A000012B63454FF00100EED10391039A96422F
:1045B0003FF423AF00221A70DAE7202AEFD1E7E7B1
:1045C00003A8FFF79DFE039BB8F1000F10D0B8F1D0
:1045D000100F17D11A78302A14D15A7802F0DF025E
:1045E000582A0FD102330393023C4FF0100809E020
:1045F0001A78302A16D15A7802F0DF02582AF1D000
:104600004FF00808039B1A782B2A0ED02D2A0FD1C1
:1046100001330393013C4FF0FF31039A002014440F
:10462000844616E04FF00A08ECE701330393013C9F
:104630000121F2E7A9F14103052B02D920B303922E
:1046400022E0A9F1370317E0010010000CFB083C41
:10465000012092F800909646B9F1000FEED0A242E8
:10466000ECD0A9F13003DBB2092B06D9A9F1610323
:10467000052BDFD8A9F15703DBB2984502F10102FF
:10468000E4D808B1CDF80CE057F8043B0CFB01F17D
:1046900019606DE74FF0FF3501E700BF04480223C2
:1046A0001421C21801334B2B82F80013F9D1704743
:1046B00000E100E0064B1868002382B262F30F03AA
:1046C000000C60F31F4382B0184602B0704700BF71
:1046D00028852108014B1868704700BF4C0A00006C
:1046E000014803F091B800BF4C0A0000014903F0F3
:1046F0004BB800BF4C0A0000014803F023B800BFCC
:104700004C0A000037B504460B200D4600F0EAF9CC
:10471000064B1B680193064B00930246054B294646
:10472000204602F0D1FD03B030BD00BF7C0C01007B
:10473000340A00004C0A0000014802F0C1BD00BF6D
:104740004C0A0000014802F0B8BD00BF4C0A00004E
:104750007FB5104BD3E90354B2F5806F2E883ABF72
:1047600002F1FF33C3F3090340F2FF3363F30D1685
:104770002E80258863F30D15074B25801B68029357
:10478000064B0193064B0093024B02F05DFD04B013
:1047900070BD00BF4C0A00007C0C010094080100B1
:1047A000340A00000D4B1A69B1F5806F13B538BF9C
:1047B00001F1FF33148834BFC3F3090340F2FF3320
:1047C00063F30D14064B14801B680193054B009393
:1047D000024A054B02F09AFC02B010BD4C0A0000E0
:1047E0007C0C010094080100340A00000D4BDA68CB
:1047F000B1F5806F13B538BF01F1FF33148834BFB2
:10480000C3F3090340F2FF3363F30D14064B148026
:104810001B680193054B0093024A054B02F0C8FB4D
:1048200002B010BD4C0A00007C0C0100940801008D
:10483000340A0000024B034A1B68034902F010BB14
:104840007C0C0100340A00004C0A0000034B0449B0
:1048500004484FF400129A6402F0B2BA00840424AF
:10486000340A00004C0A000007B5064B0193064BC2
:104870000093064A064B074902F012FA03B05DF8AE
:1048800004FB00BF040C01007C0C0100340A000092
:10489000001C06244C0A0000014802F0D9B800BFF1
:1048A000D40A0000014802F0D3B800BF900A00000B
:1048B000014802F0CDB800BF4C0A0000FFF7F8BF76
:1048C000354BDFED366AD3F8102242F04002C3F8D0
:1048D000102207EE900AD3F81022F4EEE67A42F0A6
:1048E0001002F1EE10FA07EE101A82B0C3F810228F
:1048F00006DCF0EE086AB4EEE67AF1EE10FA08D5BE
:10490000D3F8102242F02002C3F81022002002B097
:1049100070479FED237AF4EEC77AF1EE10FA10D5C6
:10492000D3F810226FF30302C3F81022D3F8102239
:104930006FF38612C3F81022D3F810226FF304121B
:10494000E2E777EEC77ADFED176A134A87EEA67AB9
:10495000F7EE007A77EE277AFCEEE77ACDED017A72
:104960009DF80430F6EE007A77EE277A07EE103ADB
:10497000B8EE477AB4EEE77AF1EE10FAC2BFFCEE79
:10498000E77ACDED017A9DF80430D2F8101263F386
:104990000301C2F81012B9E700380424333333405E
:1049A000CDCCCC3F0AD7A33D0A4B9A6C013A052ADD
:1049B0000ED8DFE802F003050705090B586C7047B5
:1049C000D86A7047D86B7047186B7047586B704740
:1049D00000207047E007010006281DD8DFE800F03E
:1049E000040A0D10131619000C4B586809B1B0FBDE
:1049F000F1F07047094B186AF8E7084B586AF5E779
:104A0000064B986AF2E7054BD86AEFE7034B186B41
:104A1000ECE7024BD868E9E70020E7E7E007010090
:104A200010B5032814D8DFE800F0020A0D100F4873
:104A3000C06A7AB1A3B981B1B0FBF1F00DE00B48C7
:104A4000C069F6E709484069F3E708488068F0E77D
:104A50000020EEE723B909B9400810BD4900EBE793
:104A6000CB07FAD50229F8D9E6E700BFE007010035
:104A7000F8B50C461546042828D8DFE800F00321D5
:104A80001B1E2400FFF790FF15B394B10CF050FAF1
:104A9000064620460F460CF04BFA104B00220CF055
:104AA0000BF902460B46304639460CF0E5FB0CF09C
:104AB00053FDF8BD0A4BD869E6E7094B5869E3E7AF
:104AC000074B9868E0E7064BD868DDE70020DBE796
:104AD000002CEED0B0FBF4F0EBE700BF0000E03FAD
:104AE000E007010010B50E2800F28F81DFE810F01A
:104AF0000F001E002D005300720084009600B300CA
:104B0000CA00DD00E70009013201600182014FF0B7
:104B10008C43BDE81040D869D969DA69C1F3C30193
:104B2000C2F3407200F00700FFF7A2BF4FF08C43C2
:104B3000BDE81040D869D969DA69C1F38321C2F3AD
:104B40008072C0F3C210FFF793BF4FF08C4293699D
:104B50009469C3F3C233C4F3C324052B19D8DFE827
:104B600003F003090C0F1215FFF71EFF0CB1B0FB89
:104B7000F4F010BD8C4B9868F8E78B4B1869F5E79B
:104B8000894B5869F2E7884BD869EFE7864BD868BC
:104B9000ECE70020EAE74FF08C42936A946AC3F393
:104BA0004243C4F30554032B12D8DFE803F0020894
:104BB0000B0EFFF7F9FE002CDBD06400D7E77A4B31
:104BC0005869F8E7784B9868F5E7774BD868F2E7CB
:104BD0000020F0E74FF08C43BDE8104098699969D8
:104BE0009A69DB69C2F34022C3F30073C1F3C501C4
:104BF00000F00700FFF714BF4FF08C43BDE81040F2
:104C0000D86F99699A69DB69C2F34022C3F30073D4
:104C1000C1F3C501C0F34220FFF702BF4FF08C4340
:104C20009B69C3F30263042B00F2EF80DFE803F01B
:104C300003060A0D10005C4BD8689AE7BDE81040E7
:104C4000FFF7B2BE584B986893E7574BD86990E787
:104C5000554B58698DE74FF08C4291699369926981
:104C600011F4802F5049C2F3C0520CBF48698868C4
:104C7000C3F3C3431AB1002B3FF47BAF12E083B9F7
:104C8000400876E74FF08C439A6A9B6A12F4806F73
:104C9000454A0CBF9069D068C3F3C523002B3FF48D
:104CA00068AF5B00B0FBF3F063E7404B986999692C
:104CB000BDE81040C1F34641000FFFF78DBE3B4BEE
:104CC000DA69DB69C2F34302C3F34713052A16D836
:104CD000DFE802F00306090C0F12334A5068DDE7E3
:104CE000314A106ADAE7304A506AD7E72E4A906AAA
:104CF000D4E72D4AD06AD1E72B4A106BCEE70020CB
:104D0000CCE72A4B1A6A1B6AC2F34302C3F342136D
:104D1000072A1DD8DFE802F004070A0D1013161940
:104D2000214A5068A7E7204A106AA4E71E4A506A41
:104D3000A1E71D4A906A9EE71B4AD06A9BE71A4A80
:104D4000106B98E7184AD06895E7174A506B92E7BE
:104D5000002090E7154B1B6BC3F34303062B54D87D
:104D600001A252F823F000BF855D20088B5D20086A
:104D7000915D2008975D20089D5D2008A35D2008B7
:104D8000375C2008084B5868F3E6074B186AF0E6D2
:104D9000054B586AEDE6044B986AEAE6024BD86A7E
:104DA000E7E6014B186BE4E6E00701000014042479
:104DB000174B5B6BC3F34303082B26D801A252F8B1
:104DC00023F000BF855D20088B5D2008915D2008E1
:104DD000975D20089D5D2008A35D2008375C2008B2
:104DE000E95D2008EF5D20080A4B586BC1E6094BCE
:104DF0009869BEE6064BD86AD96ABDE81040C1F38F
:104E00004711C0F34300FFF7E7BD0020B1E600BF44
:104E100000140424E0070100024B1B68D3F8BC30E7
:104E2000184700BF00013000024B1B68D3F8CC309C
:104E3000184700BF00013000024B1B68D3F8EC306C
:104E4000184700BF0001300007EE100AFDEEC77AD8
:104E5000F8EEE76AF4EEC76AF1EE10FA41BF17EE1A
:104E6000903A013307EE903AF8EEE76A16EE900AB0
:104E700070470000024B01219B69C0B2184700BF78
:104E8000300D0100FFF7F6BF1346054A126810B453
:104E9000546C0A46A44600215DF8044B604700BFED
:104EA0000001300010B54FF4006003F04DF8094CDC
:104EB000094B4FF000725A6422782AB9074B084810
:104EC0001B6A01219B6A9847237843F001032370F2
:104ED00010BD00BF801001000084042400013000D8
:104EE0000014042482B0ADF804000A4B4FF40062B1
:104EF0001A609DF80420084B2AB9D3F8082242F41E
:104F00000062C3F808225A68002042F001025A6089
:104F100002B0704700E100E0003804242DE9F04FB2
:104F2000224B234893F81CE0224B1A7800231C469E
:104F300002F59875D9B28E450CD8DFF88080002331
:104F4000A8F5107902F5907CDAB2964509D80020D0
:104F5000BDE8F08F30F815108C4238BF0C46013395
:104F6000E8E743B929F81C300133EDE7B5F820B084
:104F7000594489B20AE000271FFA83FABEB2B4424C
:104F8000F2D900220C4D104635F8021F8C4203D98D
:104F9000B142EBD1013080B2013292B25245F3D32B
:104FA00001370028EAD128F81360DDE7300D010051
:104FB000500D01002C0D01008E0F0100900F01001B
:104FC000012800D17047C30701D44008F8E700204A
:104FD000704703460120834208DC00EBD072A3EB4C
:104FE0006203B3EBA00FB8BF400870474000F2E780
:104FF00084B02DE9F7430AAC84E80F000023ADF834
:1050000006309DF8BC515F4B9DF8BD715A885B68B6
:10501000B3FBF2F30DB9012F40D15B4901250A889A
:105020005A4C07EE903A92B20AAB03EB820393ED2F
:10503000057AF8EE677AB8EE477AC7EE877A17EE08
:10504000900AFFF701FF07EE900A0B88FCEEE77A63
:105050009BB203F5987317EE902A24F813200B885F
:105060009BB203F5987334F81330012B06D80B88E4
:105070009BB203F59873022224F81320444E0DF1DD
:1050800038094FF00008B7EE006A5FFA88F39F42D4
:1050900007D803B0BDE8F04304B070470DF1060136
:1050A000BDE7B8F1000F17D0D9ED007A3288B8EE1D
:1050B000677AD9ED017AF8EE677AC7EE277A17EEAC
:1050C000900AFFF7C1FE07EE900AFCEEE77A17EEB2
:1050D000903A13FB02F37380012F08D072881046B8
:1050E000FFF76EFF18B91046FFF773FF70808DB1A0
:1050F0000B880AAA9BB202EB4303B3F8F430012BEE
:1051000008D10B889BB203F5987334F813209208EA
:1051100024F81320DFED1F7A00231FFA88F098424D
:10512000ADF806300AD2F4EEC67AF1EE10FA27DCBA
:1051300008F10108023609F10409A6E70A8892B2CB
:1051400002F59872013334F8122007EE102AB8EEF7
:10515000477A9BB2C6EE076A77EEA67ADFE70A883F
:1051600092B202F59872013334F812C04FEA4C0C37
:1051700024F812C09BB29842ADF80630EFD2D7E7C0
:105180000023F8E7300D01002C0D0100500D010047
:10519000AE0F01000000000007EE100ADFED087AF4
:1051A000084837EE277AF7EE006AC6EE877AFCEEFB
:1051B000E77A17EE903A834228BF034618467047B5
:1051C00095BFD633404B4C0084B0F0B506AC84E8B4
:1051D0000E00DFED957A002123AC0DF16B050A4638
:1051E0000B46CEB2B04200F2B080002B00F0A4809B
:1051F000B0EE007AF4EEC77AF1EE10FAB0EE047A6F
:1052000005DBF4EEC77AF1EE10FA00F1DD80F4EE82
:10521000C77AF1EE10FAB0EE087A05DBF4EEC77A41
:10522000F1EE10FA00F1D680F4EEC77AF1EE10FA42
:10523000B1EE007A05DBF4EEC77AF1EE10FA00F178
:10524000CC80F4EEC77AF1EE10FAB1EE047A05DB09
:10525000F4EEC77AF1EE10FA00F1C280F4EEC77AEC
:10526000F1EE10FA07DBB1EE087AF4EEC77AF1EE50
:1052700010FA00F1B880B1EE0C7AF4EEC77AF1EED4
:1052800010FAB2EE007A05DBF4EEC77AF1EE10FA0E
:1052900000F1AC80F4EEC77AF1EE10FAB2EE027AC9
:1052A00005DBF4EEC77AF1EE10FA00F1A280F4EE1D
:1052B000C77AF1EE10FA07DBB2EE047AF4EEC77AA1
:1052C000F1EE10FA00F19880B2EE087AF4EEC77AA7
:1052D000F1EE10FA06DBB2EE0C7AF4EEC77AF1EEDC
:1052E00010FA61D4B3EE017AF4EEC77AF1EE10FA57
:1052F00006DBB3EE027AF4EEC77AF1EE10FA60D470
:10530000B3EE097AF4EEC77AF1EE10FA06DBB3EEEB
:105310000A7AF4EEC77AF1EE10FA70D9B3EE0B7A8E
:10532000F4EEC77AF1EE10FA06DB9FED407AF4EE68
:10533000C77AF1EE10FA74D9DFED3D7A9FED3D7A30
:10534000002A18BFF0EE477A65E015F8016FA6F164
:10535000140CBCF1020F2F7C0FD894ED007AF4EE00
:10536000C77AF1EE10FA03D50133DBB2F0EE477ADB
:105370000D2F16D00131043433E7A7F10A0CBCF12C
:10538000020F0CD894ED007AB4EEE77AF1EE10FA41
:1053900003DD0133DBB2F0EE477A182EE9E7182E71
:1053A000E6D10132D2B2E5E7DFED237A9AB39FED81
:1053B000217AF4EEC77AF1EE10FA23D5F0EE477AAF
:1053C00029E0DFED1E7AF1E7DFED1D7AD2B1DFEDE6
:1053D000197A20E0DFED1B7AF8E7DFED1B7AF5E7BD
:1053E000DFED1A7AF2E7DFED1A7AEFE7DFED197AEF
:1053F000ECE7DFED197AE9E7DFED187AE6E7DFEDB4
:10540000187A42B19FED0A7AF4EE477AF1EE10FA7B
:1054100048BFF0EE477ABDE8F04017EE900A04B0BE
:105420007047DFED107AECE70000000000004C420E
:1054300095BFD6338BE16A36EFE608369F9D42363C
:105440002E5A823301A90C3437F859342439EC34FC
:1054500034580F35AD186335883E8A35ACC5A7354D
:10546000B1B49D36F2DD1C3770B50D4616460446C4
:10547000D0B9FFF7E1FCAA4807222146FFF704FD57
:10548000002D40F0AA81012E00F09F810B2C1DD031
:105490000C2C40F0F5800520FFF7CEFCA048072239
:1054A0000521FFF7F1FC98E0012818D10220FFF751
:1054B000C3FC9B4807220221FFF7E6FC002D76D1B2
:1054C000012E00F082810B2C40F0DA800320FFF7E0
:1054D000B3FC072203219248FFF7D6FC96E002288E
:1054E0000ED10420FFF7A8FC072204218C48FFF707
:1054F000CBFC002D00F06681012D40F0778155E155
:10550000032805D10620FFF797FC07220621EDE7C7
:10551000042805D10820FFF78FFC07220821E5E7C2
:10552000052805D10A20FFF787FC07220A21DDE7BD
:1055300006280CD17B4B20225A601920FFF774FCFF
:105540001920FFF769FC78480E221921B4E70728D3
:105550001ED1744B20225A601B20FFF765FC1B20D4
:10556000FFF75AFC0E221B216F48FFF78DFC002D20
:1055700000F02881012D40F0D980012E00F0198122
:105580000C2C21D10520FFF757FC07220521A2E7AB
:10559000082840F0FD80634B20225A601D20FFF751
:1055A00043FC1D20FFF738FC0E221D21DCE70B2CED
:1055B0001ED0012D40F01A81012E00F0FA800C2C33
:1055C000E0D00D2C00F0C1800E2C50D00F2C6FD0ED
:1055D000102C75D12EE0022D40D0032D52D1012E7A
:1055E00059D00E2C70D00F2C62D0102C30D121E06D
:1055F0000320FFF721FC4A4807220321FFF744FC60
:10560000022D2BD0032D03D1012E44D0002070BDDC
:10561000042D00F0A480052DDAD1012E40F0A380E6
:105620000720FFF709FC07223D481146FFF72CFC35
:10563000102C5ED13B4B20225A601A20FFF7F4FB5E
:105640001A20FFF7E9FB38480E221A21FFF71CFC4D
:10565000112C50D0072D5CD1012E88E0012ED5D120
:1056600069E0012E67D00D2C0FD00E2CBBD1092084
:10567000FFF7E2FB2A4807220921FFF705FCCAE7EA
:105680000D2C62D00E2C68D1F1E70B20FFF7D4FB74
:1056900007220B211FE70B20FFF7CEFB2048072234
:1056A0000B21FFF7F1FB8FE70E2CE0D00F2CB2D1CE
:1056B0000720FFF7C1FB072219481146FFF7E4FB5B
:1056C000062DC5D1012E4FE00920FFF7B5FB0722BB
:1056D000092100E70920FFF7AFFB11480722092144
:1056E000FFF7D2FB7FE70720FFF7A6FB0722114653
:1056F000F1E6112C0DD10B4B20225A601C20FFF734
:1057000093FB1C20FFF788FB07480E221C21FFF7A4
:10571000BBFB122C2FD0082D7FF478AF012E28E090
:1057200000C004240000304100001346022D7FF425
:1057300054AF012E99D10520FFF77EFB2E4807229A
:105740000521FFF7A1FB0D2CAED10B20FFF774FB59
:10575000294807220B21FFF797FB042DA6D1012E24
:10576000B8D00F2CBFD0102C3FF464AF112CC2D096
:10577000122C7FF44BAF214B20225A601E20FFF7E2
:1057800053FB1E20FFF748FB1D480E221E21A3E6F7
:105790000A287FF475AE0120FFF74EFB164807225A
:1057A0000121FFF771FB012D7FF415AF012E7FF46E
:1057B0002DAF0320FFF740FB0F4807220321FFF71F
:1057C00063FB65E6012E7FF421AF0120FFF734FB78
:1057D000094807220121FFF757FB0B2C3FF408AFC4
:1057E000012D3FF4E9AE0C2C3FF455AE022D3FF4F1
:1057F00038AF0D2CA9D0F0E600C0042400003041E1
:105800000000134682B02DE9F0410F2906AC84E870
:105810000C005FD8BDF82040BDF8225044EA0503D3
:10582000B3F5806F56D22E4B079E9DF824809DF8CD
:1058300025E043F8212001F1100701F1400C43F865
:10584000276001F15007B24223F81C4023F817509B
:1058500042D0B8F1000F17D001F1300802EB44023A
:10586000C0F8D42143F8282044EAC12242F4004879
:10587000C0F8D881D0F8D881C0F8D821D0F8D82184
:1058800043F82C8043F82720BEF1000F1DD001F112
:10589000600204EB4504344443F82240CA0202F596
:1058A00080622A43C0F8D44142F40044C0F8D84191
:1058B00001F17004D0F8D85143F824508031C0F879
:1058C000D821D0F8D82143F821200020BDE8F041AC
:1058D00002B070470120F9E742F20210F6E700BF7C
:1058E000500D01000F2910B528D892B1144A01F1CA
:1058F000300452F82440C0F8D44101F1400452F879
:105900002440C0F8D84101F1500452F82420C0F8D6
:10591000D8218BB10A4B01F1600253F82220C0F864
:10592000D42101F17002803153F8222053F8213044
:10593000C0F8D821C0F8D831002010BD0120FCE704
:10594000500D010010B5274B27485A685A6842F09D
:1059500001025A60D3F8082242F48062C3F8082298
:1059600003F5B4331A68026852BBD3F8402442F4FA
:105970006752C3F840241D4AD2F80230DC05FBD43C
:105980001B4BD3F80427D107FBD5D3F80427D20744
:10599000FBD4D3F84824174C174B21681A6093089E
:1059A00003F4F8530B43910001F07C0112020B4306
:1059B00002F47832134343F0810323600123036030
:1059C0000C4B1A680A4BC3F84424084AD2F8023038
:1059D00013F48073FAD1034A516863F300015160F4
:1059E00010BD00BF00380424200D01000000052474
:1059F00000A00524280D0100240D010084B070B51D
:105A00002DED028B82B008AC84E80F00444C6E9AF6
:105A1000A2610D9A43499DF8B531BDF81401237771
:105A2000013A8A4278D20DA90122934209D8012B6A
:105A30006FD19DF8B43173B101280FD942F206102D
:105A400060E00E4651F8045F3668B54264D8002D18
:105A500062D00132E9E7B0F5806FEFD2FFF722FAAA
:105A6000314B32485A689FED328A6FF38A225A606E
:105A7000DA686FF31842DA60DA68042161F3090228
:105A8000DA605A682B4942F480625A60FEF718FFC8
:105A9000294B5B686360FFF755FF02F081FB2081B3
:105AA00002F072FB208202F081FBC0F30D0307EECF
:105AB000103AB8EEC77A830BC7EE086A07EE903A41
:105AC000F8EEE77A77EEA67AC4ED037A02F062FB8D
:105AD000C0F30D0307EE103AB8EEC77A830BC7EE9A
:105AE000086A01A807EE903AF8EEE77A002377EE0D
:105AF000A67A0193C4ED057A03F048F8003818BF80
:105B00000120404202B0BDEC028BBDE8704004B001
:105B10007047013B0F2B90E742F20410F2E700BF01
:105B2000300D0100A0252600003804243333334013
:105B300000007A44CDCC4C40E007010084B010B5A1
:105B40002DED028B82B006AC84E80F009DF8183072
:105B50000F2B7FD84249434C0B706C99A16106A969
:105B600001EB8301404849699DF8AD212277013955
:105B7000814271D2012A6AD106AA02EB43039DF841
:105B8000AC21B3F8F43022B1012B05D942F2061052
:105B900056E0B3F5806FF9D2FFF784F9334B344800
:105BA0005A689FED348A6FF38A225A60DA686FF37D
:105BB0001842DA60DA68042161F30902DA605A688F
:105BC0002D4942F480625A60FEF77AFEFFF7BAFE72
:105BD0002A4B5B68636002F0E3FA208102F0D4FA9A
:105BE000208202F0E3FAC0F30D0307EE103AB8EE9C
:105BF000C77A830BC7EE086A07EE903AF8EEE77AA9
:105C000077EEA67AC4ED037A02F0C4FAC0F30D036E
:105C100007EE103AB8EEC77A830BC7EE086A01A800
:105C200007EE903AF8EEE77A002377EEA67A019332
:105C3000C4ED057A02F0AAFF003818BF01204042E7
:105C400002B0BDEC028BBDE8104004B07047013AD1
:105C50000F2A9AE70120F3E742F20410F0E700BFB1
:105C60002C0D0100300D0100A02526000038042471
:105C70003333334000007A44CDCC4C40E007010080
:105C80000F29024610B54FF001000CD8D2F8CC41D4
:105C900000FA01F32343D2F8CC119BB263F30F0156
:105CA000C2F8CC11002010BD0F29024610B54FF0EC
:105CB00001000DD8D2F8CC4100FA01F343EA1443B5
:105CC000D2F8CC119BB263F31F41C2F8CC11002073
:105CD00010BD30B50F299DF80C402CD81F2A2AD8AA
:105CE0000F2B28D8012C26D845686D060FD5090141
:105CF00034B14518AC6B44EA835343F08063AB6323
:105D000001448B6B43EA42438B63002030BD5CB19E
:105D1000D0F8081241F40071C0F80812D0F8081247
:105D200063F34811C0F80812D0F8083262F3040394
:105D3000C0F80832E9E70120E8E7000029B9D0F807
:105D4000083261F3CB23C0F80832064B5B68DB07EF
:105D500041BF43686FF300034360002058BF4FF01A
:105D6000FF30704700380424C1B2024882B002B04C
:105D7000FFF7E4BF003804240F2915D80D4B5A68EB
:105D8000520603D4D3F8DC31002B0FDAD0F8DC2133
:105D900001238B401343D0F8DC219BB263F30F0245
:105DA000C0F8DC2100207047012070474FF40450F8
:105DB000704700BF00380424B1F5007F14D2B2F55B
:105DC000806F11D243686FF38A234360C36861F325
:105DD0001843C360C36862F30903C360436843F4B4
:105DE0008063436000207047012070470F2925D849
:105DF000012A05D1436A6FF3D753436200207047ED
:105E0000022A0BD1436A6FF300034362436A6FF3C4
:105E100004134362436A6FF3C303EEE7084BD3F8FE
:105E2000DC31002BEADA436A0122C3F3CF138A4044
:105E300023EA0201436A61F3D613DEE701207047CB
:105E4000003804240F2903464FF0010014D81A6AC1
:105E500000FA01F189B2186AC2F30F220A4362F311
:105E6000172018621A6AC2F30F2222EA0102196A85
:105E700062F31721196200207047000010B510B1BD
:105E8000012804D010BDBDE81040FFF70BB84FF457
:105E9000006002F073F80A4A13786FF3000313707E
:105EA000DBB2002BEED1074B07484FF000729A642B
:105EB000064B1B6ABDE81040DB6B0221184700BF90
:105EC0008010010000840424001404240001300028
:105ED00013B50D4BADF804004FF40062C3F88020F9
:105EE000BFF34F8FBFF36F8F03220121002002F019
:105EF00021FF044628B90120FFF7C0FF204602B069
:105F000010BD4FF0FF30FAE700E100E04368064AB9
:105F100061F349234360D2F8403443EA4143C2F875
:105F200040340020704700BF00A0052484B02DE954
:105F3000F04F2DED028BF1B07CAC84E80F009DF8A2
:105F4000853365934FF4C47201237FA96846699332
:105F50009DED818A9DF884530CF0B2FC94E80E000C
:105F60006598BA4CFFF730F905EE900AFFF714F97F
:105F700094ED017A07EE900AB8EE476AF8EE677A78
:105F8000B7EE007A87EE065AC7EE276AC6EE857A24
:105F900017EE900AFEF758FF07EE900AFCEEE77A3C
:105FA00017EE903AC5EE857A9EB217EE900AFEF78C
:105FB0004BFF07EE900AFCEEE77A17EE903A9FB29D
:105FC000BE4204BF0136B6B2002D5ED1BDF88433A7
:105FD00027804FF4C27280A9684666809C4CADF859
:105FE00084310CF06DFC7CAB0FCBFFF701F8FEF7B2
:105FF00095FF324639462046FFF7DEFE0121204656
:10600000FFF784FF6368934EDFF8409243F000632C
:106010006360636843F040036360636865F3410352
:1060200063603323C4F8E431636843F004036360BE
:10603000D4F8DC3143F00043C4F8DC310DF2E22344
:10604000669306F18103A8AF06F13E0B67930DF549
:10605000F878659AEBB29A4200F28D807E4B6A9393
:1060600000227E4B6B9369A9104602F0C7FD10B168
:10607000452840F0E78069996AAA002002F02CFECA
:10608000003818BF012040426EE0B8EE488A394619
:10609000C6EE087A17EE900AFEF7D6FE07EE106AF3
:1060A00007EE900AB8EEC77A6948B4EEE77AF1EEE7
:1060B00010FA49BFFCEEE77A324617EE903A9AB2F0
:1060C0004DBF6280278066802780FFF775FE012123
:1060D0005F48FFF71BFF5E4B5A6842F000625A6050
:1060E0005A686FF386125A606A1E012A5A684FF086
:1060F000000194BF42F0020265F341025A60C3F806
:10610000E4115A6842F004025A60D3F8DC2161F3CA
:10611000DF72C3F8DC219DF8F1219DF844029DF85F
:1061200054125AB1D3F8086262F34926C3F80862E0
:10613000D3F8086261F34816C3F80862444ED6F8F3
:10614000083260F30403C6F80832FFF78DF92A46D7
:1061500000213046FFF74AFE62886368B3FBF2F322
:106160003F4A0020C2F8803271B0BDEC028BBDE81E
:10617000F04F04B0704798F854A098F864306493D6
:1061800018F8013F6393009352462946649B2046CA
:10619000FFF79FFD36F8021F328C012A08D0AB00B2
:1061A00003F1105303F58723A3F83811C3F87821BE
:1061B00029462046FFF7E0FDDDE963215046FFF761
:1061C00053F929462046FFF76FFD7B6E6C93D7F895
:1061D000A4306D93669B33F802AF669340F20113CF
:1061E000ADF8BC31ADF8B8A1ADF8BAA170AB13E908
:1061F0000300DDE96C238DE8030029462046FFF704
:1062000001FB29462046FFF73BFD00222946204698
:10621000FFF7ECFDB9F80220D9F80430B3FBF2F334
:10622000328CB3FBF2F34BF8043F57F8043FA6F867
:10623000D0A0CBF85030679B639A03F8012F01354B
:10624000679306E74FF0FF308EE700BF300D010087
:10625000003804248E0F0100755E2008855E20083A
:10626000500D010084B02DE9F04FEDB076AC84E81C
:106270000F009DF8D8419DF86C639DF86DA3012037
:106280000F2C659000F21281DFF840828A4D88F869
:1062900000404FF4C47279A968460CF011FB76AB4C
:1062A0000ECB5046FEF790FF05EE900AFEF774FF06
:1062B00095ED017A07EE900AB8EE476AF8EE677A34
:1062C000B7EE007AC7EE276AC7EE067AC6EEA77A5F
:1062D00017EE900AFEF7B8FD07EE900AFCEEE77A9B
:1062E00017EE903A66EE257A9FB217EE900AFEF707
:1062F000ABFD07EE900AFCEEE77A17EE903A1FFA34
:1063000083F94F4504BF0137BFB2002E51D1BDF80C
:106310006C336A4C6F804FF4C2727AA96846A5F854
:106320000090ADF884310CF0CBFA76AB0FCBFEF7D2
:106330005FFEFEF7F3FD3A4649462046FFF73CFD77
:1063400001212046FFF7E2FD63685D4F43F00063E3
:106350006360636843F040036360636866F341030E
:1063600063603323C4F8E431636843F0040363607B
:10637000D4F8DC3143F00043C4F8DC31F3B29A4581
:1063800000F2A6804F4B669300224F4B679365A99E
:10639000104602F033FC10B1452840F02A8165997F
:1063A00066AA002002F098FC003818BF0120404285
:1063B0007CE076AB03EB8404D4ED057AF8EE677AE3
:1063C0004946C6EE277A17EE900AFEF73DFD07EE26
:1063D000107A07EE900AB8EEC77A3848B4EEE77A3A
:1063E000F1EE10FA49BFFCEEE77A3A4617EE903A22
:1063F0009AB24DBF6A80A5F800906F80A5F8009012
:10640000FFF7DAFC01212D48FFF780FD2B4B5A687E
:1064100042F000625A605A686FF386125A60721E28
:10642000012A5A684FF0000194BF42F0020266F35D
:1064300041025A60C3F8E4115A6842F004025A60FB
:10644000D3F8DC2161F3DF72C3F8DC2198F8002077
:1064500002F5EC726A4492F8540092F86410527893
:106460005AB1D3F8084262F34924C3F80842D3F87A
:10647000084261F34814C3F80842104FD7F80832B5
:1064800060F30403C7F80832FEF7EEFF98F8004007
:10649000324621463846FFF7A9FCA0346A886B686B
:1064A000B3FBF2F3064A42F8243000206DB0BDE899
:1064B000F04F04B0704700BF300D010000380424D5
:1064C000500D0100755E2008855E20082C0D01002E
:1064D00098F80010639101F5EC736B44204693F833
:1064E000642093F8549093F801B062921346CDF86B
:1064F00000B04A46FFF7EDFB639901F5907337F85A
:10650000130001F5987337F81320012A08D08B0087
:1065100003F1105303F58723A3F83801C3F878215A
:106520002046FFF729FC5A4662994846FEF79CFF31
:1065300098F8009020464946FFF7B6FB76AB03EB90
:1065400089030136D3F81431689376AB03EB8903E2
:10655000D3F85431699376AB03EB4903B3F8F430C5
:10656000ADF8A831ADF8AA3140F20113ADF8AC3165
:106570006CAB13E90300DDE968238DE803004946AD
:106580002046FFF73FF998F8009020464946FFF76C
:1065900077FB494600222046FFF728FC09F1A002BC
:1065A00069886B68B3FBF1F309F5987137F811103E
:1065B000B3FBF1F347F8223076AA02EB490209F562
:1065C000C473B2F8F42027F8132076AA02EB8902EC
:1065D00009F1B403D2F8B42047F8232009F5EC728E
:1065E00007EB09030DEB020999F8012083F8C0229B
:1065F000C4E64FF0FF3059E7D0F8E03143F0010333
:10660000C0F8E031002070472DE9F341374B9A6A1A
:106610000192019A16020DD5426A1502C2F3C050CA
:1066200008D45A6A42F400025A62314B9B69042131
:10663000984718E0019BDC0709D52C4A136A43F000
:10664000010313622A4B05219B690020F0E7019C9E
:1066500014F080740BD02548012100F095F8254BEB
:1066600002201B689847002002B0BDE8F0811F4B54
:106670005A68500603D4D3F8DC21002A25DA1E4DCF
:106680001A4FDFF86C80019BE21DD340D90716D565
:1066900021463846FFF7D6FB2B78E6B2B3FA83F2F1
:1066A000520931463846FFF71DF9D8F81830002155
:1066B000304698472B78B3FA83F35B092B7001348B
:1066C000102C05F10105DED1CDE75A689207CAD436
:1066D000D3F8DC11C90FC6D15A6842F004025A60DF
:1066E0000198034BC0B29B69A2E700BF00380424A5
:1066F000300D010084100100100D01000148FFF76A
:1067000083BF00BF00380424030548BF20F40060A5
:10671000174B58BF40F40060D1B11A8A93ED057A47
:10672000821A07EE902AF8EEE77A67EE877AFDEE96
:10673000E77A17EE903A18B2B0F5805F11DA0028C8
:1067400012DDB0F5006F10DBA0F5006000B27047FD
:106750001A8993ED037A821A07EE902AF8EEE77A07
:10676000E3E740F6FF70EFE7002000F50060EDE79B
:10677000300D0100406921B11146C0F30B00FFF755
:10678000C3BFC0F30B007047436A01291DBF43F02C
:1067900002034362436A43F0807318BF43F004036B
:1067A0004362002070472DE9F04F92F806C092F83E
:1067B00002A05378D5781679577992F807E092F8C5
:1067C000088092F8099092F80AB0D47A127802B34D
:1067D0005B0643EA4B7343EA8A5343EA495343EA6D
:1067E000085343EA4E4343EA0C4343EA4733090163
:1067F000026843EAC62301F1105143EA852301F5FB
:10680000872142F0004243EA44230260CB63BDE8A3
:10681000F08F02686CF3C712026002686AF34F32AD
:106820000260026863F313420260036865F3410388
:106830000360036866F383030360036867F306136A
:10684000036003686EF30A230360036868F3CB23D5
:106850000360036869F30C33036003686BF314533C
:106860000360036864F300030360D0E710B4034CD3
:106870002468646CA4465DF8044B60470001300056
:10688000034B1B680A469B6C01460248184700BF31
:106890000001300000140424014BDB685B691847D9
:1068A000000130008A1E70B543680D46052A04D8E1
:1068B000DFE802F01B1D4C4E50528469B3F1884F43
:1068C00060D163783F2B19D95B4B60781B684038E7
:1068D000D3F8E830C0B2984762785848403A062367
:1068E000D2B20021FFF7C2FF08E0C469E6E7B3F1C6
:1068F000884F046A32D160783F283AD8E07820B1D6
:106900004D4B1B68D3F8C03098476078A0F119034D
:10691000052B04D8484B1B68D3F8B8309847032D93
:1069200006D1454B60781B680121D3F8D4309847D5
:10693000414B60781B68D3F8C8309847A3786278D9
:1069400021783F48BDE87040FFF790BF446AB5E743
:10695000846AB3E7C46AB1E7046BAFE7394A93428C
:10696000C9D0394A934211D160783F28C6D9032D46
:10697000AAD1314B1B684038D3F8F0300121C0B2A6
:106980009847A1E72F4A9342EBD19AE72F4A9342C7
:1069900050D1002C4ED062783F2A18D9032D07D150
:1069A000254B1B68403AD3F8F0300121D0B298470C
:1069B000214B60781B684038D3F8E830C0B2984764
:1069C0006278A37821781D48403AD2B2BAE71C48D1
:1069D00021780923FFF74AFFE07820B1164B1B68A6
:1069E000D3F8C0309847032D06D1134B60781B684D
:1069F0000121D3F8D43098470F4B60781B68D3F847
:106A0000C830984721780D4862780023FFF72EFFA1
:106A10006078A178A0F12E03032B02D82638C0B2EB
:106A200002E00F2804D10720BDE87040FFF728BF1F
:106A30000638F4E770BD00BF0001300000C0042438
:106A40000000134600010044000002450018042421
:106A5000F0B5436885B00024B3F1884F0194054632
:106A6000029403940BD0774A934208D0764A93421B
:106A700000F0D180754C181B4442444164009A6870
:106A80000192019A02F00602062A4FEA84742CD180
:106A90005B690293029B990710D56A6913686BB111
:106AA00001215171202098476B6993F82820032A0F
:106AB00004D193F826300BB144F01004029B5A071E
:106AC00007D56A69136823B1012111724FF4007070
:106AD0009847029B1B0740F1A0806A69136823B1A5
:106AE0000121D1714FF480709847019B9E071DD5FD
:106AF0006B691E6910201A6A6968964209D09F69FD
:106B00000138BF5C0F6002F101021A62F3D19642B4
:106B10000CD14A6822F002024A60002283F8262043
:106B20001B681BB144F0010420469847019B58079D
:106B300038D56B691A68002A34D06A685169C90768
:106B400025D511685A69DB69D1546B69DA69D9684E
:106B500001328A42DA611AD169684A6822F0010278
:106B60004A6093F82820023A0021012A197164D85A
:106B700093F8272083F82710022A5ED0032A59D0E1
:106B8000012A01D144F001041B68204698476B6933
:106B90001A683AB1D969DB68994203D044F04004DD
:106BA00020469047019B1A074AD16B689B69039363
:106BB0006B78DB0608D5039BDF0705D56B6944F4CA
:106BC00080641B68204698476B785E0608D5039B57
:106BD000980705D56B6944F400641B682046984704
:106BE000AB78D90708D5039B5A0705D56B6944F4E0
:106BF00000541B682046984795F90130002B1FDA96
:106C0000039B1B071CD56B691B6844F4805005B0BF
:106C1000BDE8F0401847012431E7029BDF067FF50D
:106C200064AF6A691368002B3FF45FAF0121917173
:106C3000802059E744F00404A6E744F00204A3E7E7
:106C400005B0F0BD00010044000002450018042416
:106C500030B504460AB3B0F5E10F1ED8536880255D
:106C6000DD608900B1FBF0F1D3F8C0006FF30500DF
:106C7000C3F8C000002018605860D860DD60C1F320
:106C800087151D60C1F3873501F03F015D60C3F8D2
:106C9000C010D8605369DC6230BD40F20160FBE790
:106CA0002DE9F7434E69DDF8289096F8295015F044
:106CB00001050C46174698466ED1C6E900053572A7
:106CC00086F8265086F824504B68B3F1884F02D0DE
:106CD000354A934212D1354B10229A60344BA26B45
:106CE000DB69019294F834200092D3F8A45094F810
:106CF0003C20002301214FF08C40A84762682D4BB7
:106D00009A4215D103F15F4303F5213310229A60B3
:106D1000274BA26BDB69019294F834200092D3F8E0
:106D2000A45094F83C20012319464FF08C40A8470A
:106D30006268214B9A4210D103F5D8434FF40012F8
:106D40005A641B4B228F1B6A0092DD6994F83C2029
:106D500094F8353019480121A847E3680BB9236935
:106D6000B3B16568B5F1884F08D00F4B9D4205D08F
:106D7000104B9D4202D0104B9D4211D10C4BDB6851
:106D80004A461D680B9B41463846A847C9F8000093
:106D90006369012283F82920002003B0BDE8F08355
:106DA0004FF0FF30F9E700BF0001004400840424E5
:106DB00000013000000002450018042400140424DF
:106DC00038B54368B3F1884F04460D4602D01F4AD8
:106DD000934207D11E4BDB690021D3F8E8304FF016
:106DE0008C40984762681B4B9A4207D1184BDB696D
:106DF0000121D3F8E8304FF08C4098476268164B79
:106E00009A4205D1124B15481B6A0821DB6B984743
:106E1000E3680BB923698BB16368B3F1884F08D07D
:106E20000A4A934205D00B4A934202D00A4A93423F
:106E300009D1074BDB6828465B68984763690020E7
:106E400083F8290038BD4FF0FF30FBE70001004414
:106E5000000130000000024500180424001404243E
:106E600070B50C4615461E4620B1022872D06FF050
:106E7000030070BD91F9080000280CDB4309474965
:106E800000F01F0020330122824041F82320BFF38D
:106E90004F8FBFF36F8FE06862696368B0B192F89B
:106EA00026209AB1B3F1884F0BD03D4A934208D0C7
:106EB0003C4A934205D03C4A934202D04FF0FF3007
:106EC000D7E7007932462946FFF7E6FCD4E9040209
:106ED000636890B1127982B1B3F1884F08D0304A1B
:106EE000934205D02F4A934202D02F4A9342E5D1D4
:106EF000007932462946FFF7CFFC63682B4AB3F18D
:106F0000884F05D026498B4202D026498B421DD19D
:106F10001023D36094F90830002B09DB5A090121B2
:106F200003F01F03994002F160031C4A42F823104A
:106F3000636900225A601A7283F8262093F8292088
:106F400022F0020283F82920002092E74FF4001378
:106F50009364DFE74A6992F82930D907AED513F078
:106F60000203F1D161684B605360137282F82630DE
:106F70004FF44073138594F90830002BE4DB03F0E1
:106F80001F015B099B0003F1604303F5614301228C
:106F90008A40C3F880211A60D6E700BF00E100E014
:106FA0000001004400000245001804240084042469
:106FB0002DE9F04F8FB00DF11C0A06460D469046A4
:106FC00000211C225046DDF864901F460BF060FB48
:106FD000002E00F08D80002D00F08A80D8F814205B
:106FE00092F82930580704D44FF0FF300FB0BDE8B5
:106FF000F08F92F82630002B7DD1012482F82640B4
:10700000D8F80CE013629661D8F804301561BEF12F
:10701000000F59D0B3F1884F099450D0374A9342AA
:107020004DD0374A93424CD0364A9342DCD1224667
:107030000324CDE90C4201210B91DEF80000DEF8BB
:1070400008C007919EF80410BEF800E0CEF3091EB8
:107050006EF30D1000F0070BBBF1020F01BFBA6811
:1070600094686BF302049460274C0EF10102954280
:10707000E26838BF05F1FF3ED2F808B0189ACDF8A3
:10708000149038BFCEF3090E6EF30D10CDE903C294
:10709000CDE9010A009532463846D8470130A3D0E1
:1070A000D8F80C00E3680079DB6839464A4698470F
:1070B000E36849461B6938469847002096E719223D
:1070C000B7E71B220224B4E7596989060ED45A682F
:1070D00042F002025A60F0E74C1C1462715C1960C5
:1070E0000138F4D0116AA942F6D1F0E71020F9E78F
:1070F0006FF004007AE76FF0010077E700010044C9
:107100000000024500180424000130002DE9F04F72
:107110008FB0984607AB81460F46184616460021A9
:107120001C22DDF864A00BF0B3FA0346B9F1000F9E
:107130007BD0002F79D0726992F82910490704D4C6
:107140004FF0FF300FB0BDE8F08F117901296FD0FB
:1071500000250124546015723069D760C2F814907C
:10716000D561726800285BD0B2F1884FCDE9085430
:1071700051D031498A424ED030498A424DD03049AF
:107180008A42DDD10324B0F800B0D0F800C0D0F8B6
:1071900008E0CBF3091BCDE90C456BF30D1C012175
:1071A0000B9107910CF007050021022D0A9101793E
:1071B00001BFD8F80800846865F302048460214C9C
:1071C0000BF101008742E06838BF07F1FF3B85689B
:1071D0001898CDF814A038BFCBF3090B6BF30D1C36
:1071E000CDE903E0CDE901C300974B464046A847EF
:1071F0000130A5D03069E3680079DB68524641462A
:10720000984796F8403023B9E36851461B694046D9
:107210009847002096E71825B5E71A250224B2E71B
:10722000536843F001035360F3E76FF0040089E70C
:107230006FF0010086E700BF000100440000024536
:1072400000180424000130002DE9F3470746DDE96A
:107250000AA8DDF83090084616461D461FB311B344
:107260000AB35B6993F82920520723D595F840406B
:10727000F4B12A7812F0060F1CD0032283F82720DD
:107280003146CDE9008953462A46FFF73FFF60B9F2
:1072900053462A4631463846CDE90A8902B0BDE850
:1072A000F047FFF785BE6FF0040002B0BDE8F0873D
:1072B0002046FAE74FF0FF30F7E74369186A704756
:1072C0004369D869704700002DE9F0471C465B69A7
:1072D000924693F8292080469007DDE908678946A1
:1072E00040F120825FFA88F5A5F11501052900F229
:1072F000D680DFE801F0031929426C94B9F1000F40
:107300000DD002212046FFF7CDFA626992F82930AC
:1073100043F0080382F829300020BDE8F08722F00E
:10732000080283F82920F7E7B9F1000F09D00321FB
:107330002046FFF7B7FA626992F8293043F010034C
:10734000E8E722F01002ECE7B9F1000F0DD093F856
:107350002620002A40F0E9816168CA6842F04002B4
:10736000CA60012283F82620D6E76168CA6822F045
:107370004002CA6083F82690CEE76068426822F037
:1073800002024260D4E90352E2B9B5B10D22826033
:1073900093F826309BB1B0F1884F08D08E4B9842BD
:1073A00005D08E4B984202D08D4B984207D1287958
:1073B0003A463146FFF770FA01E0052383606369BE
:1073C0000022CFE70D228260002DE1D1F7E760684F
:1073D0002569426822F0010242604DB9E3682BB989
:1073E00003238360636900221A7195E70B23F8E792
:1073F0000B2282601B79002BF4D0B0F1884F08D0AB
:10740000754B984205D0754B984202D0744B984208
:10741000E8D128793A463146FFF73EFAE2E762685A
:10742000E068516821F00301516098B193F826306B
:1074300083B1B2F1884F08D0674B9A4205D0674BB1
:107440009A4202D0664B9A4204D100793A463146BC
:10745000FFF722FAD4E90402636840B9E368E3B9AC
:10746000072362689360636900221A717AE71279D0
:107470009AB1B3F1884F08D0574A934205D0574A82
:10748000934202D0564A934207D100793A46314698
:10749000FFF702FA2369002BE0D00F23E1E76A1E11
:1074A000132A00F24581DFE812F03900140047008A
:1074B0005E006F008A004301430143014301430121
:1074C00043014301430143018F0017008A009200EA
:1074D0008A0094F8403013B96FF006001DE7626827
:1074E0003D4B9A42F8D12378990717D501212046C0
:1074F000FFF7D8F963689A6D42F001029A659A6DB8
:1075000042F002029A6594F841109A6D41B342F03C
:1075100010029A659A6D42F020029A6508F4E066BE
:10752000B6F5A06F72D05DD8002E72D0B6F5807F10
:1075300071D06FF00800F0E66268274B9A42CBD119
:1075400023785A07C8D501212046FFF7ABF96368B5
:107550009A6D42F001029A659A6D6FF34102D1E78C
:1075600061F30412D5E721780B07D7D563681A6C4D
:1075700042F001021A641A6C8F074CBF6FF341028C
:1075800042F002021A64C9E76368B3F1884F02D07F
:10759000114A9342A0D12378DE069DD506212046CC
:1075A000FFF780F920460721FFF77CF92378D806FA
:1075B00092D56268136943F040031361AEE7257802
:1075C00015F02005AAD087E783F82490A4E6257853
:1075D00015F04005F6E700BF000100440000024539
:1075E00000180424B6F5C06F17D0B6F5E06FA0D12F
:1075F0000026022708F44053B3F5805F10D0B3F59E
:10760000005F1BD073B16FF0090086E600260027EB
:10761000F0E70327EEE70926F9E700260127E9E767
:1076200047F0180708F44043B3F5804F09D0B3F58D
:10763000004F06D03BB16FF00A006EE647F0080736
:10764000F0E747F0040708F44033B3F5003F2FD0CC
:1076500007D8002B3BD0B3F5803F19D06FF00B005B
:107660005BE6B3F5403FF9D1637803F01803182BBC
:1076700007D104212046FFF715F905212046FFF721
:1076800011F9238803F4C073B3F5C07F0BD0E5E78D
:107690006378190703D505212046FFF703F994F90C
:1076A0000030002BDADA6268136943F022030DE040
:1076B0006378DA0603D504212046FFF7F3F86378F0
:1076C000DB07CBD56268136943F020031361AB1E5F
:1076D000012B05D818F4802F2DD118F4002F2DD1AF
:1076E000D4F80480D8F8103023F01003C8F8103014
:1076F000224651464846FFF7ABFA6369012183F8F9
:107700002850C8F80810C8F80C70C8F8CC60D8F831
:10771000AC2061F3C402C8F8AC2093F8292042F0F1
:107720000402FEE54FF0FF30F7E56FF00100F4E5ED
:107730006FF00300F1E56FF00C00EEE56FF00D0067
:10774000EBE500BF42694368107A5969137981F00B
:1077500080015B00C1F3C01103F002030B435179B8
:10776000C90001F008010B439179090101F01001F2
:107770000B43D179490101F0200180010B4300F056
:1077800040001843704700004B6993F829305B07AD
:1077900032D54B68002B32D0032830D8DFE800F018
:1077A000020B121F4A78120729D51A6922F0020229
:1077B0001A61002070474A78100720D51A6942F0F4
:1077C0000202F5E7B3F1884F02D00E4A934216D178
:1077D0004A78910613D51A6922F00102E8E7B3F15D
:1077E000884F02D0074A934209D14A78920606D5BB
:1077F0001A6942F00102DBE74FF0FF3070476FF08B
:107800000300704700010044024630B55368002071
:107810001BB3516991F8291049071ED5557899690C
:107820009278EB064CBFC1F30013034615F04004F9
:1078300018BFC1F3401412F0010218BFC1F3801247
:107840002D060FD5C1F3C01143EA440343EA810377
:1078500043EAC20363F3070030BD02460146044613
:107860000346F1E70021EFE741F20273984221D08D
:1078700011DC41F2045398421CD005DCF8B1012818
:107880000CBF21200120704741F2017398420CBFC8
:1078900011200120704742F2041398420CD042F2AA
:1078A000061398420AD042F2031398420CBF2120DB
:1078B0000120704721207047282070472B207047F7
:1078C000014BDB695B6E184700013000014BDB693F
:1078D0009B6B184700013000014BDB695B6A18475E
:1078E00000013000484B994270B50C46154600F235
:1078F0008880464B99420AD9454B4FF400125A6290
:10790000444B10229A615A6C42F010025A640128CA
:1079100042D0022861D060BB3F4B404EDB69012161
:10792000D3F8EC30A422084698473D4B9C60FFF703
:10793000D3FF3C4B9D4205D101F036FB736823F425
:10794000404373604FF45943A6F86030324BDB6913
:107950002A469B6821464FF08C40984750B9324BDD
:107960009C420BD8314B4FF40032DA664FF4802240
:10797000DA660020BDE87040FFF776BF2C4B9C42D2
:10798000F7D92A4BDA6E9203F3D44FF480229A6629
:107990004FF400329A66ECE7214B204E5C61FFF712
:1079A0008FFF204B9D4205D101F0FEFA736823F44E
:1079B000404373604FF45943A6F8A030164BDB697F
:1079C0002A469B6D21464FF08C4098470028D1D124
:1079D000592CC7D95A2CD4D1CBE7114B9C61FFF756
:1079E00075FF01F0E1FA0D4B4FF45942A3F8E02086
:1079F000094BDB692A46DB6B21464FF08C409847E8
:107A0000B8E7212070BD00BF0095BA0AFF0D270717
:107A10000000282000800046000130000080184649
:107A2000E0070100005A62027F4A5D0500840424D9
:107A3000BF8C6C051E4B994270B505460E460DD89D
:107A40001C4A536A23F4001353621B4B9A6922F0B9
:107A500010029A615A6C22F010025A6400221146F8
:107A60004FF08C4000F0B2FB0446FFF7FDFE0246EB
:107A7000D8B9D5B1042D13D1104A31460120FFF7F2
:107A800031FF04B22046FFF7EFFE024668B92946EF
:107A90004FF08C4000F09AFBBDE87040FFF7E4BE69
:107AA000022DEFD1054A3146E9E7104670BD00BF0F
:107AB000FF0D27070000282000800046005A6202C0
:107AC00008B501F071FA03214FF08C4000F05EFC24
:107AD00001F06AFA032000F0BFFCBDE8084002494B
:107AE0000220FFF7A7BF00BF0095BA0A044B4FF46E
:107AF0008072DA63034B4FF400629A60704700BFF4
:107B0000008104240000081208B5284B4FF40062DD
:107B10001A60274AD2F88C3743F4004343F08003BD
:107B2000C2F88C37D2F88C375B06FBD5D2F88C279D
:107B3000204BDFED216A9FED216A214902F03F02CF
:107B40001A601A68262A84BF26221A601D4A926883
:107B5000EAB11D48C2F315020260D3ED007A90ED40
:107B6000007AF8EE677AB8EE477A77EEA67A37EEC3
:107B7000267A67EE867AC7EE876AC1ED006AFFF75C
:107B8000B5FF0A4B4FF400625A60086808BDD3ED98
:107B9000007AF8EE677A77EEA67ADFED0C6A67EE88
:107BA000867A87EEA67A81ED007AE8E7000008126F
:107BB00000A005249010010089410B42333353404B
:107BC000881001008C2200008C100100C4A08342A8
:107BD000F0B5A24CA24BA2680578A24E02EA0301BE
:107BE000027802F001020A439F49A2608A6802EA11
:107BF0000304427802F00102920042EA9512224305
:107C00008A600A69457802EA03040278C2F34402F2
:107C10002243964C0A61A26802EA0301827802F0CC
:107C20000302520142EAD5020A439149A2608A68DE
:107C300084781A4042EA94028E4C8A60A268C17825
:107C40001A4001F01F011143A160B268047902EAF1
:107C5000030504F03F04C278640044EAD214C2F37E
:107C6000411242EA84022A43B260834E4579B268E7
:107C700002EA0304027905F07F05920942EA8502CF
:107C800022437E4DB260AA6802EA0304C27902F080
:107C90000F0222437A4CAA60A268C579067A1A407C
:107CA00042EA1512774DA260AA6802EA0304427CF8
:107CB00002F07F022243AA60734DAA6802EA03041D
:107CC000027A02F07F022243AA60704DAA6802EA9B
:107CD0000304427A02F01F02520042EAD612224303
:107CE0006B4EAA60B268857A02EA0304C27A520037
:107CF00042EAD512057B05F0010542EA45222243FE
:107D0000644DB260AA68467A02EA0304827A02F0FD
:107D10007F02D20042EA56122243AA605E4D5F4EB5
:107D2000AA6802EA0304B0F80D202243AA60B268F0
:107D3000457D02EA0304027D05F00F0542EA0522B3
:107D40002243574DB260AA68564E02EA0304427DB0
:107D5000C2F302122243AA60B268C57D477902EAE3
:107D60000304827D05F00F0542EA05222243B2603A
:107D70004D4EC57DB26802EA0304027E120142EA5A
:107D80001512457E05F00F0542EA05322243474DA4
:107D9000B260AA68467E02EA0304827E120142EAC9
:107DA00016122243AA60424DAA6802EA0304B0F800
:107DB0001B202243AA603F4DAA6802EA030482798D
:107DC000560802F00102520042EAD71242EA860245
:107DD0002243847CAA60457C90F8246004F00F0262
:107DE000520052EAD512344D1EBFA9681940114302
:107DF000A960324D1A4AAB6803EA0201437F03F0DF
:107E00000F030B43AB602E4DAB6803EA0201837F87
:107E1000C3F383030B43AB602A4DAB6803EA020153
:107E200090F8253003F007035B0043EAD6130B43B9
:107E3000AB60254DAB6803EA0201C37C03F003038A
:107E40005B0043EAD4130B432049AB608B681A40B4
:107E5000837CC3F3021313438B60F0BD6C230000DB
:107E60000000C0FFF422000058230000402300005F
:107E7000282300001C230000D8220000B0220000AC
:107E8000A422000034230000982200008C2200006D
:107E90008022000084230000682200007422000079
:107EA000E42100005C220000502200004422000077
:107EB00038220000BC220000102300002C22000009
:107EC0002022000014220000FC21000008220000F3
:107ED000FBF768BFF0B5194D194C2B88E5B004F1DC
:107EE0001001002600274FF4C2726846ADF88431B5
:107EF000CDE962670AF0E4FC94E80F0000F0D4FCDE
:107F000062A800F071FD2B78687843EA002000F049
:107F10001BFEDDE9624532463B462046294609F014
:107F200011FB48B1074B00222046294609F0F6FA1A
:107F300010B10020FBF78AFF65B0F0BDD00C000047
:107F40003C0B000000004E4010B50A4A0A4BD2F824
:107F50000815D3F80240E405FBD440EA5110C2F8FA
:107F60000805D3F80220D205FBD4024BD3F808351C
:107F700010BD00BF00A005240000052410F4405FE0
:107F80000F4B0BD0D3F8042522F48012C3F804253C
:107F9000D3F8042522F40012C3F80425D3F80825E9
:107FA000084BD3F80210C905FBD4C04300EA5210B5
:107FB000034AC2F80805D3F80220D205FBD4704763
:107FC00000A00524000005240D4A0E49D2F8103502
:107FD000013823F0030310B5C0B2C2F81035D1F850
:107FE0000230DC05FBD4D2F8104501238340234343
:107FF000C2F81035D1F80230DB05FBD410BD00BF4C
:1080000000A00524000005242DE9F04F88B3056881
:108010007DB3002100F1040C01275CF831600131CF
:1080200050F83130C3F38454C4EBD3620132162AC2
:108030001FD84FF00009D6F80080A646CA46224451
:1080400007FA0EFB0EF1010E28EA0B08724507FA3B
:1080500009FB4AEA0B0A09F10109F1D803EA0A030C
:10806000A34043EA0803A9423360D6D10020BDE80B
:10807000F08F0120FBE7F0B500B30768F7B10025EA
:108080004FF0010C013550F83530C3F38454C4EB84
:10809000D3620132162A11D800210E4622440CFA6E
:1080A00001FE013146EA0E0604EB010E7245F6D8D8
:1080B000BD42E7D103EA0600A040F0BD0120FCE785
:1080C000024A93689B0D9B0593607047E421000072
:1080D000034AD2F8383723F00403C2F83837704720
:1080E00000800524064B074A996C0748DA6202298A
:1080F000D96C08BF1A60022908BF5A60FFF784BF15
:10810000E00701000048E80140230000024B034A59
:1081100003485A63FFF778BFE00701000048E80111
:1081200028230000064B074A996C07481A63052963
:10813000D96C08BF1A60052908BF5A60FFF764BFF1
:10814000E0070100002D310198220000034B044894
:108150004FF4FA421A62FFF757BF00BFE007010071
:108160001C230000034B04484FF4FA425A62FFF705
:108170004BBF00BFE0070100BC2200000148FFF731
:108180007ABF00BF742200000148FFF774BF00BF30
:108190005C2200000148FFF76EBF00BF50220000C4
:1081A0000148FFF768BF00BF442200000148FFF705
:1081B00062BF00BF382200000148FFF75CBF00BF6C
:1081C0006822000001B108477047000010B5002880
:1081D00052D03E2A50D82B4BDB689C0748BF520830
:1081E000052949D8DFE801F003481B26313C836AA2
:1081F0006FF303038362244B1B6824490B60846D77
:10820000E405FCD5846A62F30914846212B1B3FBFD
:10821000F2F30B601C4B0A68DA60002010BD836D1E
:108220009B062BD5836A022161F303038362164BFD
:108230009B68E2E7836D5C0620D5836A032161F3C6
:1082400003038362104B1B69D7E7836D190715D5AC
:10825000836A042161F3030383620B4B5B69CCE700
:108260000B4B5B6A5B0709D5836A052161F3030346
:108270008362054B9B6BC0E70120CFE741F20170A1
:10828000CCE700BF00860424E007010030080100AD
:108290000014042407B50B46114606281ED8DFE853
:1082A00000F00421333B47586400364A106A40020C
:1082B0005EBF106A40F48000106213B90A20FFF715
:1082C00081FF314BD3F81C2122F08012C3F81C210E
:1082D000D3F81C2142F00122C3F81C21002003B076
:1082E0005DF804FB274A106A800207D4106A40F444
:1082F00080101062106A40F400101062002BEDD163
:108300000A20FFF75FFFE9E71E4A106AC002F5D4B2
:10831000106A40F48010F0E71A4A106A00035EBF4A
:10832000106A40F400201062002BD7D10220E8E749
:10833000144B1A6A5203D1D41A6A42F480221A6288
:108340004FF4FA700191FFF73DFF019940F2DC50C4
:10835000D7E70C4A106A80035EBF106A40F4003011
:108360001062002BBAD1FA20CBE7064A106AC0038C
:108370005EBF106A40F480301062002BAED19620B0
:10838000BFE700BF008104240080042410B5044628
:10839000002858D00139052955D8DFE801F003132A
:1083A0001D273445294BD969012262F30201D961A5
:1083B000274B9A645B6C264A1360A36D002BFCDA92
:1083C000002010BD214BD969022262F30201D9615C
:1083D0001F4B9A64DB6AEEE71C4BD969032262F3F8
:1083E0000201D9611A4B9A64DB6BE4E7194B402216
:1083F0009A83164BD969042262F30201D961144BA6
:108400009A641B6CD7E7114B1A6AD2025EBF1A6AD4
:1084100042F480121A62D969052262F30201D9611D
:108420000B4B9A641B6BC6E7012100220846FFF73D
:1084300031FF064BD969062262F30201D961044B70
:108440009A645B6BB7E70120BBE700BF008104249F
:10845000E007010000801341013808B5052850D815
:10846000DFE800F003101A243140274BD9690122BC
:1084700062F31241D961254BDA645B6C234A002018
:10848000536008BD204BD969022262F31241D961C1
:108490001E4BDA64DB6AF1E71B4BD969032262F3F6
:1084A0001241D961194BDA64DB6BE7E7184B4022C4
:1084B0009A83154BD969042262F31241D961134B97
:1084C000DA641B6CDAE7002201210220FFF7E2FEEA
:1084D0000D4BD969052262F31241D9610B4BDA6465
:1084E0001B6BCBE7012100220846FFF7D3FE064BAA
:1084F000D969062262F31241D961044BDA645B6BDD
:10850000BCE70120BDE700BF00810424E0070100B3
:108510000080134141F20273984221D011DC41F2F4
:10852000045398421CD005DCF8B101280CBF21206F
:108530000120704741F2017398420CBF11200120C5
:10854000704742F2041398420CD042F2061398424C
:108550000AD042F2031398420CBF21200120704739
:1085600021207047282070472B2070470378012B6B
:1085700006D84378013B0F2B94BF00202120704781
:1085800021207047002370B5194600F1F2041A4605
:1085900034F8026FDDB2013336B10132D2B2012AB2
:1085A00001D99A420BD12946102BF1D11A4B1B78D5
:1085B000934204D1012A04D10378994202D02320A6
:1085C00017E00023C2185278012A22D800EB83005A
:1085D0004369D3B1114A934219D8D0F81431104AE3
:1085E000934207D9D0F854010E4B98428CBF2120FA
:1085F000002070BDB3F53D3F0BD8D0F85431B3F532
:108600003E3F34BF00202120F3E72D20F1E7282052
:10861000EFE72120EDE700BF94100100A025260020
:10862000FFFF0524001B062411B1042900D0704768
:10863000014B1B68184700BF9810010007B50023C5
:108640000193FFF761FA01909DED017ADFED067A63
:10865000B4EEE77AF1EE10FA02D50448FFF7D4FC45
:10866000019803B05DF804FB9A991940CC240000EE
:1086700084B010B52DED028BE4B068AC84E80F0037
:10868000CDA89DEDCE8AFFF771FF00284CD1334B6A
:108690009DF835431C7068A8FFF774FF002843D18C
:1086A000012C08BF9DF8A0019DF8342368AB03EBB3
:1086B0004000012AB0F8F43003D1012B3BD02B202D
:1086C00032E0013B9BB240F2FE318B42F7D892BBC5
:1086D000012C30D9224B62934FF4C272BDF834336F
:1086E000ADF884316CA968460AF0EAF868AB0FCBA4
:1086F000FDF784F9FFF70EFFB0B9FFF79FFFDFED3D
:10870000197AB4EEE78AF1EE10FA014624D4DFEDCF
:10871000167AB4EEE78AF1EE10FA1DDC18EE100AB4
:10872000FCF7CEF8FFF7F6FE64B0BDEC028BBDE8B7
:10873000104004B070470A4B62936CA9BDF8343303
:10874000ADF884314FF4C27268460AF0B9F868ABEC
:108750000FCBFDF7F3F9CDE72120E5E794100100F9
:10876000299620086666E63F6666664084B000B5D6
:10877000E3B00DF5C87C8CE80F00C9A8FFF7F6FE42
:10878000D0B964A8FFF7FEFEB0B99DF82423BDF868
:108790002433B2B99DF82523012A12D94FF4C272AD
:1087A00068A96846ADF884310AF08AF864AB0FCB4B
:1087B000FDF7BCFBFFF7AEFE63B05DF804EB04B061
:1087C000704768A94FF4C2726846ADF884310AF068
:1087D00077F864AB0FCBFDF745FDEBE7034620B11F
:1087E000044A106818B913607047222070470420AB
:1087F000704700BF9810010008B50348FDF7FCFE64
:10880000BDE80840FFF786BE0038042407B5ADF880
:10881000040001A8FFF7AAFE20B90198FCF762FB4B
:10882000FFF778FE03B05DF804FB07B5ADF8040070
:1088300001A8FFF79BFE20B90198FDF795FAFFF715
:1088400069FE03B05DF804FB07B5ADF8040001A8AC
:10885000FFF78CFE20B90198FDF73AFBFFF75AFEAF
:10886000024B00221A6003B05DF804FB981001006F
:10887000042902BF014B01221A707047A4100100A5
:10888000437853B94269074B9A4208D8B0F8F4309C
:10889000012B14BF2B200020704721207047282077
:1088A000704700BFA025260084B000B5E5B00DF5E7
:1088B000CC7C8CE80F009DF82C33012B34D19DF833
:1088C0002D33013B0F2B2FD86046FFF7D9FF30BB6C
:1088D000164B62934FF4C272BDF82C33ADF884315D
:1088E0006AA9684609F0ECFF66AB0FCBFFF7C0FE44
:1088F000A8B9BDF82C33ADF884314FF4C2726AA91F
:10890000684609F0DDFF66AB0FCBFFF72FFF30B9EC
:108910000748FFF763FF10B9CB98FFF777FF65B003
:108920005DF804EB04B070472120F8E73D0A2740CA
:108930007198200884B000B5E3B00DF5C87C8CE8D0
:108940000F0014238DF8E4316046104B8193FFF73C
:1089500097FFA8B901460E4A0E48FDF724FF0E4BBB
:108960004FF4C2721B88ADF8843168A9684609F0DB
:10897000A7FF64AB0FCBFFF7F9FE003818BF01204B
:1089800063B05DF804EB04B0704700BF00004C42D8
:10899000180B0000143A0424D00C000084B000B579
:1089A000E3B00DF5C87C8CE80F006046FFF768FF68
:1089B00098B9FFF721FF80B917238DF8E431094BEF
:1089C0004FF4C2721B88ADF8843168A9684609F07B
:1089D00077FF64AB0FCBFFF7C9FE63B05DF804EB24
:1089E00004B07047D00C00002DE9F0432DED028B50
:1089F0000646E3B0002800F092804A4D4FF4C27260
:108A000005F11001684609F05BFF95E80F00FFF7DC
:108A100091FF2F460446002873D1434B1A7862B168
:108A200018706A7841480121FDF7A4FE07EE900A0C
:108A30003F4BF8EEE77AC3ED007A3E494FF4C2723D
:108A4000684609F03DFF97E80F00FFF7A7FF0446CF
:108A5000002856D1DFF8D490374F4FF00A086A78D3
:108A600000214846FDF786FE07EE900A08F1FF3820
:108A7000F8EEE77A18F0FF08C7ED007AEFD10205AB
:108A800045D520F400631B041B0C07EE903AF8EE6A
:108A9000E77AC7ED007AFFF783FB08EE100AFFF7CD
:108AA0006DFB08EE900AFFF787FB214B97ED007AEC
:108AB000D3ED007ADFED216AB8EE488AC0F5707018
:108AC00037EE487A77EEC87A0130C7EE275A07EEBC
:108AD000900AF8EEE77AF8EE688A87EEA67A88EED2
:108AE000A66AF0EE477A45EE867ADFED156A9FEDCD
:108AF000157A17EEA67A17EE100A08F03BFAC6E9C7
:108B00000001204663B0BDEC028BBDE8F08340F469
:108B100000631BB207EE903AF8EE677AB9E72224B9
:108B2000EFE700BF3C0B0000A41001000038042454
:108B30009C1001004C0B0000A010010000007A44C2
:108B400000009B430080884307B5ADF80400C0B225
:108B5000012816D19DF80530013B0F2B11D80A4B87
:108B60005B68DB0705D4019803B05DF804EBFFF701
:108B70006BBE0198FFF759FE0028F4D003B05DF8F2
:108B800004FB2120FAE700BF00380424F8B504688C
:108B9000012C054622D8124E56F8242042B15368C3
:108BA00010498B4204D010498B4201D01120F8BDEE
:108BB0000E4B0F49DB680F481F680F4B51F824100C
:108BC00053F8243050F82400B8472B6846F82400A6
:108BD00056F82330002BE9D00020E8E72120E6E713
:108BE000B815010000000344008007240001300094
:108BF000D40C0000DC0C0000E40C0000F0B529B13E
:108C0000012803D80B6818B9202B0CD921202AE0A1
:108C10000C2BFBD8012AF9D82C4C6468002C51D0BD
:108C200073BB0C2707E0012AF0D8284C2468002CDD
:108C300048D02BBB20270125254C264BAC46A8B994
:108C400026792EB90D60C4E90200226084F804C0C0
:108C50000E6836BBBD4205F1010604F1180403F1AC
:108C6000180301D14620F0BD3546E8E71E79002EF5
:108C7000EED10D60C3E902661A6083F804C0E7E72D
:108C8000013B182578B9124C6B43E6183679DEB9EA
:108C9000E2500B68013B05FB0343C3E902000122DC
:108CA0001A710020DFE70B486B43C41824795CB9C4
:108CB000C2500B68013B05FB03030122C3E90244D8
:108CC0001A71EEE71120CEE74520CCE7B815010078
:108CD000C8110100A8100100012810B503D811B176
:108CE00018B9202909D9212016E00C29FBD8C2B1D6
:108CF0000D4B5B688BB911200EE092B10A4B1B68DB
:108D0000002BF8D01068094B0139182404FB0133FB
:108D100098605268DA60002010BD1068044B013979
:108D2000F3E72220F8E700BFB8150100C8110100E1
:108D3000A8100100012830B536D8002934D0E8B990
:108D4000202931D8531E022B2ED8194B53F820302E
:108D500063B302F00203D20721D54C1E182578B95F
:108D6000144A05FB0422906033B1124B01391822DA
:108D700002FB01310023CB60002030BD0C29E0E76D
:108D80000D4A05FB042200209060002BF4D00A4B12
:108D90001822013902FB01330022DA60ECE7002BD4
:108DA000EAD00028E1D0F2E72120E6E71120E4E74D
:108DB000B8150100C8110100A810010008B572B66D
:108DC000012809D1202000F031F80F4AD2F8703183
:108DD0009806FBD462B608BD022808D1402000F0F6
:108DE00025F8094AD2F870315906FBD4F2E7032876
:108DF000F0D14FF4807000F019F8034AD2F87031C6
:108E0000DB05FBD4E6E700BF00800046054B0648C3
:108E10000422C3F86C2100684FF0FF3300220221C6
:108E2000F9F753B900800046C4150100014BC3F89F
:108E30006C01704700800046014BC3F87801704711
:108E400000800046064B0748196810B502F0FCFB8D
:108E5000044618B94FF4806002F0EEFB204610BDC6
:108E6000C8150100CC15010037B52A4CD4F8803163
:108E70005D070DD5284B02211868F9F7CAF80423BD
:108E8000264AC4F88031C2F89030002003B030BDCB
:108E9000D4F88031980705D5FFF7D4FF0028F5D125
:108EA0000223EDE7D4F88031D9050DD54FF4807554
:108EB000C4F878514FF4804002F0BEFB174BC4F861
:108EC0008051C3F89050E0E7D4F880319A0604D579
:108ED0000220FFF773FF2023D2E7D4F880311B066E
:108EE00004D50320FFF76AFF8023C9E7D4F8803157
:108EF00013F0100304D00120FFF760FF1023BFE739
:108F00000093074A074908484FF49D73FAF7A8FEF3
:108F100000BEBAE700800046C4150100000005410C
:108F2000E88521082C852108C5852108024B5B684E
:108F3000DBB203800020704700000541064BD3F8E8
:108F4000742142F00102C3F87421D3F8742112078E
:108F5000FBD50020704700BF00800046034AD2F8CE
:108F6000743123F00103C2F8743170470080004669
:108F70000B4BD3F8742142F00102C3F87421D3F8EB
:108F800074211207FBD5C3F86C01D3F8802110427D
:108F9000FBD0C3F88001034BC3F89000FFF7DEBF9E
:108FA000008000460000054110B5114C23786BB9D4
:108FB000104AD2F880319B0509D54FF40073C2F8EE
:108FC00080310D4AC2F890300123237010BD02F0A9
:108FD000B3FE40B14FF40070FFF7CAFF4FF40060DA
:108FE000FFF7C6FFF0E7054B01221A70ECE700BF60
:108FF000C01501000080004600000541C1150100B8
:1090000008B5074B1B784BB14FF40070FFF7B0FF6A
:10901000BDE808404FF40060FFF7AABF08BD00BFDD
:10902000C1150100FFF720BF10B5034C206810B92F
:10903000F8F7D9FF206010BDC415010008B5FAF794
:109040003BFF1849184AD1F8FC3043F08073C1F84F
:10905000FC30136843F001031360144B4FF47A7231
:109060001B68B3FBF2F3013BB3F1807F09D24FF0F1
:10907000E0225361FC2381F823300023936107230E
:109080001361084B1C2283F82320094BD3F8742169
:10909000D20742BFD3F8742122F00102C3F8742131
:1090A00008BD00BF00ED00E0001000E03008010046
:1090B00000800046244BD3F8742170B50E4611078A
:1090C0005CBFD3F8742142F0010205465ABFC3F8D1
:1090D000742101240024D3F874211207FBD58CB12C
:1090E000204600F0CBF800F0DDF800F079F9164BDF
:1090F000D3F86C319B0701D400F05AF8F8F77AFEE8
:1091000000200EE000F0FAF843B2002B0EDA13F163
:109110000C0FF7D00733F5D01C30C0B21C2801D992
:10912000012070BD094B53F82000FAE7314628466C
:1091300000F006F91C30C0B21C28F1D8034B53F8DC
:1091400020000028CCD0ECE70080004600862108F3
:10915000B0F1005F70B518D10C4C0D4823680422A3
:109160005D6C00210623A847236809485D6C052231
:1091700006230021A847236805485C6C0022A4460A
:109180000623BDE870401146604770BD0001300005
:1091900000C0042410B5054B00244FF48070C3E9CF
:1091A0000044FFF749FE204610BD00BFCC1501006A
:1091B00013B50023ADF80630184BD3F86C4114F00A
:1091C000020427D116484FF47A734FF4CA62012182
:1091D00000F0C2FA30B1134A134914485223FAF787
:1091E0003FFD00BE0E4B0DF106021868002100F095
:1091F000FFFA0F4B102200F5A000186010449A806F
:1092000098604FF4C86202209A81FFF70FFE204653
:1092100002B010BD6FF00104F9E700BF0080004606
:10922000C815010084872108748621080787210852
:10923000D41501000146014802F00BBACC1501001B
:1092400008B5074B00F5A000186001F5A00110203B
:10925000988099609A81FFF7D9FD002008BD00BF72
:10926000E415010008B50220FFF7E6FDFFF7A0FFB7
:10927000BDE80840022000F0ADB80000064B38B948
:10928000064AD269D20703D45A6B12F4204FFBD19D
:10929000034A5A63704700BF0000054100000812EE
:1092A000E4150100014B024ADA65704700000541F0
:1092B000D415010008B50A4AD2F874311B07FBD552
:1092C000084A09490948CA23FAF7CAFC6420F8F792
:1092D0007CFE074B074A5A63074ADA6508BD00BFA0
:1092E000008000465E87210874862108398721089E
:1092F00000000541E4150100D415010082B00023EF
:1093000001930E4BDB6B9AB272B103F47F42B2F55C
:109310002B4F0CD1DBB2F12B0CD0F22B14BF002061
:109320006FF0090002B070476FF00600FAE76FF0C7
:109330000B00F7E76FF00800F4E700BF00000541FD
:1093400030B585B000234B280093214A01931ED1EC
:109350004AF24B0343EA0123536300221C4D00925F
:109360004FF6FE7140F42B40009B5C1C8B42009436
:1093700003D80292AB8F8342F6D100984FF6FE736A
:1093800098424FF0FF30D8BF002005B030BD4128D3
:1093900011D14AF2410343EA0123536300230393AB
:1093A0000B4B93F83C30232B0FD0F32B14BF002032
:1093B0006FF00400E9E740F42B43536300F0BF0370
:1093C000312BEBD04A28E9D0C7E76FF00D00DCE77E
:1093D00000000541014BC3F87C0170470080004646
:1093E000094BA622C3F87C21D3F8742142F0020273
:1093F000C3F874214FF0E0234FF48062C3F80821D2
:10940000142283F84A2470470080004600220B464D
:10941000114601F072BB000030B585B01446089DBE
:10942000019300F0D3FE019938B900F0DBF809236D
:1094300003604FF0FF3005B030BD19B900F0D2F82D
:109440000E23F5E7A4F11403212B00F2C080DFE81E
:1094500003F011BEBEBE31743FBEBEBEBEBEBEBEB8
:10946000BEBEBE5446BE38BE5C646C778A8F98819F
:109470008FADB6BAD1E900432CB923B1B3F57A7FE9
:1094800038BF4FF47A734FF47A72B3FBF2F3C4EB44
:10949000441204EB820403EBC403022D2A46ADF808
:1094A0000E3028BF02220DF10E01183009F008FA23
:1094B0000020C0E7012D2A4600F1160028BF012236
:1094C000F4E7022D2A4600F11C0028BF0222EDE736
:1094D000022D2A4600F1140028BF0222E6E70B689D
:1094E000802B03D000F07EF81623A1E7D0F860317E
:1094F00043F08003C0F86031DAE70B68012BF1D14B
:10950000D0F8603143F00103F4E70B68052BE9D193
:10951000D0F8603143F00503ECE70B68112BE1D183
:10952000D0F8603143F01103E4E70B68092BD9D17F
:10953000D0F8603143F00903DCE70B78C376B7E776
:109540000B78042BCED190F8883143F0040380F8D7
:109550008831ADE70A6840F201139A42C2D1D0F8CF
:1095600060311343C6E70B78022BBBD883769FE7A5
:109570005A3000F0DDFE00289AD000F033F80C23BA
:1095800056E70A68531E1E2B08D81A4206D1042D2E
:109590002A4600F5B27028BF042287E70E4A0F4919
:1095A0000F484FF48073FAF75BFB9BE70B88B3F52A
:1095B000005F97D1D0F8603143F400539AE70A88EE
:1095C00042F20403C9E70A8842F20803C5E700F043
:1095D00009F82A232CE700BFA78821089C872108C7
:1095E0003888210808B500F019F8034A034B002811
:1095F00014BF1046184608BDF4150100F8390000E4
:1096000000207047704708B5FFF70EFD002008BD29
:10961000002070477047704770477047034B586889
:10962000C0F30800003818BF0120704700ED00E0CB
:1096300073B5044600283CD0204B82789A7042785B
:109640005A7002781A70F8F7E1FAA278092A0346EC
:1096500005D96278092A02D92278092A0BD8184636
:10966000F8F7D8FA1648174A1749D623FAF7F8FA3E
:10967000212002B070BDF8F7CDFA62782578134B3F
:109680001544A2781C601544A3686468EDB204FB1D
:1096900005F633B9304607F0BDFF0D4A03461060AA
:1096A00048B10C4800962A46A1B2F8F7E6FA002025
:1096B000DFE72220DDE71920DBE700BFF815010016
:1096C0004C892108E4892108BB882108041601007F
:1096D000001601000816010038B5F8F7CDFB044666
:1096E000F8F794FA164A002312F8015B7DB1F8F7F7
:1096F00091FA204601F09AFFB0F57A7F15D3114810
:10970000114A12496323FAF7ABFA012038BD01333D
:10971000042BE9D10E4CF8F77DFA206858B90D4BAF
:109720000020C3E900009860F0E70220F8F74DFC44
:109730000028D5D0E3E707F075FF2560EFE700BF0D
:10974000FC15010083892108BF892108BB882108F5
:1097500000160100081601002DE9F0470C46984656
:109760000546002837D0F8F787FB1D4FDFF87CA0AF
:1097700081460226F8F74AFA3A5D1AF804309A420E
:109780001AD2F8F747FA1748F8F795FA2860A8B1FF
:109790002B6813B3144A1C721268526800250C3AE5
:1097A0005A601D60F8F732FA3B5D01333B55F8F71C
:1097B00031FA2846BDE8F087F8F72CFA3046F8F77A
:1097C00004FC312E484694BF7600322601F02EFF6D
:1097D0004045CFD9DCE72120ECE71920EAE700BFBC
:1097E000FC1501000816010004160100F81501001F
:1097F0004368994205D20AB15B1A13800C310844C0
:10980000704700207047000010B5044678B101464B
:109810000748F8F762FA247AF8F7F8F9054A135D71
:109820000BB1013B1355BDE81040F8F7F3B910BD7B
:1098300008160100FC15010008B578B171B14B881C
:109840000BB9002008BD0A88042A0EBF134608235E
:1098500010220374043109F033F8F2E74FF4356055
:10986000F0E7E0B1D9B10388442B0ED005D8292BFD
:109870000FD0412B0FD001207047AA2B03D0EF2B24
:109880000BD0A12BF7D1042300E001230B700020A3
:1098900070470023FAE70323F8E70223F6E72220C4
:1098A0007047037C042B08D1431E033013F8012FAB
:1098B0006AB98342FAD101207047082B07D1431EB1
:1098C0000F3013F8012F12B98342FAD1F3E70020C9
:1098D0007047000010B518460C4604F0DFFD204626
:1098E000024ABDE81040002103F0D0B991E62008FB
:1098F00008B504F0D9FDBDE8084003F03BBC00000A
:1099000070B5A0F10803012BA6B005460E4638D865
:10991000FF2904D101A904F0D3FE26B070BD01AA2D
:1099200004F0CCFC0028F8D19DF8283013F0FD0F8E
:1099300020D0032B20D0042B0CBF0D240024124A6E
:1099400001A9204603F03AFD0028E6D1082D0F4B6F
:1099500014D11C70014611A800F0B6FA0028DCD121
:109960000B4B9DF844201A70314601AA284604F09A
:1099700085FCD2E70524E2E70924E0E75C700221D8
:10998000E9E72120C9E700BFC0D401001616010095
:1099900014160100FFF79EBF03F0ECBB30B5A0F139
:1099A0001003012BA5B004460D4633D86A4604F0D7
:1099B00085FC98B99DF8401001292DD1102C0FD1AC
:1099C00010A800F081FA48B9144B9DF840205A7055
:1099D00029466A46204604F051FC18B125B030BD36
:1099E0000321EDE79DF8283013F0FD0F0ED0032B77
:1099F0000ED0042B0CBF0E200020094B102C694602
:109A00000CBF1870587003F0ADFAE7E70620F4E7D2
:109A10000A20F2E72120E1E72320DFE71416010006
:109A200018160100F0B500229BB006460846114604
:109A3000FFF7DEFE858904460DB145F48035394BCC
:109A4000394F19782A460020F8F712F9112200211F
:109A500001A808F01DFE5022002106A808F018FEFB
:109A60003B68002B5AD0042E52D8DFE806F01003D2
:109A70001010130004F1100101A8FFF7DDFE01AA88
:109A80003F68238829463046B847002047E004F164
:109A90001002F5E702238DF818306388A12B2AD134
:109AA00008238DF819300DF12C0C04F1140304F186
:109AB000240E18685968624603C2083373459446F9
:109AC000F7D10DF13C0C04F1340E18685968624668
:109AD00003C2083373459446F7D10DF14C0C04F1E1
:109AE000440E18685968624603C2083373459446A9
:109AF000F7D106AAC4E704238DF81930D4F816303C
:109B00000893D4F81A300A93D4F81E300993F0E77A
:109B1000064A074907486823FAF7A2F801201BB054
:109B2000F0BD00BFF70C00009C1B0100C48A210897
:109B3000048A2108A38A21087FB54A88A2F162031A
:109B40009BB2122B06460D4612D90AB1AB2A14D18C
:109B5000AC890CB144F48034134B224619780020B0
:109B6000F8F786F8F1682A46204600F06BFD04E01D
:109B70000E4A42FA03F3DB07EAD50DF10F01A81CE8
:109B8000FFF76FFE68B99DF80F3009490948009347
:109B9000094ADF23FAF764F831689DF80F00FFF7F0
:109BA00041FF04B070BD00BFF70C0000FEFBFBFFDF
:109BB000DD8A21087D8B2108A28B210870470000D7
:109BC0002DE9F843154E07460D46904600244FF008
:109BD000060956F8041BC9B1CB7E434516D12A7C31
:109BE000042A0EBF403110224431284608F026FDD9
:109BF00060B93946204601F02FFF60B9204602F0D7
:109C00002FF840B956F8043CA3F858900134E4B258
:109C1000142CDED10020BDE8F88300BF341601000B
:109C2000F0B587B000210446112201A808F030FDEC
:109C300002F060F9A379A0F109014D424D41D80726
:109C40000FD504238DF8143001A8D4F80730019300
:109C5000FFF727FE28B92A4601A940F62830FFF76A
:109C6000AFFFA3799A0719D508238DF8143001AEF8
:109C700004F10B0304F11B0718685968324603C24C
:109C80000833BB421646F7D101A8FFF70AFE28B9F0
:109C90002A4601A940F62830FFF792FFA3795B0717
:109CA00018D508238DF8143001AE04F11B032B34B2
:109CB00018685968324603C20833A3421646F7D1E2
:109CC00001A8FFF7EEFD28B92A4601A940F6283081
:109CD000FFF776FF07B0F0BDF0B59FB004460F4622
:109CE000164600213B220FA808F0D2FC00212522B5
:109CF00005A808F0CDFC734B00211B7804913EB100
:109D000046F08046002B00F0DA8044B9212503E0BC
:109D1000002B14BF2125112528461FB0F0BD637804
:109D20005A0740F1C2803B220FA808F0B1FC23780B
:109D30008DF86870012B01BFA368CDF83D30236911
:109D4000CDF8413013BF0923E368CDF845308DF8D5
:109D50003C3063689BB19DF83C2042F003028DF8D3
:109D60003C2003F11C010DF1490253F8040B42F8A9
:109D7000040B8B42F9D1198811809B789370B4F849
:109D80004430ADF86D30B4F84830ADF86F30B4F809
:109D90004630ADF87130B4F84A30ADF8733094F80D
:109DA0004C308DF8753094F84D308DF8763004AB2A
:109DB00002930023CDE900630FAA3B230221412037
:109DC00002F0E2F90546002875D1024601460498E2
:109DD000FFF70EFD2378022B08D1D0F81630A360D0
:109DE000D0F81A302361D0F81E30E3600498FFF7F2
:109DF0000BFD63781B078FD52422002105A808F0EE
:109E000047FC4023ADF8163023788DF83870012BCD
:109E10004DD104F1240306AD04F1340718685968E4
:109E20002A4603C20833BB421546F7D10AAD04F1F6
:109E30004407186859682A4603C20833BB421546CE
:109E4000F7D104AB02930023CDE9006305AA2523D3
:109E50000221902002F098F9054660BB02460146B7
:109E60000498FFF7C5FC04F1140200F1140300F19B
:109E7000240153F8046B42F8046B8B42F9D104F1CE
:109E8000240200F1340153F8046B42F8046B8B4256
:109E9000F9D13434443053F8042B44F8042B834272
:109EA000F9D10498FFF7B0FC36E72125A1E7092393
:109EB0008DF81430C5E704980028F3D12CE711255C
:109EC0002AE700BF981801004FF00042FFF704BFD7
:109ED0000439092945D8DFE801F0101E232F054475
:109EE0004444343C431F012B3DD900F47F40B0F57E
:109EF000007F14BF002005207047052835D000F4EE
:109F00007F40B0F5807F32D0B0F5007F08BF0620DB
:109F100018BF00207047052814BF0020212070477B
:109F2000052826D000F47F40B0F5807F23D0B0F51F
:109F3000007F08BF0720EBE7421F5042504140001E
:109F4000704700F47F40A0F5807358425841C0002C
:109F5000704700F47F40B0F5807F14BF00200920D7
:109F60007047002070473120704701207047032060
:109F7000704711207047042070472DE9F0411E46BC
:109F8000A1F10C03012B0446174603D840F6E873F1
:109F90009E421CD82046FFF79BFFFF2C05460FD999
:109FA000E4B200231A462146284602F0B7F978B9F0
:109FB00033463A4621462846BDE8F04102F0AEB9A4
:109FC000053C012C4FF0FF3498BF0024E8E7212026
:109FD000BDE8F08110B5094B1B78834204460BD9CC
:109FE000F7F71DFE064B24B21B68002203F834204D
:109FF000BDE81040F7F719BE10BD00BF28160100DC
:10A000002416010048B34B8803604A7F0B7F43EA64
:10A01000022343844A790B7943EA0223C3878B7D69
:10A02000CA7D43EA02238383052380F858300B88D6
:10A03000102B0CD1182380F83D308B1D4430163185
:10A0400053F8042B40F8042B8B42F9D170470223BC
:10A0500080F83D30D1F806300364704738B5164DAE
:10A060000446286890B1154D286818B9F7F7BBFF6A
:10A07000286080B1124D286818B9F7F7B4FF28603E
:10A0800048B1104D286840B1002005E0F8F763F8AA
:10A0900028600028E7D1012038BD631E092BFBD8BA
:10A0A000094B082120461C7007F098FA2860B0FA86
:10A0B00080F04009F0E700BF2C16010020160100D7
:10A0C0001C160100241601002816010010B50F4CC3
:10A0D000206818B1F8F7C3F8002323600C4C2068FF
:10A0E00018B1F8F726F8002323600A4C206818B14D
:10A0F000F8F71FF800232360074C206818B107F019
:10A1000091FA00232360002010BD00BF2C1601002F
:10A11000201601001C1601002416010070B5094C20
:10A120000023062554F8042B32B1D67E864204BFA4
:10A1300082F8585082F859100133DBB2142BF1D158
:10A14000002070BD3416010038B5C3690D46D1F842
:10A15000701143F002030446C36161B10A7852B141
:10A160000331533008F0ACFBD5F870311B78234431
:10A17000002283F85320D5F8701179B14A786AB17A
:10A1800011F8033B04F12000194408F099FBD5F8BD
:10A1900070315B782344002283F82020D5F8703199
:10A1A00093B19A7882B119465B7811F8030B034496
:10A1B000194404F2A31008F083FBD5F870319B78A2
:10A1C0001C44002384F8A33138BD000013289ABF33
:10A1D000024B53F820000020704700BF34160100E6
:10A1E000F8B5064609B1002008600AB100201060E9
:10A1F0000BB1002018600024254601272046FFF7F8
:10A20000E5FF8646D8B161B10368706807FA03F3C9
:10A21000034206D00B6807FA04FC43EA0C030B6008
:10A22000013562B1DEF80030F06807FA03F303424B
:10A2300005D0136807FA04F00343136001350134B5
:10A24000142CDBD12846F8BD38B50546FFF7BEFF14
:10A25000044658B1D0F8800108B1F7F76AFF2046EC
:10A2600007F0E0F9024B002243F8252038BD00BF7B
:10A2700034160100F0B50F4E05461424002056F8A0
:10A28000043B7BB11F68AF420CD193F858708F42EA
:10A2900008D0571C02D0DF68974203D193F8AD0174
:10A2A00028B91846631E13F0FF04E8D1F0BD184624
:10A2B000FCE700BF341601002DE9F0470E46DFF839
:10A2C0006C804FF0FF310024046007463160D8F8FD
:10A2D0000000F7F77DFF144B9A4653F8049BB9F141
:10A2E000000F08D00134142CF7D1D8F80000BDE8D5
:10A2F000F047F7F792BF4FF4F07007F08BF94AF888
:10A30000240005460028F0D04FF4F072494608F0CA
:10A31000BFF94FF0FF332B6003233D60AC6085F83D
:10A320008A313460E1E700BF341601002C160100C9
:10A3300038B54C880546B0F802010434C0F5807386
:10A34000A34210DBE4B22246284408F0B9FAB5F87B
:10A3500002311C44B5F80031A5F802410133A5F8DB
:10A360000031002038BD0148FCE700BFC5000100F6
:10A37000C0897047F8B50C4690F821101829054699
:10A380004FF0000140F09C8006202070617004F1C5
:10A39000080005F1440105F1540651F8047B40F82A
:10A3A000047BB142F9D1698CA180022AE98FE18056
:10A3B00062804FF0000240F0898003B11B88238344
:10A3C00094F8873043F0020384F887300020F7F7D1
:10A3D0000AFEC5F88001D5F874312BB994F887309E
:10A3E00043F0010384F8873094F8873043F010027B
:10A3F00084F887200A2284F88820EA7E84F88B205B
:10A400000022A276E276AA7D002A08BF0A2284F8FA
:10A410008620AA8A002A08BF4FF49662A4F88920F1
:10A42000AA8BA4F89720D5F8602142F201010A42D4
:10A4300026D0E261274A1268C4F88D20264A1268A5
:10A44000C4F89120AA7E1AB143F0300384F8873013
:10A4500084F88C20B5F85A317BB1B5F85C2105F150
:10A460005A0104F19D0008F02BFAB5F85C31A4F80C
:10A470009B30B5F85A31A4F89930069B174A1A60F8
:10A48000D5F86021110642BFE36943F08003E36120
:10A49000920703D529462046FFF756FE95F88831E6
:10A4A0005B0742BF94F8873043F0040384F8873099
:10A4B000D5F8643184F89530D5F868316383F8BDF8
:10A4C000042020706170296CA1606CE722766276AE
:10A4D00081E700BFF00C0000EC0C0000F0490240E6
:10A4E0002DE9F043FDB004460E46904600214FF49E
:10A4F000EB7206A808F0CCF82046FFF767FE04AD23
:10A500002C4B2B600446002850D026B903F5B933F4
:10A5100003F58C732B6005AF4FF00009C7F800906E
:10A5200043460095324606A92046FFF723FFE66022
:10A53000CDE901972B68009306AA4FF4EB73042131
:10A54000422001F021FE0546D0B902460146386896
:10A55000FFF74EF9828A2260C28A6284022E034685
:10A5600016D15A8FA28394F858203868022A09D04D
:10A5700094F82120022A0ED1D3F81A30636201E048
:10A58000386808B1FFF740F928467DB0BDE8F08390
:10A59000028BE287E5E703F11A0228342A3352F8E6
:10A5A000041B44F8041B9A42F9D1EBE74FF0FF3546
:10A5B000EAE700BF881300400228F7B505460E46BB
:10A5C00014461F4609D0182807D0FFF70BF82F2391
:10A5D00003604FF0FF3003B0F0BD731E012B03D9B1
:10A5E000FFF700F81623F3E7112CF9D8144BE340DA
:10A5F000DB07F5D5012E06D1062C06D02CB1FEF7CF
:10A60000F1FF2923E4E7112CF7E7684601A9FFF7DA
:10A6100053FE0198002803DAFEF7E4FF0C23D7E786
:10A62000009A012382F858304FF0FF33566082F8C9
:10A6300021501461C2F87471C2F88431CBE700BFB5
:10A64000410002002DE9F043144652886C2A85B07F
:10A6500080460D4614D1A08D7B4A04F110010023E1
:10A6600052F8044B34B1E668022E03D1668C864260
:10A6700000F0D1800133142BF2D14FF0FF30E0E035
:10A68000622A2DD100273846FFF7A0FD064638B1D3
:10A69000218A0368994203D190F85830032B03D1E3
:10A6A0000137142FEFD1C9E04FF48373A0F858306D
:10A6B000A1894BF63633FFB2002908BF1946384648
:10A6C00001F0CAF9384601F0CBFA604B1B68002B49
:10A6D00000F0B480D4F81220718C30689847ADE057
:10A6E0001ABB218B584B04F1100739444FF0FF3649
:10A6F00053F8040B28B1B4F812C00068844508BFB1
:10A7000056B20132142AF3D13046FFF75FFD28B963
:10A71000002DB2D0284606F085FFAEE7D0F8748150
:10A7200062693B463046C04788E0742A49D1484BAD
:10A73000267C1B78B3423ED9464B1B6803EBC60709
:10A7400013F83630002B36D0D7F80490A3897B80DD
:10A75000B9F1000F0FD003AB02AA01A904F1100058
:10A76000FFF73EFD01A8434603AA02A9C84778782F
:10A77000FFF730FC62E0182006F04CFF03467860DB
:10A7800038B9354A3549364840F20D43F9F768FA89
:10A7900054E004F110022834106851681F4603C7C2
:10A7A0000832A2423B46F7D12E4B01211868B14036
:10A7B000F7F72FFC42E0284A28492B4840F214437F
:10A7C000E4E7AB2A3AD1204A002352F8041BB9B17E
:10A7D000207C0968884213D15AB21046FFF7F6FC74
:10A7E000002895D090F888315B0744BF002380F89B
:10A7F0005E31D0F878310BB3617C104698471DE08C
:10A800000133DBB2142BE0D14FF0FF32E5E72846ED
:10A8100006F008FF14E0D4F884614FF0FF33C4F869
:10A8200084313046FFF7D2FCFFF7ECFBD4F87C31E3
:10A8300023B1227904F13C0130469847002DE6D13E
:10A84000002005B0BDE8F083341601003016010089
:10A8500028160100241601007F8C2108C68B2108D0
:10A86000078721081C1601005D8C21082DE9F04F97
:10A870001E4687B005460F4693464FF47A7306F19D
:10A88000100203A902A8DDE9109801F021FB04469B
:10A8900058B94FF47A73182205A904A801F018FBDF
:10A8A000044630B10298FEF7AFFF204607B0BDE87E
:10A8B000F08FDDF80CA001461022504607F0E8FEAC
:10A8C000BBF1000F05D0324659460AF1100007F0DF
:10A8D000F7FFC6F30B064FEA5973AAF8006039F088
:10A8E0008044059EAAF8027003F0020318BF43F0EB
:10A8F0000103B371029B336040F20443B380F7F766
:10A90000BBFA002C059B7061BABF4FF0FF321A6191
:10A910001C61059B0022DA60F7F781F995F8583041
:10A92000062B064609D16B2F07D1F7F77EF9FEF704
:10A9300059FE3923284C0360B7E7284B049993F854
:10A94000009009F101021A70029B05F5C67083F8A8
:10A95000099081F8099001F0E9FA214BA9681A6879
:10A960004FF0010A0AFA01F111434FF480501960C7
:10A9700000F062FE3046F7F758F9002C95D0AA682F
:10A980001849CDE900486B2F09680CBF05F5EC703C
:10A9900005F5CA704B460AFA02F201F035FA044690
:10A9A000002882D16B2FD8F80000224621460DD115
:10A9B000FEF71EFF838903900BB143F480340A4BEA
:10A9C000224619780020F7F753F96EE7FEF710FFDB
:10A9D00003890590F0E700BF50BB01001A16010083
:10A9E000BC1B010020160100F70C00002DE9F0430C
:10A9F000002385B0CDE902338146FFF7E7FB0E4621
:10AA0000054640B9FEF7EEFD092303604FF0FF3025
:10AA100005B0BDE8F08390F85830032B07D0013B18
:10AA2000012B05D84846FFF70FFC0020F0E7012670
:10AA3000B5F85830062BF5D0B3F5837F03D100F07D
:10AA400003FC0028EED1D5F8D031F3B90EB3ADF840
:10AA500008306B8CADF80A3003AB01934FF04043E4
:10AA6000009302AA042343212846FFF7FFFE044671
:10AA7000A0B9024601460398FEF7BAFE0768AFB9CF
:10AA80000398FEF7C1FE0120C2E70220F7F79DFA06
:10AA9000D9E72B68ADF808303346DBE7039808B1F7
:10AAA000FEF7B2FEFEF79EFD0023AEE70398FEF729
:10AAB000ABFE224621463846FEF79AFE804656B93E
:10AAC000038A2A689A4206D14846FFF7BDFB3846FA
:10AAD000FEF79AFEA9E72046FFF778FB48B1012E62
:10AAE00007D1428CB8F816309A4202D12046FFF7BF
:10AAF000ABFB0134142CEED1E9E72DE9F04385B02E
:10AB00001F46FFF763FB002389469046ADF80830E7
:10AB10008DF80A300393044648B9FEF763FD092314
:10AB200003604FF0FF35284605B0BDE8F08341686B
:10AB3000012903D0FEF756FD2D23F1E790F8583098
:10AB4000032B03D0FEF74EFD1623E9E7D0F874314E
:10AB5000026990F82100FFF72FFD0546FFF736FB4D
:10AB600006460028DDD004F1200300F1200204F1A4
:10AB70003C0153F8040B42F8040B8B42F9D1E37EFD
:10AB8000F37623688DF80830638CADF80930C4F88B
:10AB90007C71C4F884517FB10024CDE900440323C3
:10ABA00002AA6C213046FFF761FE05460028BAD0A4
:10ABB000FEF718FD0460B4E703AB01934FF0404388
:10ABC000009302AA03236C213046FFF74FFE18B111
:10ABD000FEF708FD0760A4E703983A463946FEF7FA
:10ABE00007FE04680398FEF70FFE002CF0D03946EC
:10ABF0003A462046FEF7FCFD00F110013046FFF713
:10AC000001FAB9F1000F12D0D8F800207AB11C2A4D
:10AC100028BF1C2206F13C01484607F051FE96F879
:10AC20002130022B14BF1C231023C8F8003020460B
:10AC3000FEF7EAFD77E700002DE9F34706460C46EC
:10AC40009146002A6BD00D89D1F804A0F7F714F9CA
:10AC5000074696F88A311BB196F889219A424FD25D
:10AC60001C3D0AF12C0212FA85F24FF47A7300218E
:10AC700001A8FEF771FDAFB2054600284BD1024690
:10AC800001460198FEF7B4FD8046002841D096F8B1
:10AC90008931013386F889311022294607F0F8FC02
:10ACA000214608F1100304F11C0251F8040B43F88B
:10ACB000040B9142F9D108F12C0052464946384420
:10ACC00007F0FEFD07EB0A031C33C3F30B03A8F8E0
:10ACD0000030F6F7A4FF0199044606F5E87001F08C
:10ACE00025F9104AB0681168012383400B434FF4E3
:10ACF0000060136000F0A0FC2046F6F796FF0AE023
:10AD00000220F7F762F9F7F7B7F8C01BB0F57A7FC2
:10AD10009FD940F64235284602B0BDE8F08722258B
:10AD2000F9E700BFB81B01004288612A10B503464D
:10AD300010D007D8422A13D0432A13D062B14FF063
:10AD4000FF3008E06B2A09D0AB2A07D0622AF6D17F
:10AD5000008A00E0408A10BD807CFCE7187CFAE79E
:10AD6000808AF8E7008A0028F5D1D98A084A52F883
:10AD7000043B43B15C8C8C4205D193F85840032CC2
:10AD800001D11868E7E701301428F0D1D7E700BFF8
:10AD9000341601002DE9F04180460F461646FEF7B5
:10ADA00021FC002303604046FFF710FA044618B167
:10ADB00090F85830012B06D0FEF714FC09230360ED
:10ADC0004FF0FF303CE090F82130022B05D10F2EE0
:10ADD00007D8FEF707FC1623F1E7182B01D11B2E2D
:10ADE000F6E71FB9FEF7FEFB0E23E8E77988174B5D
:10ADF000142553F8042B12B1528C8A4222D0013D03
:10AE000015F0FF05F5D11C2E3246394628BF1C220D
:10AE100004F1200007F054FD022384F858306368E1
:10AE2000022B0CD12A4601214046FFF759FB18B1ED
:10AE3000FEF7D8FB0560C3E7042384F858300020F0
:10AE4000BDE8F081FEF7CEFB3023B8E734160100F1
:10AE5000024B01461868F7F7DCB800BF2016010066
:10AE60002DE9F0410024104E104F0546A0463378DE
:10AE7000A34202D80020BDE8F0813A6812F83410ED
:10AE8000E00002EBC40319B1596819B102F800805F
:10AE90000134ECE75D805B7801219940044B186830
:10AEA000F7F7B7F8F4E700BF2816010024160100F1
:10AEB0001C16010038B51D464368022B044604D118
:10AEC00090F85830013B012B01D9002038BDD0F853
:10AED00060319B0405D51C2A28BF1C223C3007F09A
:10AEE000EFFC002201212846FFF7FAFA0028EDD1F5
:10AEF000042384F85830E8E710B5F6F787FE0446D7
:10AF0000F7F71BF820B92046F6F784FE002010BDA5
:10AF100004480378FF2BF6D1F6F79CFE0028F2D008
:10AF2000F5E700BFF70C00002DE9F04F044695B09F
:10AF30003022002108A807F0ABFBA37ADB438DF891
:10AF40002630E37A8DF8243094F8323003F003028F
:10AF5000012A08BF8DF827201B0744BF03238DF863
:10AF60002530237C03F0F003502B01D0802B5FD1E0
:10AF70002688242E5CD9236ACDF84A30243EA38C3F
:10AF8000DFF84892DFF848A2DFF848B2ADF84E305B
:10AF9000B6B234342778302F64D0DD2F00F0E08053
:10AFA0005FB96578A11C2A460AA807F089FC05F15B
:10AFB00050030DEB030505F8287C6278C2F57F434A
:10AFC000FE3333449EB20232022E1444E2D8DFF83C
:10AFD0000892D9F800804446A4B9302006F01AFB44
:10AFE00009AE0746051D0FCE0FC50FCE0FC596E85B
:10AFF000070085E807003C60B8F1000F1DD1C9F8D3
:10B00000007015E0062204F12A010DF14A0007F054
:10B0100015FB80B90AAA083412AD134603CBAB4224
:10B02000206061601A4604F10804F6D11B88238071
:10B0300015B0BDE8F08F2468CEE7BA7998F80630ED
:10B04000934207D9C7F80080002CD8D02760EFE7DB
:10B050009846F3E7D8F800304446002BF8D1C8F8FA
:10B060000070E5E70523B4F808808DF8253004F179
:10B070000A0303EB880533F82830059399F802306A
:10B080008DF81E30A379029363790193B9F80020FB
:10B0900023794A48ADF81C200093524640F27D13B4
:10B0A0005946F8F7DDFD4648CDF80080524659462E
:10B0B0004FF4BF73F8F7D4FD032207A9201D07F052
:10B0C000BDFA00287FF479AF02238DF82530059B67
:10B0D0006A7905EB83018D4216D1012A04BF05234D
:10B0E0008DF82530810305D582070CBF09230A237B
:10B0F0008DF82530C3037FF560AF324B03406BBB47
:10B1000007238DF8253058E7EB78AF781B0443EA26
:10B1100007632F79134343EA0723A3F57A236FF4D8
:10B1200040673B44082B08D8DFE803F00509070710
:10B130000C0F0712150040F003000435CBE740F078
:10B140000C00FAE740F40030F7E740F48020F4E721
:10B1500040F48030F1E740F48010EEE70823D0E7B8
:10B16000194B1A88ADF81C209B788DF81E300322ED
:10B1700007A9A01C07F062FA00287FF41EAF6379CC
:10B18000012B7FF41AAF9DF8253013B1032B7FF408
:10B1900014AF0123617B8DF8253004F10E0303EB1E
:10B1A000810233F82130002B3FF407AF02EB830319
:10B1B0005B78012B7FF401AF0423A2E7258D2108E2
:10B1C000498D2108080004003E8E21083B8E21088D
:10B1D000238E21089E8C21088416010038B5054C69
:10B1E000206808B9206038BD056806F01BFA2846BB
:10B1F000F7E700BF8416010030B5034600B900BE72
:10B20000064C04F14005224603CAAA421860596060
:10B21000144603F10803F6D130BD00BF4418010005
:10B22000044B1B7803F0FF011BB90348442207F0CD
:10B230002FBA70474018010044180100014B1870E4
:10B24000704700BFD1160100014B1878704700BF4E
:10B25000D116010030B1044B02781A7042785A704E
:10B260000020704722207047CD160100074B82B0A6
:10B270001B88ADF804309DF80430002063F307000C
:10B280009DF8053063F30F2002B07047F50C000005
:10B29000024B1F221A705A70704700BFF50C000055
:10B2A0000A4B186802460346D2B2002062F3070038
:10B2B000C3F3072262F30F20C3F3074262F3174080
:10B2C0001B0E82B063F31F6002B07047CD16010001
:10B2D000014B1870704700BFF40C0000014B187848
:10B2E000704700BFF40C0000014B1880704700BF8E
:10B2F00088160100002979D1712821D8672809D83A
:10B3000014283AD014D803285FD013282ED04FF039
:10B31000FF3070476838092800F29880DFE800F0B5
:10B320005E96269696969696054853480021704755
:10B330003D28ECD1084640F4003040F00B00704747
:10B34000C3282CD00AD8A2284AD0C2281ED08828C8
:10B350000CBF4FF004104FF0FF307047F12841D080
:10B36000F428D4D1084640F0050070470020DDE7FE
:10B370004FF000404FF0FF317047084640F00100A9
:10B3800070474FF000404FF0FF31F7E7084640F0BC
:10B39000080070474FF000404FF0FF31F7E70846D4
:10B3A00040F00A0070474FF000404FF0FF31F7E7E0
:10B3B0000920BBE7080440F0090041F3C0317047A1
:10B3C0004FF000404FF0FF31B5E7084640F48030C1
:10B3D000B3E74FF000404FF0FF31F7E72748A5E70C
:10B3E00027487047274870472748C3E7712830D857
:10B3F00067280FD81428C4D026D80328E9D01328EA
:10B4000008BF4FF0004016BF4FF0FF304FF0FF3144
:10B41000002170476838092818D801A353F820F094
:10B42000E9C320084DC4200871C320084DC420087A
:10B430004DC420084DC420084DC420084DC4200828
:10B44000E9C32008B5C320083D28B9D04FF0FF302C
:10B450006CE7C328A7D006D8A228C5D0C22899D0A7
:10B4600088280948CFE7F128BED0F428EED14FF064
:10B4700000404FF0FF3176E70400050004000300B0
:10B4800004000200040001000400008020B1034B0E
:10B490001B7803700020704722207047CC160100F3
:10B4A000014B00221A707047CC16010030B50446DB
:10B4B00060B10FCC064D0FC50FCC0FC50FCC0FC51B
:10B4C00094E80F0085E80F00002030BD2220FCE743
:10B4D0008C16010008B540220021024807F0D8F878
:10B4E00008BD00BF8C16010004280CD8DFE800F06E
:10B4F00009030B07090000230B700020704701238C
:10B50000FAE70223F8E70F2070470000F0B5254C5A
:10B5100025488BB04FF4AA72002107F0B9F82068D3
:10B5200010B9F6F760FD2060204C206810B9F6F7DE
:10B530005AFD20601E4D05F0EDF92C688CB92022D3
:10B54000214602A807F0A4F81A4B01934FF4C062F9
:10B550003123CDE90623184801AA2146F6F798FCC5
:10B5600028600026104C35460127C4E90055C4E97F
:10B570000255C4E904550020F6F7EDFD07FA06F37D
:10B580000136052EA061E36184F8407004F14404A3
:10B59000EBD10A4C206810B9F6F7DDFD20600020E1
:10B5A0000BB0F0BD38180100DC16010034180100A2
:10B5B0003C180100768D210875182108301801000B
:10B5C00070B5154C05F0C8F9206818B1F6F7E3FC22
:10B5D00000232360114C206818B1F6F7AAFD002360
:10B5E00023600F4C206818B1F6F7A3FD00232360F9
:10B5F0000C4D05240026A869F6F731FE013CAE612A
:10B6000085F8406005F14405F5D1074D2868F6F747
:10B6100026FE2C60204670BD3C1801003818010041
:10B6200034180100DC1601003018010010B5044682
:10B63000F6F722FC001B10BD024B01461868F6F716
:10B64000E8BC00BF3818010008B500F06FFC00200E
:10B6500008BD01F031BA0000F8B50546B0B1F6F703
:10B66000DEFA2C6806465CB9094A1368C5E900444D
:10B6700023F4005330461360F6F7D7FA2046F8BD9E
:10B6800027682046FEF7C0F83C46ECE70120F6E7C5
:10B69000B41B01000023C0E90D3380F8213043843E
:10B6A000C36170472DE9F04114469279DDF81880A6
:10B6B0000D46D10707461FD5238112F002064FF031
:10B6C00000032B6004D1206810B1FEF79DF82660BE
:10B6D0006669F6F7D1FB2369801B834209D307F122
:10B6E0000800294600F022FC4046BDE8F041FFF783
:10B6F000A3BFA3799B0702D52068FEF785F82846EB
:10B70000BDE8F041FEF780B82DE9F74F0568044623
:10B710000F46914698464FF0000A2DB923685BB357
:10B72000002003B0BDE8F08F002211462846FEF746
:10B730005FF8064638B3B8F1000F04D1D5F800B071
:10B74000AA465D46E9E70C990068C0470028F5D095
:10B75000D5F800B000974B46324629462046FFF701
:10B76000A1FF2368AB42636808BFC4F800B0AB42D6
:10B7700008BFC4F804A0E3E7044A6560136823EA3D
:10B7800007031360CCE70E20CBE700BFC01B01000E
:10B790002DE9F0411D4690F8323016469A070446CE
:10B7A0000F4602D43046FEF72FF8D4F83480F6F76F
:10B7B00063FBA36BA0EB0800834211D304F10800E4
:10B7C000394600F0B3FB2846FFF736FF0A4A1368F4
:10B7D000204623EA0503BDE8F0411360FFF75ABF96
:10B7E0003846FEF711F894F832309B07EED5304614
:10B7F000FEF70AF8EAE700BFB01B01002DE9F041AF
:10B8000086B01E4601920023CDE90333C36B00933B
:10B8100090F83230028E0546884604A803A903F04A
:10B82000DDFF044660B905904FF47A7310220121C0
:10B8300005A8FDF791FF044630B10398FDF7E4FF3A
:10B84000204606B0BDE8F081024601460598FDF7A6
:10B85000CFFFDDE904236F8C136047807EB9059A22
:10B86000039943462846FFF793FF1C2FE8D80A4B5D
:10B87000FB40DB0742BF094B00221A70E0E70C993E
:10B880001846B0470028EAD10398FDF7BDFF059898
:10B89000FDF7BAFFE9E700BF00002110A81B010077
:10B8A0002DE9F347DDF828A0054699460F46904656
:10B8B000F6F7B5F9104B9D42064613D095F82130A6
:10B8C00083B1CDF800A04B46424639462846FFF7E3
:10B8D00095FF044630B13046F6F7A7F9204602B08E
:10B8E000BDE8F087CDF800A04B46424639462846D1
:10B8F000FFF70AFF0446EEE7A81701002DE9F34120
:10B9000000240D4D06460127A046032C04BF042445
:10B910004435611D2846CDF800800023324607FAE1
:10B9200001F10134FFF7BCFF052C05F14405ECD112
:10B93000002002B0BDE8F081DC16010073B50446BA
:10B9400000680D46FDF760FF0023019318224FF4B5
:10B950007A73012101A8FDF7FFFE38B10B4A0C49AB
:10B960000C4840F2E753F8F77BF900BE0026019837
:10B970002060268132463146FDF73AFF2B6803826C
:10B980006B8C8681C38202B070BD00BF0A8E210815
:10B990009E8C21080787210870B5154600220446B1
:10B9A0000E4600681146FDF723FF38B186812168F5
:10B9B00005F5EC70BDE8704000F0B8BA70BD70B528
:10B9C0000D46432D049E11461C4606D06B2D07D113
:10B9D000BDE870401A46FFF7DFBF1946FFF7AEFF1C
:10B9E000314604F5CA70BDE8704000F09FBA10B54A
:10B9F00083799B070C4602D50068FDF705FF2046BA
:10BA0000BDE81040FDF700BF2DE9F743DDF82880C1
:10BA1000D0F8149004461D460E461746F6F72CFA49
:10BA20002369A0EB090083420FD32B462046CDF8B3
:10BA300000803A463146FFF7C2FFAB6801209840CC
:10BA400003B0BDE8F043FFF703BA4146204603B018
:10BA5000BDE8F043FFF7CBBF2DE9F047002386B0E8
:10BA6000CDE903330E46FEF7B1FB0446002800F093
:10BA7000D080F6F7D4F894F8AD310746002B6FD09C
:10BA800094F8BE31DA076BD5B4F8BC210196D4F82E
:10BA9000C811009104A803A903F0A0FE054618B13F
:10BAA0003846F6F7C2F889E0049B9B799B072DD5B1
:10BAB000B4F8AE310590432B14BF102218224FF476
:10BAC0007A73012105A8FDF747FE38B1524A534960
:10BAD000534840F26663F8F7C3F800BE00221146EF
:10BAE0000598FDF785FEDDE904318681B4F8AE21C5
:10BAF000039D428019606D7A4D72432A06D100225F
:10BB000082811A8123680382638CC382D4F8C05176
:10BB1000F6F7B2F9D4F8C431401B834237D3B4F8F6
:10BB2000AE316B2B2DD1049B04F5EC70196800F03D
:10BB3000FDF90398FDF768FEA36801209840FFF720
:10BB400087F93849A0680B78012282401343DBB2A1
:10BB50000B700023C4E9703384F8AD31A4F8AE3122
:10BB6000D4F88C514FF000080395DDB92E49A06838
:10BB70000B680122824023EA0203C4E963550B608B
:10BB80008EE7039904F5CA7000F0D0F9D4E7049B5E
:10BB90009A79900702D51868FDF736FE0398FDF7ED
:10BBA00033FECEE7002211462846FDF721FE03466C
:10BBB000049038B93846F6F738F80E25284606B00E
:10BBC000BDE8F0879979039A00681568C9071AD506
:10BBD0001E81C2F80080FEF7CBFB049A937913F024
:10BBE0000209824606D1106820B1FDF70DFE049BC4
:10BBF000C3F80090039B00930498234632465146B5
:10BC0000FFF702FFB0E7FDF7FFFD0398FDF7FCFD2E
:10BC1000AAE70125D2E700BFD08D21089E8C21081C
:10BC200007872108AC1B0100BC1B0100F8B50B4FB6
:10BC300005460E46002457F8043B23B90134142C62
:10BC4000F9D10020F8BDDB7EB342F7D12946E0B23E
:10BC5000FFF702FF0028F1D0F4E700BF341601001F
:10BC6000F8B5FEF7B3FA0546D0B1F5F7D8FFD5F829
:10BC7000D041064674B90B49A8680B68012282407E
:10BC800023EA02033046C5E974440B60F5F7CDFFA3
:10BC90002046F8BD27682046FDF7B6FD3C46E9E79B
:10BCA0000120F6E7B81B010070B50A4E05460024D6
:10BCB00056F8043B23B90134142CF9D1002070BD8F
:10BCC000DB7EAB42F7D1E0B2FFF7CAFF0028F2D02B
:10BCD000F5E700BF341601000068003818BF0120E6
:10BCE0007047000008B50B46014605480022006871
:10BCF000F6F7EBF9C31C012B98BF002008BD00BF6D
:10BD00003818010008B5FDF785FC6420F6F75DF9E9
:10BD1000FDF781FC6420F6F758F9002008BD00000B
:10BD2000014B1870704700BFD2160100014B18700C
:10BD3000704700BF41180100014B1878704700BFE1
:10BD4000981801002DE9F0479A4603680546884691
:10BD500091464BB94368002B2FD0194B194A1A480A
:10BD600040F61E0105F018FCF5F759FF2C68064651
:10BD7000002724B93046F5F758FF2D2013E041463F
:10BD80002046C84710B927462468F2E7CAF80040A1
:10BD90002B68A34209D123682B6003B96B6030463E
:10BDA000F5F743FF0020BDE8F0876B68A34212BFA0
:10BDB00023686F6000233B60F1E71B20F3E700BFBF
:10BDC0008B8D21089F8D21089E8C210837B54FF45B
:10BDD0008C7314460D460193043201AB214601F0E9
:10BDE000CBFB28B920682DB9012894BF0020012081
:10BDF00003B030BD281A18BF0120F9E7407A0A784D
:10BE0000131A5842584170472DE9F04F85B0054646
:10BE1000ADF806300F9BDDF838800C461646002B37
:10BE20004DD000284BD0002949D0F6F725F8DFF88F
:10BE30009CA0002307460393434534BFA8EB0303AC
:10BE40000023022231462046F6F73FF9033001284D
:10BE500038D9F5F7E4FE03AB834652460DF10601EF
:10BE60002846FFF76FFF814688B92846FFF734FF61
:10BE700018B931462046F6F7FDF85846F5F7D5FED5
:10BE80000F9B039A1A60484605B0BDE8F08F1B2847
:10BE90000BD131462046F6F7EDF85846F5F7C5FECA
:10BEA0003846FFF7C3FB0346C6E75846F5F7BDFE25
:10BEB000B9F12D0FF4D10220F6F787F8F0E74FF033
:10BEC0002209E0E74FF00709DDE700BFFDCD2008BC
:10BED00073B50D4602210646FDF73EFC044630B917
:10BEE00001460DF106023068FDF782FC286020460D
:10BEF00002B070BD014B1888704700BFFA0C0000FB
:10BF000051B1C20704D5074B1B780B700020704756
:10BF1000830703D5044BF7E72220704740F63630FD
:10BF2000704700BF040D0000050D000038B5044641
:10BF30000D46F5F774FE636873B9236833B1074B98
:10BF4000074A084840F6042105F026FB2560656095
:10BF5000BDE83840F5F769BE1D60F8E7418E21085D
:10BF6000158F2108558E21082DE9F04F89B01D4607
:10BF700000230493ADF80E3081460E4617464FF469
:10BF80007A73182204A905A8DDF84C80FFF7A0FFFA
:10BF9000044618B13846FDF737FC3DE0002D3FD090
:10BFA000B8F1000F3ED06B0F03F0020343F0010322
:10BFB000B9F11C0F06D8524A22FA09F2D20748BF3B
:10BFC00043F00803049C4F4AA371925D129BE36007
:10BFD000227127606671F5F74FFF002DACBF25F089
:10BFE00080434FF0FF33236160614FF0440A464CB9
:10BFF0000AFB06FA04EB0A09F5F711FE99F840303E
:10C0000083468BB93846FDF7FFFB0598FDF7FCFB2F
:10C010005846F5F70AFE1124204609B0BDE8F08F16
:10C020002B46C5E70123C3E7384A13787B72591CB6
:10C03000117005998DF80D304B7200230B60484646
:10C04000FFF774FF324A01201368B04003431360C6
:10C05000FFF7F2FA5846F5F7E8FD002D4DD0ACBFDA
:10C0600025F080454FF0FF3506ABCDE90053294957
:10C070009DF80D30096805360AF1080001222044B8
:10C08000B240FFF7C1FE0728044612D1224A07AB8F
:10C090000DF10D014846FFF755FE02460028BBD1C1
:10C0A00001460798FDF7A4FB0068FDF7ADFB079874
:10C0B00071E70028B0D1069E01460DF10E02304610
:10C0C000FDF796FB0589B8F1000F0FD00368C8F89B
:10C0D00000303046FDF798FB0DB145F480340F4B2E
:10C0E000224619780020F5F7C3FD95E783799B0771
:10C0F000EFD50068FDF788FBEBE705248CE700BF70
:10C1000000002110368F2108DC16010042180100C2
:10C11000C01B010038180100FDCD2008F70C0000FD
:10C120002DE9FF411C460646884617464FF47A73B0
:10C1300004F1100203A902A8FFF7CAFE08BB039D81
:10C1400001461022284606F0A3FA2FB122463946AE
:10C1500005F1100006F0B4FB102E08BF6B696E806D
:10C1600004BF43F480336B61C4F30B040C9B2C803D
:10C1700001930B9B0093029A0A9B41463046FFF7BE
:10C18000F3FE04B0BDE8F08170B40429DDE9034595
:10C19000059E05D8CDE90456039470BCFFF7C0BFD7
:10C1A000272070BC7047000030B5364D2B7885B025
:10C1B000002B64D00023344A0092CDE901331A46A3
:10C1C00019461C20FFF7ACFF0446002854D1062076
:10C1D000FCF732FEFFF7F4F9044600284CD1FDF7D6
:10C1E00017FA0446002847D140F62830FFF786FBAF
:10C1F0002648FFF731FA214640F62830FFF716FDB2
:10C200002046FFF751FD012140F62830FFF70EFDD3
:10C210000120FFF749FD21462046FDF77FFF044638
:10C2200050BB01460120FDF779FF044620BBFDF716
:10C230004DFF044600BB164BD3F86C21920706D580
:10C240000222C3F87021134B1868FDF7DDFAFDF7E1
:10C2500043FA044680B9FDF7E0F9FFF753FD0446C1
:10C2600050B90D4B287018600C4B4FF6FF721A80B6
:10C270000B4B1860C3F80300204605B030BD1124F5
:10C28000FAE700BF9818010030750040D41601008D
:10C2900000800046C81501009C180100FA0C00003F
:10C2A0009118010070B588B005468DF8171000216F
:10C2B000079158B3174B1B7853B307ABCDE9011364
:10C2C000154B00930DF117020123A020FFF728FF63
:10C2D000079E044650B9024601463046FDF788FAEB
:10C2E000028842B93046FDF78FFA01E0002EF9D1FD
:10C2F000204608B070BD9DF817300BB1012BF1D16D
:10C3000000F11001284606F0DBFAEBE72224EFE704
:10C310001124EDE798180100983A00402DE9F04FFC
:10C32000ADF21C6D81468A461746002140F2FE524E
:10C3300006A8984606F0ACF9214B1B78002B3DD09F
:10C3400000264446B34640F2FE52002106A806F0FD
:10C350009FF984B340F2F1439C4299BFA5B20023F8
:10C36000012340F2F2453FB12A46B9190DF19E0072
:10C37000059306F0A5FA059B8DF81B3040F6B833FF
:10C380000093CDE901BB05F1860306AA01214D20EA
:10C390002E44641BADF818808DF81A908DF81EA0FD
:10C3A000ADF81C50FFF7BCFE08B9002CCBD10DF244
:10C3B0001C6DBDE8F08F23462546DDE71120F6E72A
:10C3C0009818010030B5092899B00C46154643D895
:10C3D000012101FA00F240F2851313402AD112F430
:10C3E000107F39D0092810D1CDE90133ADF81230D2
:10C3F00040F6B833009304AA04231D208DF81010D2
:10C400008DF81150FFF78CFE38BB5022002104A894
:10C4100006F03EF901238DF81030072D00F26A81F5
:10C42000DFE815F01D001D007700B5006801DE0093
:10C43000090145010023CDE90133ADF8123040F682
:10C44000B83300938DF810108DF81150042304AA0E
:10C450001D20FFF765FE00B9002019B030BDA64DC4
:10C4600004BB452221460DF11B0006F011F92B8873
:10C47000ADF81130AB788DF81330012305938DF8AA
:10C4800018300B238DF819301E238DF81A30002335
:10C49000CDE9013340F6B833009304AA50230121BB
:10C4A000BD20D6E7392200210DF1270006F0F0F873
:10C4B0002B88ADF8113024221021AB788DF818208C
:10C4C0008DF81A10042234218DF813308DF81920BC
:10C4D00005238DF81B108DF81C206421172205936D
:10C4E0008DF81D208DF81E108DF81F3084218DF8D9
:10C4F00020208DF821108DF82320032195228DF81E
:10C5000025308DF822108DF824201D238DF826303B
:10C51000BDE77A4DA4B9452221460DF11B0006F076
:10C52000B7F82B88ADF81130AB788DF813300123B4
:10C5300005938DF818300D238DF819301423A4E7D6
:10C540004022002108A806F0A3F82B88ADF811308E
:10C55000AB788DF8133003230593042224238DF840
:10C5600018308DF8192017238DF81A308DF81D30EA
:10C5700064238DF81E300B2334218DF81F301E23C9
:10C580008DF81B108DF81C208DF820307FE75C4D56
:10C590008CB9452221460DF11B0006F079F82B8855
:10C5A000ADF81130AB788DF81330012305938DF879
:10C5B00018300E23C0E74022002108A806F068F8D2
:10C5C0002B88ADF81130AB788DF813300323059329
:10C5D000042224238DF818308DF819201423C3E782
:10C5E000484DA4B9452221460DF11B0006F050F834
:10C5F0002B88ADF81130AB788DF8133001230593FB
:10C600008DF818300D238DF8193017233DE72B884E
:10C61000ADF81130AB788DF813303B4B3B49042219
:10C62000CDE905233A4B3C22CDE9071309A80021A7
:10C6300006F02EF82BE7374DA4B9452221460DF11F
:10C640001B0006F025F82B88ADF81130AB788DF87B
:10C650001330012305938DF818300D238DF8193010
:10C660001B2312E7392200210DF1270006F010F8F4
:10C670002B88ADF811301022AB788DF813308DF87F
:10C680001A202423342205218DF818308DF81B2020
:10C6900004231722642005918DF819308DF81C3081
:10C6A0008DF81D208DF81E008DF81F101EE71A4D05
:10C6B0004522002C3FF430AF00210DF11B0005F0A6
:10C6C000E7FF2B88ADF81130AB788DF813300223DB
:10C6D000059324238DF8183009238DF8193014237D
:10C6E0008DF81A3095238DF8243005238DF82530E8
:10C6F00021230BE70F20B0E6DD8E2108E18E210813
:10C70000E58E2108E98E2108240417340414640BF3
:10C7100014950517ED8E2108F18E21087FB50328A9
:10C720004FF000030A46059312D8012101FA00F0E8
:10C73000CDE9013347F294530490ADF814200093EF
:10C7400004AA0823EA20FFF7EBFC07B05DF804FB1E
:10C750002120FAE730B5002387B0CDE9013340F658
:10C76000B83300930123044600F108021946112052
:10C77000FFF7D6FC70B9A389062B0DD1002340F634
:10C78000B8320092CDE901331A4601211220FFF799
:10C79000C7FC50B307B030BD214D29884FF6FF7359
:10C7A00099421CD169884FF6FF73994204D000204A
:10C7B000FFF7B4FF0028EDD1A9884FF6FF73994227
:10C7C00004D00220FFF7AAFF0028E3D1E98800295E
:10C7D000D4D00320FFF7A2FF0028CFD0DAE7012052
:10C7E000FFF79CFF0028DDD0D4E7627A082A0FD13A
:10C7F0000C4B186805900023CDE9013340F6B8339F
:10C80000009305AA04230121BE20FFF789FCC1E79C
:10C81000217AA089FFF7D6FD0028E9D0BAE700BF4A
:10C82000060D00007C8F21082DE9F0438BB000231A
:10C83000CDE904330693C38990F80080012B0546A7
:10C8400000F0138180892A7A8C4F062814BF0123B7
:10C850000223012A3B701BD0022A03D02AB943F0DD
:10C86000040301E043F00C033B70854B854E1960D7
:10C87000337883B1844B1B88092B40F0F88009285A
:10C8800000F0D6804FF4366420460BB0BDE8F0834C
:10C8900043F00803E8E76A697C4B1340002B40F043
:10C8A000E8807B48FCF7C4FE04460028ECD1794BB5
:10C8B0000493794B059304A82B788DF81830FCF776
:10C8C000A2FE04460028DFD1FEF720FE0446002821
:10C8D000DAD1FFF717FA04460028D5D1FCF75AFC45
:10C8E00004460028D0D1DFF8CC9199F80030002B15
:10C8F00000F0A08095F838104046FCF7DBFB0446BA
:10C900000028C1D189F80000FEF7F6FA0446002895
:10C91000BAD1FCF781FEFEF7E1FC50B141F288315B
:10C920002020FFF7DFF9830640F1A5802046FEF7BF
:10C93000CFFC002140F6B8330093CDE90111282344
:10C9400005F10C021020FFF7EBFB044600289BD1F9
:10C95000524B2A691A6047F29453CDE901000093C3
:10C9600005F1340203230121C720FFF7D9FB044658
:10C97000002889D14A4B93E80700EB8907AC84E88B
:10C98000070033B9AB69474A1A421CBF01238DF82F
:10C990001C30AB89082B52D100230993002142F2AD
:10C9A000107300932246CDE901110C23C820FFF734
:10C9B000B7FB044600287FF467AFE88C80F00100E5
:10C9C00000F00100FEF73AFC686AC0F30330FDF79F
:10C9D00045FB6968002936D1EB890C2B06D0284627
:10C9E000FFF7B8FE044600287FF44EAFAB692E4A2D
:10C9F000002B03DAEB6903F0C0431360106808B141
:10CA0000FCF7A6FB0123204A3370AB89138023F087
:10CA1000020212B1083B012B05D82B7A022B19D147
:10CA2000224B01225A71E889FEF75EFCFCF7E8FA16
:10CA3000002429E7FCF7D4FCFCF7BAFB64E7072BDA
:10CA4000ACD13323A9E7387800F078FA04460028FF
:10CA5000C2D019E7012B02D1144A9370E3E7002BEF
:10CA6000E1D1124B01221A70DDE70F240CE71224EA
:10CA70000AE70E2408E70E4C06E700BF99180100EC
:10CA80009C18010098180100FA0C00002800020010
:10CA90003C8F210801A6200805A62008881801005F
:10CAA000808F2108100000018C18010091180100EE
:10CAB00059600100F80C000038B504460D46F5F742
:10CAC000AEF8236873B9636833B10D4B0D4A0E4855
:10CAD00040F6132104F060FD2B601B24F5F7A5F848
:10CAE000204638BD2B60626893421CBF1B682360E0
:10CAF0004FF0000208BFC4E900220024EEE700BFA7
:10CB00008B8D2108F58E2108558E2108034B1B685B
:10CB10000360034B1B684360704700BF000D0000BB
:10CB2000FC0C0000437810B483B10378012B09D0CA
:10CB3000022B03D1137843F06003137000205DF8DB
:10CB4000044B7047137843F02003F6E70A2911D805
:10CB5000012404FA01F111F0440F17D111F4A06F70
:10CB60000CD111F4207F05D0137843F060031370CB
:10CB7000022303705DF8044BFEF76CBB137823F0BF
:10CB8000600343F0200313700470F3E71378F8E7B1
:10CB9000F0B5144685B00E46002975D002F166073F
:10CBA0000128394645D1FFF7ABF9054600283DD1AC
:10CBB00002A8FFF7ABFFA01CFEF768FC96F8202048
:10CBC000314604F1440005F07BFE96F8203084F8ED
:10CBD0006930F38D6370FEF763FB617801903A462C
:10CBE00001A8FFF79FFF054600BB96F83030042BE5
:10CBF00002BF637863F07F036370002384F86E30B4
:10CC0000029BC4F86A30039B84F86830D6F826305B
:10CC1000C4F86F30738DA4F87330FEF727FBC0F3B0
:10CC20000720800060F07F00E0700025284605B0F6
:10CC3000F0BD0220FFF764F905460028F6D1A01CDC
:10CC4000FEF724FC96F82020314604F1440005F05C
:10CC500037FE96F8203084F86930738C637084F85E
:10CC60006E50FEF71DFB617802903A4602A8FFF76E
:10CC700059FF05460028D9D1FFF73CF9092804BF20
:10CC8000012384F86E30C8E72225CFE713B511469B
:10CC9000FFF7CAFD044650B9012101A8FFF702FBC6
:10CCA000BDF804301BB9FBF713FAFBF709FA20466D
:10CCB00002B010BD73B505460C461646002132225F
:10CCC000204605F0E5FC95F82020C2B12946201D3C
:10CCD00005F0F6FD16F0050F02D02B8F03B1A385EA
:10CCE00016F0090F03D0EB6B0BB1C4F82E30FEF732
:10CCF000BDFAC00084F82B00002002B070BD2120D6
:10CD0000FBE70000F0B50C46CDB005464FF4AB7222
:10CD10000021204605F0BCFC222384F8403084F832
:10CD20008030686B05AA0321FFF750F8002840F017
:10CD3000A48006AA04F1410314AF164603CEBE42F6
:10CD400018605960324603F10803F6D13068186064
:10CD5000B188B2799A7199807F2216A904F1810075
:10CD600005F0AEFD40216018F4F764FF802106460F
:10CD70006018F4F75FFF54FA86F354FA80F0222229
:10CD800083F8402080F88020002283F8412080F83A
:10CD9000812095F83030052B3CD14648F4F755FFFB
:10CDA0001F2837D84348F4F750FF4249024620462F
:10CDB00005F086FD4048F4F748FF1F2808D83E4894
:10CDC000F4F743FF3C49024604F1200005F078FDEA
:10CDD0004B9BC4F80031502136A8F4F72BFF10F01C
:10CDE000FF0557D0502236A904F5827005F068FD82
:10CDF0006019222380F805310023CDE9013340F684
:10CE0000B833009322464FF4AB7301214C20FFF757
:10CE1000BBF932E095F83030062B0AD12748F4F7F9
:10CE200014FF1F2805D82548F4F70FFF23490246B1
:10CE3000BDE795F83030072B0AD12148F4F705FFFC
:10CE40001F2805D81E48F4F700FF1D490246AEE72B
:10CE500095F83030082B0AD11A48F4F7F6FE1F284F
:10CE600005D81848F4F7F1FE164902469FE795F8F1
:10CE70003030092B03D040F661304DB0F0BD124880
:10CE8000F4F7E3FE1F28F6D80F48F4F7DEFE0E494C
:10CE900002468CE70D48F4F7D8FE5128ACD80B4871
:10CEA000F4F7D3FE0949024604F5827005F008FD47
:10CEB000A2E700BF8D8F2108A08F21088C8F210849
:10CEC000918F2108968F21089B8F21083887210890
:10CED00030B5E5B004466322002104A805F0D8FB74
:10CEE0004FF48E7200211DA805F0D2FB606B1DAAC5
:10CEF0000021FEF76BFFF8B91D9B002B14BF022326
:10CF000001238DF810301EAC0DF111022EAD234619
:10CF100003CBAB42106051601C4602F10802F6D10F
:10CF20000023CDE9013340F6B833009304AA63230C
:10CF30000121A520FFF728F965B030BD1FB50A46CD
:10CF400069B10023CDE9013340F6B83300930121E4
:10CF500006231720FFF718F905B05DF804FB22201F
:10CF6000FAE700002DE9F041ADF5087D00246E22BE
:10CF700007460D4607A82146DFF8AC81059405F069
:10CF800087FB7522214623A805F082FB4FF48E72A1
:10CF9000214641A805F07CFB98F8003005AE002B37
:10CFA0006DD095F8202029460DF11E0005F088FC73
:10CFB0006B8C8DF84030B3B12146E86A41AAFEF788
:10CFC00005FF0446002840F0888042AC0DF1420283
:10CFD0000DF5A47C234603CB6345106051601C46CD
:10CFE00002F10802F6D195F824000DF14101FEF797
:10CFF0007BFA0446002870D16B8C073B9BB2012B57
:10D0000008D895F83C309DF8412023F00F031343D6
:10D010008DF84130EB8CADF81C306B8EADF8823062
:10D020002B8FADF8843095F83A30ADF8883095F80C
:10D03000303023B18DF886306B6B8DF8873095F8E2
:10D040003B302BB19DF8863043F004038DF88630D9
:10D050000023CDE9013343F69823009307AA6E23FA
:10D0600001212420FFF790F80446002835D195F8D7
:10D070003D309BB1294B069398F800300BB9112431
:10D080002BE047F29453CDE90100009306AA042354
:10D0900001216D20FFF778F80446F0B923AA29464C
:10D0A0000220FFF775FD0446B8B91D4B0093CDE98A
:10D0B0000106752323AA01211420FFF765F8044611
:10D0C00080B9024601463068FCF792FB037C472B8F
:10D0D0000ED03068FCF798FB0E2420460DF5087D35
:10D0E000BDE8F08130680028F7D0FCF78DFBF4E74D
:10D0F0002846FEF7DBF90E2F04D10A4B01229A7164
:10D100003068F2E70A2F03D1064B0122DA70F7E705
:10D11000062F02BF034B01225A70F1E701003201D2
:10D12000983A0040911801009818010030B5104B52
:10D130001B7891B00446C3B140220021684605F037
:10D14000A7FA6846FEF758F80EAD6A46234614461D
:10D1500003CCAC4218605960224603F10803F6D1B3
:10D1600020681860002011B030BD1120FBE700BF1F
:10D17000981801000C4B10B500241C70FEF750F8F5
:10D18000FEF786F8FEF7A6F9FEF78AF92146102287
:10D19000064805F07DFAFFF707F80446FEF71EF88B
:10D1A000FCF70CFD204610BD90180100A0180100EE
:10D1B0000F280DD878B101380E280BD8DFE800F021
:10D1C0000C170A3220230A3726290A3C2C2F3F004D
:10D1D000802840D000207047204B1A78002A38D190
:10D1E0009A78002A35D1587900F0010070471B4B1E
:10D1F0005A78002A2DD1DA78002A2AD19879F3E7D3
:10D20000164B18787047154B58787047134B987821
:10D210007047124BD8787047104B587970470F4BB6
:10D22000987970470D4B1A789AB95878DCE70B4B10
:10D230009A7872B9D878D7E7084B5A79DCE7074B68
:10D240009A7832B9DA7822B91A7812B95A78002A5B
:10D25000F3D00120C8E7014B1879704791180100FD
:10D26000F0B5544B1B7893B006460D461446002B80
:10D2700000F09A80FFF79CFF002800F09780277845
:10D28000082F6DD03222002105A805F001FA2DB13A
:10D2900095F82020294606A805F012FB730718D53B
:10D2A000A3894FF6FF72934213D0ADF8403083B19B
:10D2B0005A1E1A420DD1012B09D0012210460E2A06
:10D2C00007D0511C00FA02F2934240D1CBB28DF844
:10D2D0001430012F02BF9DF83D3063F07F038DF8BD
:10D2E0003D3094F830302BB19DF83D3043F0400391
:10D2F0008DF83D30FDF7BAFFC00000F0F8008DF862
:10D300003F0035B19DF814301BB140F001008DF89D
:10D310003F00294B19894B1E9BB24FF6FD72934279
:10D3200017D92378022B05D19DF83F3043F0020333
:10D330008DF83F30FDF752FF0023CDE90133009314
:10D3400005AA322301211320FEF71EFF06E00A463C
:10D35000B5E70120FFF7E2F90028E2D013B0F0BDF5
:10D36000154BA068ADF81C0058681C7BADF81A007E
:10D370001868ADF816405C89ADF8204000221C8981
:10D380005B7B8DF8232040420121CDE90122ADF8DD
:10D3900018008DF822300092ADF81410ADF81E4040
:10D3A000102305AA6A20CFE71120D7E740F64430C2
:10D3B000D4E700BF98180100A0180100F0B5ADF542
:10D3C000077D04AE00233360514B1B7804460D46A5
:10D3D0001746002B00F0958083073BD4FFF7E8FE4B
:10D3E000002800F09080002900F09080224605A9D6
:10D3F0002846FFF75FFC044698B9464B19894FF65B
:10D40000FF73994211D10023CDE901334EF6602319
:10D41000009305AA322301211320FEF7B5FE04462E
:10D4200050B120460DF5077DF0BD0120FFF776F9DC
:10D4300004460028E7D0F4E7EB8D1A1F012A0BD928
:10D440005A1E092A44D8DFE802F03F3F0543433F14
:10D450003F3F07070F24E4E730A92846FFF752FCB7
:10D4600004460028DDD17522002112A805F010F92C
:10D4700012AA29460120FFF78BFB04460028D0D1D1
:10D480005FB347F080430022CDE900320296752356
:10D4900012AA01211420FEF777FE0546FFB100B362
:10D4A000306808B1FCF7B0F9002340F6B8320092BA
:10D4B000CDE901331A4601211220FEF765FE04462C
:10D4C0000028AED12C46ACE72846FFF701FDC7E7A0
:10D4D000002BC8D040F64834A3E73B46D3E70028EA
:10D4E000F0D1002230681146FCF782F9037C3068E5
:10D4F000432B03D0FCF788F90E2492E7FCF784F95C
:10D500008FE711248DE740F644348AE7222488E728
:10D5100098180100A01801000D282DE9F0470646D3
:10D52000884617461D4620D8FAB1F3B1DFF844A06B
:10D530005AF8200008B104F075F805F108094846CA
:10D5400004F068F84AF82600044680B14A460021F3
:10D5500005F09EF8C4F80080A580AAB23946A01D47
:10D5600005F0AEF90020BDE8F0872120FBE7192087
:10D57000F9E700BFB018010070B504460D2C0D4648
:10D58000104611D882B11E6876B10A4A52F82410AA
:10D5900061B18A8896420BD351F8064B2C601A6011
:10D5A00005F08EF9002070BD2120FCE72D20FAE760
:10D5B0000120F8E7B01801000C2870B541DD284BB8
:10D5C00020F480229A4244D020F4003403F5403302
:10D5D0009C423ED020F4803103F5C023994238D0DC
:10D5E000204DC21700239A4208BFA84231D005F54A
:10D5F00040359A4208BFA8422BD020F4403605F5AA
:10D600008035AE4225D005F580259A4208BFA84254
:10D610001FD0154DAC421ED0144C9A4208BFA042F8
:10D6200019D0B1F1041F16D011499A4208BF88429F
:10D6300013D001F580319A4208BF88420DD00020F6
:10D6400006E020F000400B28F9DC0A4B03EBC00099
:10D6500070BD0920F9E70420F7E70B20F5E700BFCC
:10D660000900010009000C00040001000400020090
:10D670000B000100E818010038B50D461446FFF70D
:10D680009BFF18B1C0E90054002038BD0120FCE721
:10D690002DE9F0418AB007460E461446FFF78CFF8D
:10D6A000054630B3006820B3002220461146FCF73F
:10D6B0009FF8B7F1004F76F1000304462AD3B0F883
:10D6C0000C80B8F1000F01D048F48038344B42464A
:10D6D00019780020F4F7CCFA6388CDF81480142B65
:10D6E0000AD06B6800932C68002305AA384631469F
:10D6F000A0470AB0BDE8F081002340F6B83200929E
:10D70000CDE901331A4601211220FEF73DFD002824
:10D71000E7D0EEE7234B0022964208BF9F42D5E9AF
:10D72000008110D1C37B07920593037C0693037D90
:10D730008DF81C3083691B4808930091134605AA95
:10D740000021C047D5E703881748964208BF8742A3
:10D750001DD1CDE9052207922279E069C3F30B03BD
:10D760009B1A089304F1100313440993227C8DF84B
:10D770001820628A0792C20204D41B79DB075CBFBF
:10D780000323059308480091002305AAD8E70091D8
:10D7900023B104F1100238463146D2E71A46FAE7BF
:10D7A000F70C00000B0002000B00010008B5FCF7AD
:10D7B0000DFD30B34368012B18D190F85830052B7C
:10D7C0001FD1D0F86011838B90F82120C90707D5AD
:10D7D000022A0CBFA3F15A00A3F16E0000B208BDEB
:10D7E000022A0CBF1846A3F11400F7E7022B08D158
:10D7F00090F82130022B40F2AC5008BF4FF4B860D3
:10D80000EDE74FF0FF30EAE70023FCF7D5BEFDF768
:10D81000C1BA73B505460191FBF7E4FE0026066028
:10D820002846FCF7D3FC044638B9FBF7DBFE092396
:10D8300003604FF0FF3002B070BD90F85830013BEC
:10D84000012BF2D84368012B03D0FBF7CBFE2D232D
:10D85000EEE701AA02212846FCF742FE18B1FBF7C9
:10D86000C1FE0660E5E7032384F85830E3E72DE9BD
:10D87000F04788B0884615468146DDE91076FBF70B
:10D88000B1FE4FF0000AC0F800A04846FCF79EFC2D
:10D890001C220446514601A804F0FAFE1CB9FBF70D
:10D8A000A1FE092309E06368012B0CD194F85830DC
:10D8B000052B08D0FBF796FE392303604FF0FF30AD
:10D8C00008B0BDE8F087D4F86031990706D4B8F104
:10D8D000000F03D1FBF786FE0E23EEE74846FFF765
:10D8E00065FFA84203D2FBF77DFE2823E5E74B4600
:10D8F000324639462046FDF7DDFA18B1FBF772FED5
:10D900000023DAE7626894F85830022A33D1052BF5
:10D910000BD0042BC3D194F82130022B6FD10F2EE2
:10D9200071D8FBF75FFE1623C7E794F82120182A69
:10D9300017D10622ADF804204022ADF80C201B2E92
:10D940002AD804F144020DF1100E04F154091068B4
:10D950005168F446ACE8030008324A45E646F6D181
:10D9600029E00422ADF804202C22ADF80C200F2E63
:10D9700057D8226C56E0042BCDD094F821101829EA
:10D9800043D1012A14BF40224C220621042BADF8BA
:10D990000410ADF80C20D2D107F108020DF1100EE1
:10D9A00007F1180910685168F446ACE80300083222
:10D9B0004A45E646F6D1D4F86021920707D5BDF86E
:10D9C0000C007D2D94BF06300830ADF80C00227895
:10D9D00094F86C11042B42EA0122ADF8062000D025
:10D9E00016B37B88ADF80E30424601A92046029559
:10D9F000FDF722F9D0B1FBF7F5FD37235DE7182BD2
:10DA000001D11B2E8CE70423B7E7012A4FF0040154
:10DA100014BF2C2238228B42ADF80410ADF80C2034
:10DA2000A5D17A680492C6E7E38FDBE7284647E78B
:10DA300013B50024CDE90044FFF719FF02B010BD73
:10DA40002DE9F04786B0824689461446DDE90E6826
:10DA5000FBF7C8FD0027076050460497CDF8137008
:10DA6000FCF7B4FB0397054618B9FBF7BBFD092388
:10DA700018E04268012A0FD190F85830052B03D0E6
:10DA8000FBF7B0FD39230DE0B9F1000F07D034BB2F
:10DA9000FBF7A8FD162305E0B9F1000F04D1FBF751
:10DAA000A1FD0E23036011E0002CF1D0022A90F8B2
:10DAB000583014D1013B012B11D83A460121504670
:10DAC000FCF70EFD40B1FBF78DFD07604FF0FF3412
:10DAD000204606B0BDE8F087042385F858306B680F
:10DAE000012B0BD1B4F5B46F0AD995F82130022B74
:10DAF00040F2AC5408BF4FF4B86401E0022BF1D0FF
:10DB000095F85830043B012BAFD82B688DF81030B6
:10DB10002B8BADF8153003AB01934FF040430093CE
:10DB200004AA07236B212846CDF81140FCF79EFE7E
:10DB3000264B02469A42039802D1FBF765FE9FE707
:10DB4000002A3CD11146FBF753FE43699C4228BF93
:10DB50001C46038B00F11001054622461944484635
:10DB600004F0AEFE7EB12B8A042B10D1D8F8003021
:10DB70000F2B22D96B8B738002237370EB69736058
:10DB80001023C8F800300398FBF73EFEA0E7062BF1
:10DB900013D1D8F800301B2B0FD96B8B738018234F
:10DBA000737005F11C0308362C3553F8042B46F826
:10DBB000042BAB42F9D11C23E3E70023E1E708B1D2
:10DBC000FBF722FEFBF70EFD00236BE736BB0100DF
:10DBD00013B50024CDE90044FFF732FF02B010BDB9
:10DBE0002DE9F341089F884616461C46FCF7EEFADD
:10DBF000054640B9FBF7F6FC092303604FF0FF3000
:10DC000002B0BDE8F0811CB9FBF7ECFC0E23F4E791
:10DC10004FF6FF73984509D0B8F1060F06D0B8F15A
:10DC2000000F03D0FBF7DEFC1623E6E741F22C03DE
:10DC30009E4242DC41F225039E420BDC1F2E57D050
:10DC400013DC032E00F08C80082E49D0FBF7CAFCB1
:10DC50002A23D2E7A6F58156073E052E00F2A480BE
:10DC6000DFE806F0A8B1B1BDC3C941F206039E4288
:10DC7000ECD1236843B9626840F2E631013A8A4246
:10DC80009CBF4FF47A7262604FF47A716268B2FBA3
:10DC9000F1F2C3EB431103EB810302EBC303022F49
:10DCA0003A46ADF8063028BF02220DF1060105F113
:10DCB000180004F005FE0020A2E743F212039E4282
:10DCC000C4D123785A1ED1B21E2941D81A423FD15D
:10DCD000042F3A46214628BF042205F5B270E8E732
:10DCE000022F3A46214628BF022205F11400E0E740
:10DCF000082F01D0042F95D142493A46204604F01E
:10DD0000DCFC18B90123C5F86031D4E73E493A4636
:10DD1000204604F0D2FC08B90923F4E73B493A460F
:10DD2000204604F0CAFC08B91123ECE738493A460A
:10DD3000204604F0C2FC08B90523E4E735493A4619
:10DD4000204604F0BAFC0028B5D140F20113DAE70E
:10DD5000314A3249324840F26923F5F781FF61E7E1
:10DD60002368072B15D9802B12D008DC402B13D049
:10DD7000602B13D0202B7FF455AF012309E0C02B7B
:10DD80000ED0E02B0ED0A02B7FF44CAF052300E08B
:10DD90000423C5F868318EE70223FAE70323F8E786
:10DDA0000623F6E70723F4E72378022B3FF63AAF82
:10DDB000AB7680E72378802B7FF434AFD5F86031E1
:10DDC00043F080039FE7214605F15A00FCF7B0FAC3
:10DDD00000283FF470AFFBF705FC0C230DE7022F82
:10DDE0007FF420AF2388AB8365E7012F7FF41AAF60
:10DDF0002378EB765FE7012F7FF414AF2378AB75C0
:10DE000059E700BFB08F2108B48F2108BC8F2108CB
:10DE1000C48F2108CC8F21085F902108D48F21085E
:10DE2000388821082DE9F3411E460023089CADF8EF
:10DE3000063080460F461546FCF7C8F940B9FBF797
:10DE4000D1FB092303604FF0FF3002B0BDE8F08141
:10DE50001EB9FBF7C7FB0E23F4E74FF6FF739F4293
:10DE600001D0062F00D11CB9FBF7BCFB1623E9E754
:10DE700041F208039D4223DCB5F5805F07DC082DE5
:10DE80004BD01F2D71D0FBF7ADFB2A23DAE7A5F5A8
:10DE90008055013D072DF6D801A353F825F000BFAA
:10DEA000E9EE200887EE200887EE200887EE20089C
:10DEB00087EE20080BEF200849EF20082BEF200801
:10DEC00041F225039D4237D041F226039D4254D0B2
:10DED00041F224039D42D6D12268003A18BF0122A4
:10DEE000226000F121010BE04046FFF75FFC226851
:10DEF000ADF80600022A28BF022222600DF10601B9
:10DF0000304604F0DDFC00209FE72268022A28BF8B
:10DF10000222226000F11801F2E72268022A28BFDB
:10DF20000222226000F11401EAE72268042A28BFD5
:10DF300004222260011DE3E72268042A28BF04228C
:10DF4000226000F11001DBE72368042B28BF0423C3
:10DF50002360FBF747FB22680146304604F0B0FC23
:10DF6000FBF740FB00230360CDE72268042A28BFAB
:10DF70000422226000F5B071C2E72268003A18BF9F
:10DF80000122226000F11A01BAE700BF10B5044671
:10DF9000FBF728FB002101602046BDE81040FCF79C
:10DFA00025BD000070B50838A6B0092800F22A8106
:10DFB000DFE810F00A004D0028012801280128019F
:10DFC000280128018D00DA008F48002908BF01468A
:10DFD0000820FBF77FFC002837D18C4A53886BBBA5
:10DFE0008B4B01AA03F108061546186859681446B8
:10DFF00003C40833B3422246F7D118681B79237152
:10E000002060132200210DF1110004F041FB742265
:10E01000002109A804F03CFB0C238DF824300223D6
:10E02000ADF8323001230E9340F20243ADF8443094
:10E030002A460021082000F021F906E012F8041B0E
:10E04000012000F06BF90028CAD026B070BD6E48E0
:10E05000002908BF01460920FBF73CFC0028F4D149
:10E060006A4A53885BBB6A4B01AA03F1080615464E
:10E0700018685968144603C40833B3422246F7D1DE
:10E0800018681B7923712060132200210DF1110003
:10E0900004F0FEFA7422002109A804F0F9FA0C2316
:10E0A0008DF824300223ADF8323001230E9340F274
:10E0B0000243ADF844302A4600210920BBE712F89C
:10E0C000041B012000F02AF90028CCD0BDE75148FC
:10E0D000002908BF01461020FBF75CFC0028B4D1E2
:10E0E0004D4A5388002B37D1494A106A516A01AB17
:10E0F00003C3118D92F82A2019809A7000211522ED
:10E100000DF10F0004F0C4FA7022002109A804F0F8
:10E11000BFFA424B099304238DF8283005238DF86C
:10E120002E3003230C9303F5C803FF210D934FF00A
:10E130000313CDE90E1301238DF8413040F2014362
:10E14000ADF84430364BCDE913336FF07F43159370
:10E1500001AA002110206EE712F8041B032000F032
:10E16000DDF80028C0D070E72A48002908BF014622
:10E170001120FBF70FFC00287FF467AF264A538875
:10E18000002B37D1224A106A516A01AB03C3118DAB
:10E1900092F82A2019809A70002115220DF10F00A3
:10E1A00004F076FA7022002109A804F071FA1B4BE2
:10E1B000099304238DF8283005238DF82E3003238E
:10E1C0000C9303F5C803FF220D934FF00313CDE921
:10E1D0000E2301238DF8413040F20143ADF8443065
:10E1E0000F4BCDE913336FF07F43159301AA002144
:10E1F000112020E712F8041B032000F08FF80028FC
:10E20000C0D022E70F2020E7CC902108D60D0000D7
:10E2100008912108909021080E0D00000A000200CC
:10E22000C0A80A0A0838092810D8DFE800F0050855
:10E230000F0F0F0F0F0F0A0D0820FBF759BB092016
:10E24000FBE71020FBF7A8BB1120FBE70F2070476E
:10E250000838092810D8DFE800F005080F0F0F0F65
:10E260000F0F0A0D0820FBF74BBB0920FBE710201E
:10E27000FBF794BB1120FBE70F20704708B50B4656
:10E28000FF2B114603D0082803D010280BD00F20F5
:10E2900008E0012B0CD80748942202FB030004F08D
:10E2A0000FFB002008BD012B02D803489022F4E7A1
:10E2B0002720F7E7681A010048190100FF2908B56F
:10E2C0000346104604D0A2B1082B03D0102B0BD06C
:10E2D0000F2008E001290ED8084B942202FB0131DF
:10E2E00004F0EEFA002008BD012904D8044B902266
:10E2F000F4E72220F7E72720F5E700BF681A0100BE
:10E3000048190100031F042B05D90C38012894BFBC
:10E310000020012070470020704700002DE9F041E7
:10E3200005460C461E461746002A66D0002B64D0D0
:10E330000846FFF7E7FF28B933462846BDE8F04115
:10E34000FBF71BBE15F47F410AD1072D28462CD0C0
:10E3500003DC2B46013B052B1DD90120BDE8F081D4
:10E360000D1207290B4605F10700F3D9B1F5806FAF
:10E3700008D00ADCB1F5007F04D021F40071B1F5BA
:10E38000807FEAD144F000412BE0B1F5A06FF9D0D5
:10E39000B1F5C06FF5E7611E09292ED8DFE801F05D
:10E3A0002B29272D2D2D2D2D2D20631E092BE9D84E
:10E3B00001A252F823F000BFF7F32008F3F320087E
:10E3C000EFF3200885F3200885F3200885F3200863
:10E3D00085F3200885F3200885F32008E1F3200861
:10E3E000032133463A46BDE8F041FFF795B80221D4
:10E3F000F7E70121F5E70021F3E72120AEE700BFB1
:10E400002DE9F04104460E461F4601EB0308BA42CF
:10E4100030DA98F80000551EA118B318984511D1AC
:10E420006B1CE05DE15CE054E155F15C98F80000A4
:10E43000F05488F800102B4631462046FFF7E0FFE5
:10E44000AA1CE4E793F800C0844510D2013591F886
:10E4500000E014F805C004F805E081F800C016F8E3
:10E4600005C093F800E006F805E083F800C001312C
:10E470000133D3E7BDE8F081074B10B41C680A46AE
:10E4800034B10146A44604235DF8044B05206047DF
:10E490005DF8044B704700BF9C1B0100014B1860E6
:10E4A000002070479C1B010010B5154C206850B12E
:10E4B000F3F771FD28B1134A134914484E23F5F7B9
:10E4C000CFFB00232360124C206850B1F3F7A2FF6A
:10E4D00028B10C4A0C490F485623F5F7C1FB00231D
:10E4E00023600D4C206850B1F3F723FE28B1054A94
:10E4F00005490A485E23F5F7B3FB0023236010BDEE
:10E50000941B01003A95210848912108D2912108D5
:10E51000901B010009922108981B010044922108D8
:10E520002DE9F04FDFF894A1584FADB0DAF80000B4
:10E530004FF0FF33002205A9F3F736FF0028F5D18D
:10E54000069A12F0060F00F096803A6822B107A9E9
:10E550008DF81C00FFF790FF9DF8144007AA0021DA
:10E560002046FFF7ABFE58B300238DF80C30FF2395
:10E5700007AA012120468DF81030FFF79FFE0123E6
:10E580008DF80D3008BB9DF8AC308DF8113003A824
:10E590000123002204A9FFF733FF07A8FEF7C6FDF9
:10E5A000A8B100903A4A3B493B484FF48B73F5F7CA
:10E5B00057FB0124DFF8DC9003AE4FF000080EE0BB
:10E5C0009DF8AC308DF80C00D2E7FF23DDE79DF815
:10E5D0001C30002BEDD10324ECE74FF00108B346CB
:10E5E00008209BF80010FFF733FE01360546B0B94E
:10E5F0009BF80030294A00932649294840F24113EC
:10E60000F5F72EFB012407A928468DF81C40FFF7DB
:10E6100033FF244B21461868F3F7FBFC86E7019093
:10E6200016F8013C00931D4A1F484FF4A373494656
:10E63000F5F716FBB8F1000FCFD01C4A1C4840F28A
:10E6400059134946F5F70CFB47F23050F3F7BDFC80
:10E65000013CB1D1134B02211868F3F7DAFC3B6897
:10E6600033B1022307A920468DF81C30FFF704FFC1
:10E67000FFF71AFF5AE7D3077FF558AF0D4A054950
:10E680000D4840F2A313F5F7EBFA4FE79C1B01008E
:10E69000E494210848912108769221089D9421084C
:10E6A000AE922108981B0100E7922108C09421082E
:10E6B000269321080395210851932108901B0100FE
:10E6C0002DE9F341064600200D46F3F78CFC3F4F41
:10E6D000386050B93E4A3F493F486C23F5F7C0FACD
:10E6E0000124204602B0BDE8F0813C4ADFF81481E5
:10E6F00008210A20F3F7E0FDC8F8000020B9344AE9
:10E70000344937487423E9E7364A37480021F3F79C
:10E71000BFFB364B186020B92D4A2E4934487C2364
:10E72000DCE72A4600213046FFF7C8FD04460028F2
:10E73000D7D195F8243013F0FD0F2BD0032B2BD01D
:10E74000042B0CBF0D2000202A4A2946FEF736FE76
:10E7500058B31F4A1F4928489123F5F781FA04232B
:10E76000019300231A466946D8F800008DF800602E
:10E77000F3F7E2FD002238684FF0FF330121F3F791
:10E78000A4FCC2070AD5124A12491C489A23F5F77D
:10E7900067FAA6E70520D7E70920D5E7830704D560
:10E7A0000B4A0C4916489D2398E7022105F14000C9
:10E7B000FBF78AFB0446002893D101462A4608202D
:10E7C00002B0BDE8F041FFF759BD00BF981B010042
:10E7D00025952108489121087A93210878952108E8
:10E7E000AD9321089095210821F52008941B010084
:10E7F000E9932108C0D401001E9421084E942108F9
:10E8000077942108901B010013B50A4A0090044632
:10E8100009490A4840F23113F5F722FA084B1C6007
:10E82000084B1B68D869102102B0BDE81040F3F70F
:10E83000F0BB00BF959B2108B495210835962108AF
:10E84000A00E0000A41B01002DE9F04F964E974F3B
:10E85000306099B0102200210CA803F019FF80232A
:10E860000622012102200993FEF7CEFF002838601E
:10E8700011DAFAF7B7FE036800938D4A8D498E4886
:10E8800040F24113F5F7ECF933680221D869F3F748
:10E89000C0FBF3F77BFB864A864900904FF4A373D5
:10E8A0008648F5F7DDF904230093386809AB262282
:10E8B0004FF6FF71FAF7B0FD00280EDAFAF792FE74
:10E8C000036800934FF4A773794A7A497C48F5F7B7
:10E8D000C7F93868FFF75AFBD6E701243868009477
:10E8E0000DF1230319224FF6FF718DF82340FAF73B
:10E8F00093FD002806DAFAF775FE0368009340F2EC
:10E900005913E1E73368386802258DF831501B88C8
:10E91000ADF8323010220CA9FEF779FF002809DA91
:10E92000FAF760FE03680093614A6249654840F265
:10E930006513CCE738682146FEF76BFF002809DA3B
:10E94000FAF750FE03680093594A5A495E484FF45B
:10E95000B773BCE7BDF83230554A56495B4800935F
:10E960004FF4BA73F5F77CF900230B933368214613
:10E970001A8AD8690A92F3F74CFB55493868FAF7B6
:10E9800045FD50B1FAF72EFE03680093484A494905
:10E99000504840F27F13F5F763F930680022C069F0
:10E9A0004FF0FF331421F3F790FB821C72D010F06C
:10E9B0000403049317D033683E4947484FF0FF32B1
:10E9C0005A6140F28B133A4AF5F74AF93868FFF773
:10E9D000DDFA33680821D869F3F71BFB4FF47A702E
:10E9E000F3F7F3FAFAE7C30654D533683B4DD86919
:10E9F0001021F3F73FFB2B682D4A394800932D492E
:10EA000040F29313F5F72CF933683A6828685A6195
:10EA100098611B8ADBB10823009341F206020AAB1E
:10EA20004FF6FF71FFF7DCF850B1214A21492D481C
:10EA30004FF4CD73F5F714F92868FFF7A7FA9CE7B0
:10EA40001B4A1C4928484FF4CF73F5F709F934687D
:10EA50002B68069304F154080023236584F864347A
:10EA6000C246039340F2FF3B069800235A465146A4
:10EA7000FFF7AEF8B0F100093CDAFAF7B3FD03682E
:10EA800000931A481A4A0B49F123F5F7E9F806985A
:10EA9000FFF77CFA114B1868FFF778FA024B1B68F6
:10EAA0000022C3F8682468E7A41B0100A40E00003C
:10EAB000AC9B2108B49521085D9621089696210803
:10EAC000BB962108F69621082B972108629721080A
:10EAD00009F820088E972108C5972108A00E00008C
:10EAE000FC97210836982108569821087698210825
:10EAF000819B2108039A039BB2494A445344002551
:10EB00000AF8025018460392079303F0FBFD079B97
:10EB100005900093AC4AAD49AD48FD23F5F7A0F848
:10EB2000059BCA44002B00F042819D70DD701C22C1
:10EB3000294611A8109503F0ABFD2565A4F84A50AD
:10EB40002562A4F8445004F15403A94501DC45466C
:10EB500083E01A46013311780D2940F0C7801978F7
:10EB60000A2940F0C3804FF0000A82F800A09749BC
:10EB700083F800A0974A9848CDF800807A23F5F7EB
:10EB80006FF82021404603F08BFD944980F800A0E7
:10EB90008146404603F02FFE002848D09049404669
:10EBA00003F029FE002841D08E49404603F023FEA1
:10EBB000002800F093808C49404603F01CFE00289A
:10EBC00000F08E808949404603F015FE002800F0D1
:10EBD0008980B4F80890D4F8208004F12005BDF8AD
:10EBE0001030994514D9B8F1000F00F0E780636840
:10EBF000049A414653F8320003EBC20A03F0FBFDCE
:10EC0000002840F0DB80DAF8043029462046984797
:10EC1000236A002B3FF43EAF94F86434002B7FF45A
:10EC200039AFE36829462046984733E7012084F846
:10EC30004C0009F101002062202103F031FD38B1C0
:10EC4000002300F8013B6A4903F0D5FD00284BD0B2
:10EC50000023023584F848304544C4F8545428460B
:10EC600003F03CFE3F210790206A03F019FD0028C5
:10EC70003ED14FF000092B46CA46079A4A4564DC4C
:10EC8000236DA4F84AA0504A00935049594840F2D5
:10EC90000713F4F7E5FF236D002B9AD0059AC4F80B
:10ECA0006034A2EB080500954FF48773464A474944
:10ECB0005148F4F7D5FF039B0435AB4289DD5B1B5C
:10ECC000C4F85C34404A009340494C484FF48A737E
:10ECD0004544F4F7C5FFC4F858547AE70220A6E784
:10ECE0000320A4E70420A2E70123B2E701352CE7C3
:10ECF00081464FF0000A04F1200309F801ABA34656
:10ED0000A4F844A00693CBF824904846262103F0AB
:10ED1000C7FC814608B109F801ABDBF824003D21AE
:10ED200003F0BEFC08B100F801ABB4F84420CBF806
:10ED300028000132A4F84420B9F1000F99D0069BB5
:10ED40000BF1080B5B45DED193E715F809200D2A7E
:10ED500005EB090B28D19BF801200A2A24D10AF1DE
:10ED6000010A274806930E2219461FFA8AFA03F071
:10ED7000A4FCA0B9069B3A21184603F091FC437805
:10ED8000202B0CBF811C411CABEB01021F2A06DCAF
:10ED900010A803F0A4FC10A802F01CFC206509F1E7
:10EDA00002032B4409F1010909F1010965E7ABEB05
:10EDB000090BBBF1000F3FF757AE0AE7049B013385
:10EDC00004930CE734872108819B2108B49521081E
:10EDD000AE9821086A9B2108C9982108ED9821085E
:10EDE000F1982108F6982108FA982108019921083C
:10EDF000069921081E992108499921086C99210832
:10EE00000F99210838B50D460446002832D0FDF789
:10EE100071F8062806D10220FEF7CAF930B940F68B
:10EE2000443038BDFDF766F80928F4D0FDF762F8E4
:10EE300020B90120FEF7BCF90028F0D02B880E4A3B
:10EE40002380EB68002B08BF1346E3606B686360A8
:10EE50002B8923812B8A2382002565652846F3F7B9
:10EE6000C2F83422E061294604F1200003F010FCCE
:10EE70002846D6E72120D4E75502210810B50446DC
:10EE800078B14069431C04D0FFF780F84FF0FF339E
:10EE90006361E069F3F74DF9002060602081E06074
:10EEA00010BD2120FCE7000070B5104E104A01464D
:10EEB000044600250F483560F2F7EAFF306098B14C
:10EEC0004FF0FF33E0692A460321F3F7FEF8C31C35
:10EED000012B09D910F0020007D0E0690221F3F7F5
:10EEE000C9F82046FFF7CAFF012070BDA01B010032
:10EEF000C89B210849F8200810B504460421C069C0
:10EF0000F3F787F8E0694FF0FF3300220821F3F7A9
:10EF1000DCF80330012818D90D4C2068F3F73BF8D2
:10EF20002068F3F70DF8042806D10A4A0A490B486D
:10EF300040F28123F4F794FE0948064A064940F25C
:10EF40008323F4F78DFE002010BD0120FCE700BFF5
:10EF5000A01B0100569B2108B4952108989921080F
:10EF6000C2992108F7B504460F4600295ED04868CB
:10EF700000285BD00B68002B58D01B6B002B55D0A2
:10EF80008E68002E52D0D4F85C540023CB60002D44
:10EF90003BD0B54228BF35462A46D4F8581403F072
:10EFA0008FFCD4F85834D4F85C24BE682B44C4F8E1
:10EFB0005834D4F86034521B5B1BAE42C4F8603442
:10EFC000C4F85C24FD6002D1002003B0F0BD002B2A
:10EFD000FAD0761B002EF7D07968A069002332465C
:10EFE0002944FEF7F5FD002815DAFAF7FBFA036865
:10EFF0000F4A10491048009340F20933F4F730FEED
:10F00000A069FEF7C3FF0120DFE7D4F860349E4219
:10F0100028BF1E46DEE7D4F860341B1AC4F86034FB
:10F02000FB6803440544361AFB60D3E72120CCE794
:10F03000359B2108B4952108769821082DE9F04FD9
:10F04000002295B00423CDE9062307460D4600298A
:10F0500000F0D480D1E905239A4200F2CF8090F8E5
:10F06000644424B10124204615B0BDE8F08F07ABFD
:10F07000009341F2010206AB4FF6FF718069FEF783
:10F08000D1FE069B03931C2221460DA8CDE908441E
:10F09000CDE90A440C9403F0FBFA686900F2FF30F2
:10F0A00002F0B8FA064670B95B4A5C495C4840F227
:10F0B000CB13F4F7D5FD5B4A58495B4840F22F3338
:10F0C000F4F7CEFDCEE70DF120082A8857494046D7
:10F0D00003F0BCF9AA691AB155490CA803F0B6F9B6
:10F0E00097F84820534B544C4046012A08BF1C4611
:10F0F00003F0F4FBCDF80080234600F10C014F4AE9
:10F10000304603F06FF9D5F804800446B8F1000FDB
:10F110000AD0404603F0E2FB494A00F111014346A0
:10F12000301903F05FF90444AB6953B10CA803F044
:10F13000D5FB444A00F113010CAB301903F052F92E
:10F140000444AB8913B1AB68002B43D13E4930195D
:10F1500003F05BFB2969153449B1D5F81480B8F187
:10F16000000F04D03019424603F0AAFB4444D7F8FC
:10F1700018B0B0468CBB304602F054FAD5E90523EE
:10F180009B1AC7F86834012387F864346BE7AB68CF
:10F1900003EBC80953F838300593184603F09EFB7B
:10F1A000D9F8042004928346104603F097FB049A92
:10F1B00000920BEB0001059B244A0531504603F0F9
:10F1C00011F908F101080444AB89984506EB040ADB
:10F1D000DDDBBBE74FF00008F6E7039BA34228BF47
:10F1E00023469A465246002341465846FEF720FCE5
:10F1F000013005D0D044A4EB0A04BBE7212432E758
:10F20000054A0649124840F20F23F4F729FD30461B
:10F2100002F008FA4FE700BFFF9A2108B4952108D1
:10F22000FF992108189B21088D9A210887842108BD
:10F230003B9A2108EB992108F59921083F9A21086A
:10F24000469A2108599A2108779A21086E9A21082E
:10F25000AE9A210810B588B004460E2200210DF1A7
:10F26000060003F015FA4FF4CA73ADF80430074BEB
:10F270000293074B059301A90A232046CDE90633E3
:10F28000FFF7DCFE002008B010BD00BFCB582108FE
:10F29000DA9A21082DE9FF47164604230022CDE91A
:10F2A00002230F460446A0B399B396B390F8643492
:10F2B0007BB3D0F86834B3422BD303AB009380699F
:10F2C00002AB41F201024FF6FF71FEF7ABFDD4F83D
:10F2D0001890DDF808A03546AA45D04628BFA846B4
:10F2E0000023424639464846FEF7A2FB013009D0CA
:10F2F000B5EB08054744EFD1D4F868349B1BC4F83C
:10F30000683407E0054A0649064840F25533F4F7E9
:10F31000A7FC0125284604B0BDE8F087E59A21083E
:10F32000B49521088D9A2108024B01461868F2F71E
:10F3300070BE00BF34180100F0B5274E337887B097
:10F340000446002B3AD1204605A9FCF782F9044671
:10F35000002839D1024601460598FAF749FA437860
:10F36000078843F05003054643700120FCF7DEFC9C
:10F370003A4605F110012846F9F762FF38B1174AFD
:10F380001749184840F27B13F4F76AFC00BE0020CE
:10F39000FCF7CCFC05230022CDE9003210490F4ACE
:10F3A0001148029740F28313F4F75AFC33780BB1FB
:10F3B000F9F7D4FD0598FAF727FA09E0F9F7BEFD49
:10F3C0000028C0D0072403E033780BB1F9F7C6FD5D
:10F3D000204607B0F0BD00BF8A160100779D2108C6
:10F3E000EC9B2108819C2108A29C210838B50C4681
:10F3F00060B90B4D2846F9F799FD012C08D12B88EF
:10F40000DB070BD54FF48070F9F7E4FF002038BD1F
:10F41000288880F01000C0F30010F8E72046F6E7D7
:10F42000AA1B010038B5154610B309B302B3134C3B
:10F430004FF482738380D4F88030C36094F87630C0
:10F44000837194F874304B72537200230360A06F81
:10F45000FCF7ECF8E36F98420BD8294604F14C0016
:10F46000FCF7F2F84020FCF7E7F80023C4E91E336C
:10F4700038BD2846FAF7C8F9F7E700BFDC160100E7
:10F480002DE9F043454F3B7887B00446002B77D1F8
:10F4900005A92046FCF7DDF80646002877D102468C
:10F4A00001460598FAF7A4F9314605463246006848
:10F4B000FAF79EF929794378B0F8009043EA0113EE
:10F4C0004370438806461BB3AA79100742BF3448ED
:10F4D0004FF0010C80F800C0D00610D4012084F851
:10F4E00021002868407A84F8241084F832202A69A0
:10F4F000A2636A696263EA6820866384E263B02B70
:10F5000003D04D2B01D01C2B02D10120FCF708FCAD
:10F510000120FCF70BFC4A4606F110013046F9F7D2
:10F520008FFEB3781C2B804601D1F9F7C3FE002073
:10F53000FCF7FCFBB8F1000F07D01A4A1A491B4828
:10F5400040F23F13F4F78CFB00BECDF808907388AF
:10F5500001932B790093134A1349154840F2431342
:10F56000F4F77EFB3B780BB1F9F7F8FC2868FAF763
:10F570004BF90598FAF748F9E36A0133E36203E0CF
:10F58000F9F7DCFC002883D007B0BDE8F0833B78B6
:10F59000002BF9D0F9F7E2FCF6E700BF8A1601006C
:10F5A000A81B01008C9D2108EC9B2108819C21084F
:10F5B000A29C2108064B012283F8202083F86420B6
:10F5C00083F8A82083F8EC2083F83021704700BF2F
:10F5D000DC160100704747F61F40704703685B0563
:10F5E00033D41C4B1B78002B31D11B4B1B4A1B887F
:10F5F000126803F00101C3F3001322BB184A10780C
:10F60000184A126882431ED1174A1068174A1268B6
:10F6100022EA000232F0080215D1154A1268003AB7
:10F6200018BF01225B0043EAC103124843EA820388
:10F630005B00D84010F003000BD001280CBF0A205B
:10F640004FF0FF3070470122ECE7002070474FF089
:10F65000FF307047A81B0100AA1B0100B81B010066
:10F66000AC1B0100BC1B0100B01B0100C01B010052
:10F67000B41B0100620062512DE9FF410023244FB9
:10F6800001933846FCF728FB10B904B0BDE8F081BF
:10F6900001A93846FBF7DDFF05460028F1D10246F7
:10F6A00001460198FAF7A4F843888689142B04468A
:10F6B0000ED10823002E17488DF8083014BF0223FE
:10F6C0000123039300682B462A4602A9F2F734FE71
:10F6D000DFF84480D8F80030B3B13146A078FBF7AA
:10F6E00009FE6388AF2B06460D4602D12046FBF784
:10F6F0001BFC002D08BFB6F1FF3F019A04D0D8F8DB
:10F7000000303046294698470198FAF77DF8B8E767
:10F7100030170100901B01009C18010073B50023F5
:10F72000124E01931148FCF7D7FA08B902B070BD28
:10F7300001A93046FBF78DFF04460028F2D10246AE
:10F7400001460198FAF754F822460546214600681A
:10F75000FAF74EF801462846FAF7EEF92868FAF764
:10F7600053F80198FAF750F8DCE700BFFC170100E6
:10F7700073B50024144D019455F8040BF0B101A9A0
:10F7800000F5EC70FBF765FF0246B8B955F8043C8C
:10F79000D3F874317BB101460198FAF729F8018B4F
:10F7A00055F8043C4269D3F87461103100F110033C
:10F7B00001442046B0470198FAF726F80134142C8A
:10F7C000DAD102B070BD00BF34160100FCF78ABA6E
:10F7D00008B5FBF731FF002008BD0000F7B51D4656
:10F7E000002304460F4616460193ADF80230182256
:10F7F0004FF47A73012101A8F9F7AEFF38B1104A2E
:10F800001049114840F29E73F4F72AFA00BE01989D
:10F8100038600DF102020021F9F7EAFF68B1019B9F
:10F820005E72089BC360BDF8243003810423857198
:10F8300003712060002003B0F0BD0E20FBE700BF85
:10F840004E9D2108EC9B2108078721080020704766
:10F850002DE9F04F03685B059DB0074640F17883C2
:10F86000402200210CA802F013FF002307A8CDE9D5
:10F8700006330893ADF81630F9F7DCFC002840F0A9
:10F880007B86B64E33780BB1F9F768FBB44B1B6837
:10F890001BB93B6823F480633B6007980DF11602A7
:10F8A0000021F9F7A5FF448890F80190B0F80C808A
:10F8B000B02C05464FEA191903D04D2C01D01C2C51
:10F8C00002D10020FCF72CFA2B88A64AA649A748AB
:10F8D00023F47043CDE90283CDE9009440F25F2325
:10F8E000F4F7BEF9B9F1040F07D0B9F1050F00F034
:10F8F000D5850798F9F788FF28E36B78892C03F002
:10F900000F036B7000F27281612C00F2A380432C14
:10F910001AD9A4F1440292B20123934013F4ED6F7B
:10F9200000F0F080924BDA6E0132DA66B3F86620AE
:10F93000A24202D1002283F86520192C00F04383F3
:10F94000C32C00F040838CE22D2C00F2F9801C2C9B
:10F9500000F220810B2CCCD9864A0123A34013420C
:10F9600040F01483844A134240F03A82834A1A409A
:10F97000002ABED0EEE1A4F1C90292B20123934065
:10F980007F4A1A40002ACDD17E4A1A40002A40F010
:10F990004A81CD2CADD1F9F7E1FA754B07989A6AF7
:10F9A00001329A625A8CA24201BF0022C3E90D22A1
:10F9B00083F821205A84F9F727FF2020FBF73CFE2B
:10F9C000C4E2A4F1BA039BB2012101FA03F342F2AB
:10F9D00008321342A6D144F20102134240F0BA8128
:10F9E000BE2C86D1624CE36E94F876200133D607A4
:10F9F000E366B4F8663022D5BE2B7FF47AAF1822C6
:10FA00004FF47A730DEB0200F9F7A6FE38B1554AB0
:10FA100055495D4840F29A33F4F722F900BE0BAA2B
:10FA200000210698F9F7E4FEB8F1640F08BF4FF023
:10FA30000008DDE90621A0F80880FFF7F3FCB4F820
:10FA40006630BE2B7FF455AF002384F86530A4F8F0
:10FA500066304EE7A4F16203272B3FF64AAF01A2BE
:10FA600052F823F0170B2108910E2108F308210802
:10FA7000910E2108F3082108F3082108910E2108AE
:10FA8000F308210887102108170B2108170B2108FC
:10FA9000910E2108270C2108910E2108910E2108B2
:10FAA000910E2108910E2108910E2108170B2108B3
:10FAB000F3082108550D2108F3082108F30821084F
:10FAC000F3082108910E2108910E2108910E2108BA
:10FAD000F3082108F3082108F3082108F308210896
:10FAE000910E2108F3082108F3082108F3082108E2
:10FAF000F3082108F3082108F3082108F308210876
:10FB00009B092108214A1A40002A40F08C80612C70
:10FB10007FF4EFAE6C242846FBF706F96B88612B67
:10FB200004BF6C236B806B88422B40F08683B5F951
:10FB3000122000214FF0FF30FAF79CFB064690E3BD
:10FB4000A4F12E0292B201239340114A13427FF492
:10FB5000E9AE13F4401FDED1412C62E08A160100A9
:10FB6000CC1501009C9D2108EC9B2108E49C2108F8
:10FB7000DC16010000009E030000211000100008A8
:10FB8000430088000C0004000787210801000200E0
:10FB900003930600A4F11D039AB20F2A3FF6A9AE03
:10FBA0000F2B3FF6A6AE01A252F823F0910E2108CA
:10FBB000F3082108F3082108F3082108F3082108B5
:10FBC000F3082108F3082108910E2108F308210801
:10FBD000550D2108F3082108F3082108270C2108F6
:10FBE000270C2108F3082108550D2108C82C00F224
:10FBF0009780B92C3FF6E5AEA52C6ED88A2C3FF441
:10FC000078AEA4F18B0292B201239340964A1A4037
:10FC1000002A7FF487AE954A1A40002A40F09A8065
:10FC2000A12C7FF466AE924ED6F8B0301822013384
:10FC3000C6F8B03001214FF47A730DEB0200F9F7EA
:10FC40008BFD38B18B4A8C498C4840F2DD33F4F798
:10FC500007F800BE0BAA00210698F9F7C9FD4FF47A
:10FC600001728280B6F8AA10A0F808808C42034680
:10FC7000DDE906C005D0A12C40F04982902940F072
:10FC80004682D6F8C420DA6096F8BA209A7196F8BF
:10FC9000B8208CF80920F02C4272186096F8BA202F
:10FCA00000F03982CB2C40F0A5824BF6F135A84507
:10FCB00040F09C82CB2940F0AD82002386F8A93029
:10FCC000A6F8AA30002A40F0678206996C48FBF734
:10FCD000BBFC0420FFF728FB38E1A4F1A7039AB28C
:10FCE0000A2A3FF606AE0A2B3FF603AE01A252F8EF
:10FCF00023F000BF170B2108F3082108F30821089F
:10FD0000270C210855142108F3082108F3082108BD
:10FD10004D0E21084D0E2108550D2108270C2108F4
:10FD2000E02C7FF628AEA4F1E40292B21B2A3FF643
:10FD3000E0AD01239340534A1A40002A7FF4F2AD0C
:10FD400041F6010213427FF46EAF44F220021342E7
:10FD50003FF4CFAD464DAB6A0133AB6295F832301C
:10FD6000DE0767D56B8CA34264D118224FF47A73F7
:10FD700001210DEB0200F9F7EFFC38B13D4A3E4995
:10FD80003E4840F2A123F3F76BFF00BE06980BAA92
:10FD90000021F9F72DFD95F8323013F002030646E5
:10FDA00035D0079B03600423B380EB6BA6F8088073
:10FDB000F36095F83230B371079A95F8303053728A
:10FDC000069A5372686BFBF731FCAB6B984223D8F1
:10FDD0002D480699FCF7AAF82020FBF72DFC25E01A
:10FDE000234B5B8CA342B5D1152C08D1B8F1000F81
:10FDF00005D10CA8FBF700FA9DF83030337033784A
:10FE00000BB1F9F7ABF8214B00221A70A2E703609F
:10FE10000798F9F7F9FCC6E70698F9F7F5FC95F8A5
:10FE20003230980702D50798F9F7EEFC0023C5E9B0
:10FE30000D3302E00798F9F7E7FC6B8CA34240F022
:10FE40008580002385F821306B847FE0084BDA6ED3
:10FE50000132DA66B3F86620A24202D1002283F8AA
:10FE60006520AE2C1FD1AEE00F4080048000200042
:10FE7000DC1601009C9D2108EC9B210807872108C6
:10FE80007417010040A00108E4160100A81B01003E
:10FE9000B84BDA6E0132DA66B3F86620A24202D1BC
:10FEA000002283F86520B34D95F87630D90740F1EC
:10FEB000E280B5F86630A34240F0DD8018224FF4AE
:10FEC0007A7301210DEB0200F9F746FC38B1AA4A1A
:10FED000AA49AB484FF44D73F3F7C2FE00BE069833
:10FEE0000BAA0021F9F784FC95F8763013F0020391
:10FEF000064600F0AF80079B03604FF48273B38027
:10FF0000D5F88030A6F80880F36095F87630B371A4
:10FF1000069A95F874305372079A5372A86FFBF7DC
:10FF200085FBEB6F984200F29A8006999548FBF7A3
:10FF30008BFB4020FBF780FB0023C5E91E33B5F89F
:10FF40006630A34202D10023A5F86630F9F78AF99A
:10FF50003B6843F61F021A4200F07983854D8A4EB2
:10FF600000244FF001093A6809FA04F3134207D05C
:10FF700095F82120002A00F004833268134333608F
:10FF80000134052C05F14405EDD10AE3794BDA6E15
:10FF90000132DA66B3F86620944204BF002183F888
:10FFA0006510142C7FF4C9AC142A08D1B8F1000FE5
:10FFB0003FF479AFFBF734F90223337073E7B8F1FC
:10FFC000000F3FF470AF4FF00009DFF8A8A10798C9
:10FFD000DAF880B0CDF824904A464946F9F708FC93
:10FFE000CDE9009805464B464A4609A90AA8FFF7FD
:10FFF000F5FB78B92A880B9010324FF47A730121FF
:020000040001F9
:100000000BA8F9F7A9FBDDF82490024658B1484641
:10001000F9F7FAFB142CC9D0192C7FF444AFFBF785
:10002000FFF80023C9E701460B98F9F7E1FBDDE98A
:100030000A321A602A88C3F80CB01032294602F03E
:100040003FFC49460AF19800FBF7FEFA0420FFF74F
:100050006BF9DFE703600798F9F7D6FB4DE70698E1
:10006000F9F7D2FB95F876309A077FF565AF0798D8
:10007000F9F7CAFB60E707994448FBF7E5FA022065
:10008000FFF752F95BE73B4CE36E0133E36694F80C
:100090007630DB072DD5B4F866306A2B29D11822CB
:1000A0004FF47A7301210DEB0200F9F755FB38B1DB
:1000B000314A3249324840F27633F3F7D1FD00BE7F
:1000C0000BAA00210698F9F793FBDDE90621A0F8B9
:1000D0000880FFF7A7F90798F9F796FBB4F86630A0
:1000E0006A2B7FF433AF002384F86530A4F86630C0
:1000F0002CE7B8F1000F02D1254B01221A700799A5
:100100002248FBF7A1FA0220FFF70EF9E6E70022EA
:10011000DA609A71BDE5CB293FF4CFADD50779D52B
:10012000F02977D112F0020202D11A60F9F76CFBC4
:10013000D6F8BC00FBF77AFAD6F8C030984271D8EE
:1001400006991448FBF780FA8020FBF775FA002324
:10015000C6E92F33B6F8AA309C4205D0A12C7FF413
:10016000F5AE902B7FF4F2AE002386F8A930A6F806
:10017000AA30EBE6DC1601009C9D2108EC9B2108CF
:100180000787210828170100B01B01003017010064
:10019000901801006C1701004FF47A7318220121A6
:1001A00008A8F9F7D9FA38B1A14AA249A24840F201
:1001B0000D43F3F755FD00BE002211460898F9F7EC
:1001C00017FB00244FF6F6730381046096F8BA30EB
:1001D00083710899B6F8B8304B729848FBF734FA37
:1001E0008020FBF729FAC6E92F44AFE6D50711D5E1
:1001F000CB2996E712F0010F05D08C4292D09029BE
:1002000001D1A12C8ED0AA2C04D101221A81002365
:100210002A736B7306998A48FBF716FA0420FFF7D6
:1002200083F897E70698F9F7EFFA96F8BA309B0744
:100230008DD50798F9F7E8FA89E76C2B5BD18149EE
:10024000A88D14230D4651F8042B42B3568C8642D8
:1002500025D192F85860032E21D1D2F8843155F877
:10026000236006B3742C21D0422C62D0A72C60D01E
:1002700006F5C675AB6A0133AB62AB6B002B00F0C1
:10028000B280686BFBF7D2F9AB6B984240F2AB805F
:100290000798F9F7B9FA0023C5E90D3356E6013B93
:1002A00013F0FF03CFD1742C40F09A8018224FF442
:1002B0007A7301210DEB0200F9F74EFA38B15C4A6E
:1002C0005C495D4840F26F43F3F7CAFC00BE002171
:1002D00006980BAAF9F78CFA40F204438380079B37
:1002E00003600699A0F808800023C3605648FBF716
:1002F000ABF91020EEE4432B17D12B8A8BB9E98A96
:10030000504A142352F8046B36B1708C884203D1E2
:1003100096F858000328A5D0013B13F0FF03F1D154
:10032000C1E74FF0FF32002106E44FF0FF32032116
:1003300002E4464DD5F838310133C5F83831D5F8E7
:10034000483105F58875002B9BD118224FF47A733C
:1003500001210DEB0200F9F7FFF938B1344A3549B4
:10036000354840F29743F3F77BFC00BE0BAA00210F
:100370000698F9F73DFA40F204428280698CA0F8B1
:1003800008808C42034608BFEA6B079808BFDA6012
:10039000186004BF95F832209A71DDF818C00FBFBD
:1003A00095F830200022DA609A7142728CF80920A8
:1003B00095F8322012F0010F32D08C4230D112F079
:1003C000020202D11A60F9F71FFA069905F1080036
:1003D000FBF73AF91E4B9D421CD14FF40070FCE430
:1003E0001B4D002646E76B2CAFD16B8C6B2BACD131
:1003F0000799B6F8BC314B72002385F821306B8425
:1004000006F5EC70FBF720F9B36801209840FAF785
:100410001FFD9BE5B36801209840FAF719FD05E53B
:1004200006990948FBF710F91020FEF77DFF04E557
:100430009C9D2108EC9B2108078721086C1701006F
:100440007417010034160100FC170100DC160100CE
:10045000EC17010018224FF47A7301210DEB020012
:10046000F9F77AF938B1A64AA649A74840F2DB4322
:10047000F3F7F6FB00BE0BAA00210698F9F7B8F9CE
:1004800040F204418180079A0699A0F80880002371
:100490000260C360837153724B7227E76B7803F07D
:1004A0000F036B70002C48D1954A9649974840F24B
:1004B0006B53F3F7D5FB2846FAF736FC4FF0FF32C3
:1004C0000321F9F7D7FE044600283FF43FAD079B10
:1004D000B0F8BC215A72D0F8C00104F5EC76D0B95E
:1004E000B4F8AE316B2B24D194F8AD31CBB194F884
:1004F000BE31990715D5002384F8AD3107993046F0
:10050000FBF7A2F8A36801209840FAF7A1FC0023AA
:10051000C4E970331AE5FBF789F8D4F8C43198427E
:10052000DED907993046FBF78FF82020FEF7FCFE56
:10053000EDE76A889A42F4D1D6E7012C05D10799F4
:100540002046FFF783F9FFF7D4B9032C7FF4FEAC04
:100550006F4B0799DA6E6F480132DA66B3F866209E
:10056000032A02BF0022C3E91E2283F86520FBF79D
:100570006BF80220FFF7AEBB3B6823F480633B605F
:10058000E6E432686FEA030822EA03033360624B51
:10059000032C0CBF022101211878FEF727FF002849
:1005A00058D15E4B5E4C1A682368934363D13B6815
:1005B0001A0534D501205B4CDFF85C815A4E0025CA
:1005C000814654F8043B13B3D3F8D031FBB198F80B
:1005D00000000121FEF70AFFE0B154F8040C00F519
:1005E000E870FEF7A9FE30B954F8042C92F889316E
:1005F000013B82F8893154F8043CD3F8D0312BB94F
:10060000336809FA05F223EA02033360002001355A
:10061000142DD6D13B6810B123F400633B603B68D6
:100620009B0414D53C4B01211878FEF7DFFE70B116
:100630003E4C2046FEF780FE236843B93B683C4AA7
:1006400023F400533B60136823F4005313601DB080
:10065000BDE8F08F2846FEF713FF2B68002B7FF4D0
:100660008FAC3B68334A03EA08033B60136808EA2F
:100670000303136084E4DFF8AC90DFF8BCA0DFF87C
:1006800098800025012659F8043B6BB1D3F88C21E2
:1006900052B193F8AD3106FA05F24BB19AF8003039
:1006A0001343DBB28AF800300135142DEBD10DE095
:1006B0009AF8003098F8000023EA020301216FEA5B
:1006C000020B8AF80030FEF791FE40B922683B68C1
:1006D000002A7FF46CAF23F480533B6067E759F83E
:1006E000040C00F5C670FEF7CBFE59F8043CD3F8B5
:1006F0008C31002BD8D123680BEA03032360D3E7A6
:100700009C9D2108EC9B210807872108399D210821
:10071000DC16010030170100A81B0100B01B01000E
:10072000BC1B010034160100B81B0100D4160100E7
:10073000B41B0100C01B0100AC1B010070B50C46CE
:100740000646FBF7D7FB6388C32B054616D0192B4B
:1007500007D1062804D009281BD1E379012B36D113
:1007600070BD142B42D13389002BF9D040F62830CC
:10077000FBF7C4F83089FAF773FB4AE02388C3F328
:100780000B032B2BECD104F11000BDE87040F9F7FE
:1007900047BA09280DD8DFE800F0050C050C0C0C51
:1007A0000C05051A40F62830FBF7A8F83089FAF74F
:1007B00057FB002421463089FBF738FA2046FBF727
:1007C00073FA20460021BDE87040F9F7A7BCE37931
:1007D00033B940F62830FBF791F83089FAF740FB3F
:1007E0006488A4F1AE014C424C41E3E7AE2BB7D88C
:1007F000A02B02D8412BB9D0B2E7A3F1A10189B255
:1008000042F20122CA40D207AAD5AA2BAED0A12B10
:10081000ACD0092DE4D0CCE773B50023144E01937E
:100820001348FBF759FA08B902B070BD01A9304668
:10083000FAF70FFF05460028F2D10246014601985B
:10084000F8F7D6FF2A46044629460068F8F7D0FF95
:10085000054601462046FFF771FF29462046F9F775
:100860006BF92068F8F7D0FF0198F8F7CDFFD7E7CC
:100870007417010038B5144D0024B4FA84F35B09F1
:1008800028685B4200223E21F1F71FFC0443A007C9
:1008900004D5FEF7F1FE24F00204EEE7610704D56B
:1008A000FFF7BAFF24F00404E7E7E20604D5FEF7F9
:1008B00035FF24F01004E0E7A306DED5FEF758FF6D
:1008C00024F02004D9E700BF3418010013B5FEF767
:1008D00082FE0023019340F4000401A8FEF77EFE8F
:1008E00001462046FEF772FF019B1843030204D421
:1008F000019001A8FEF7ACFFEFE720F400000190A3
:100900004FF08070FEF764FFF1F717FBF1F743FB40
:10091000EFE7000030B50D4D8BB0FEF74BFE2C68B5
:100920008CB92022214602A801F0B2FE084B0193A7
:1009300040F264623023CDE90623064801AA21462D
:10094000F1F7A6FA28600BB030BD00BFC41B010050
:10095000BC9D2108CD18210810B5094CFEF73AFEC0
:10096000236863B14FF40000FEF732FF41F2883193
:100970004FF08070FEF72AFF08B10023236010BDFE
:10098000C41B01002DE9F74F0446406801924FF067
:10099000000C4FF0010E2668019A964201D28D5D3F
:1009A000ADB9002B00F0948061684A1E03EB01137F
:1009B000002AC0F28D8053F80C1C013104D053F88A
:1009C000081C013100F0A780013A103BF0E73A2DF6
:1009D00000F002812BD8222D00F094800CD8093D24
:1009E000EDB2172D0BD89E4F27FA05F5ED0706D56A
:1009F000256801352560CEE72C2D00F0F0802768B2
:100A0000019ABA420DD9CD5D5DB13A2D00F21D813A
:100A10001F2D00F20F810A2D40F207810D2D40F0AD
:100A20000781002B40F02281013F276040E07B2DB1
:100A300018D008D85B2D15D05D2DE0D1002BD7D074
:100A40004FF0020905E07D2DD9D1002BD0D04FF019
:100A500001096568013D03EB0518002D2ADA6F1CBA
:100A60003DD133E023B3D4F804800C9F474574D9BB
:100A700008F10107676003EB081A4FF0FF37CAE976
:100A8000027CA7687A1C18BF03EB07194FEA081B02
:100A90001EBFD9F80C700137C9F80C707B2D14BF3C
:100AA0000225012503F80B50CAF80460C4F8088039
:100AB00001309DE7D8F8047001371CD0D8F80870D1
:100AC0007A1C18D198F800A0CA4504D06FF0010034
:100AD00003B0BDE8F08F0136A760C8F8086003EBEB
:100AE0000517002D84DB7E68013608D0BE6801360C
:100AF00005D1A5607CE7013DA8F11008ADE7013DF7
:100B0000103FEEE7751CA846019A2560954201D278
:100B10004F5D1FB926606FF00200D9E7222F1FD169
:100B2000002BC5D067680C9ABA4215D97E1C666046
:100B30003E014FF0030903EB071703F80690C7E9DE
:100B400001850025FD60A668721C1FBF03EB061619
:100B5000F5680135F560ABE726604FF0FF30B7E789
:100B60005C2F0DD1019A6F1C974209D22760CF5D8F
:100B7000752F5DD85B2F06D8222F01D02F2F57D18C
:100B800025680135C0E7A7F15C09364A5FFA89F9A3
:100B90000EFA09F919EA020FF2D1752F48D1023580
:100BA00025604FF004092768019ABA4210D9CD5D3B
:100BB00075B1A5F1300ABAF1090F04D925F0200565
:100BC000413D052D34D80137B9F101092760EAD13B
:100BD0002568013D2560D3E76568013D89E7002B65
:100BE0003FF406AFA5686E1C3FF402AF2D015D5DBA
:100BF000013D012D7FF6FCAE6668771E03EB0616FD
:100C0000002FFFF6F5AE16F8105C013D012D09D856
:100C100056F80C5C013505D056F8085C013501D159
:100C2000A760E5E6013F103EEAE7082D3FF6F9AE82
:100C300026604BE70C4A203DEDB222FA05F5ED07A0
:100C40003FF5EFAE01372760D9E605F0DF08B8F1D0
:100C50005D0F3FF4E6AE203D5E2DF3D9E8E700BF1F
:100C600013008000410444010110000465680C9ADF
:100C7000AA427FF671AF05F10108C4F804804FEA7B
:100C800005184FF0040203EB051503F80820C5E929
:100C90000167013FC5F80CC0276054E70023C0E995
:100CA00000334FF0FF3383607047000081F0004154
:100CB00002E000BF83F0004330B54FEA41044FEA41
:100CC000430594EA050F08BF90EA020F1FBF54EADC
:100CD000000C55EA020C7FEA645C7FEA655C00F078
:100CE000E2804FEA5454D4EB5555B8BF6D420CDD49
:100CF0002C4480EA020281EA030382EA000083EACC
:100D0000010180EA020281EA0303362D88BF30BD6B
:100D100011F0004F4FEA01314FF4801C4CEA1131C1
:100D200002D0404261EB410113F0004F4FEA033320
:100D30004CEA133302D0524263EB430394EA050FAB
:100D400000F0A780A4F10104D5F1200E0DDB02FA1A
:100D50000EFC22FA05F2801841F1000103FA0EF2AE
:100D6000801843FA05F359410EE0A5F120050EF174
:100D7000200E012A03FA0EFC28BF4CF0020C43FAA5
:100D800005F3C01851EBE37101F0004507D54FF0B2
:100D9000000EDCF1000C7EEB00006EEB0101B1F502
:100DA000801F1BD3B1F5001F0CD349085FEA300048
:100DB0004FEA3C0C04F101044FEA445212F5800F53
:100DC00080F09A80BCF1004F08BF5FEA500C50F1F0
:100DD000000041EB045141EA050130BD5FEA4C0CD3
:100DE000404141EB0101013C28BFB1F5801FE9D230
:100DF00091F0000F04BF01460020B1FA81F308BF53
:100E00002033A3F10B03B3F120020CDA0C3208DD1E
:100E100002F1140CC2F10C0201FA0CF021FA02F1F9
:100E20000CE002F11402D8BFC2F1200C01FA02F169
:100E300020FA0CFCDCBF41EA0C019040E41AA2BF8E
:100E400001EB0451294330BD6FEA04041F3C1CDA56
:100E50000C340EDC04F11404C4F1200220FA04F076
:100E600001FA02F340EA030021FA04F345EA030120
:100E700030BDC4F10C04C4F1200220FA02F001FAE2
:100E800004F340EA0300294630BD21FA04F0294664
:100E900030BD94F0000F83F4801306BF81F48011FD
:100EA0000134013D4EE77FEA645C18BF7FEA655C70
:100EB00029D094EA050F08BF90EA020F05D054EA42
:100EC000000C04BF1946104630BD91EA030F1EBF47
:100ED0000021002030BD5FEA545C05D1400049414B
:100EE00028BF41F0004130BD14F580043CBF01F53E
:100EF000801130BD01F0004545F0FE4141F4700124
:100F00004FF0000030BD7FEA645C1ABF19461046FE
:100F10007FEA655C1CBF0B46024650EA013406BFFF
:100F200052EA033591EA030F41F4002130BD00BFBE
:100F300090F0000F04BF0021704730B54FF480647B
:100F400004F132044FF000054FF0000150E700BFFC
:100F500090F0000F04BF0021704730B54FF480645B
:100F600004F1320410F0004548BF40424FF0000148
:100F70003EE700BF42004FEAE2014FEA31014FEA8B
:100F800002701FBF12F07F4393F07F4F81F06051DA
:100F9000704732F07F4208BF704793F07F4F04BF25
:100FA00041F40021704730B54FF4607401F0004502
:100FB00021F000411CE700BF50EA010208BF704762
:100FC00030B54FF000050AE050EA010208BF704753
:100FD00030B511F0004502D5404261EB41014FF4BC
:100FE000806404F132045FEA915C3FF4D8AE4FF0C4
:100FF00003025FEADC0C18BF03325FEADC0C18BFA7
:10100000033202EBDC02C2F1200300FA03FC20FAF7
:1010100002F001FA03FE40EA0E0021FA02F1144444
:10102000BDE600BF70B54FF0FF0C4CF4E06C1CEA5D
:1010300011541DBF1CEA135594EA0C0F95EA0C0FCE
:1010400000F0DEF82C4481EA030621EA4C5123EA41
:101050004C5350EA013518BF52EA033541F4801170
:1010600043F4801338D0A0FB02CE4FF00005E1FB23
:1010700002E506F00042E0FB03E54FF00006E1FB6D
:1010800003569CF0000F18BF4EF0010EA4F1FF04B0
:10109000B6F5007F64F5407404D25FEA4E0E6D41F0
:1010A00046EB060642EAC62141EA55514FEAC52001
:1010B00040EA5E504FEACE2EB4F1FD0C88BFBCF57D
:1010C000E06F1ED8BEF1004F08BF5FEA500E50F12E
:1010D000000041EB045170BD06F0004646EA0101F4
:1010E00040EA020081EA0301B4EB5C04C2BFD4EB26
:1010F0000C0541EA045170BD41F480114FF0000E1F
:10110000013C00F3AB8014F1360FDEBF002001F08C
:10111000004170BDC4F10004203C35DA0C341BDC06
:1011200004F11404C4F1200500FA05F320FA04F0D8
:1011300001FA05F240EA020001F0004221F000410C
:1011400010EBD37021FA04F642EB06015EEA430E7F
:1011500008BF20EAD37070BDC4F10C04C4F12005AF
:1011600000FA04F320FA05F001FA04F240EA020062
:1011700001F0004110EBD37041F100015EEA430E33
:1011800008BF20EAD37070BDC4F1200500FA05F253
:101190004EEA020E20FA04F301FA05F243EA0203D2
:1011A00021FA04F001F0004121FA04F220EA0200E1
:1011B00000EBD3705EEA430E08BF20EAD37070BD27
:1011C00094F0000F0FD101F00046400041EB010107
:1011D00011F4801F08BF013CF7D041EA060195F0E9
:1011E000000F18BF704703F00046520043EB0303A3
:1011F00013F4801F08BF013DF7D043EA0603704790
:1012000094EA0C0F0CEA135518BF95EA0C0F0CD09A
:1012100050EA410618BF52EA4306D1D181EA0301E0
:1012200001F000414FF0000070BD50EA410606BFDA
:101230001046194652EA430619D094EA0C0F02D11F
:1012400050EA013613D195EA0C0F05D152EA033664
:101250001CBF104619460AD181EA030101F0004182
:1012600041F0FE4141F470014FF0000070BD41F0CB
:10127000FE4141F4780170BD70B54FF0FF0C4CF4A5
:10128000E06C1CEA11541DBF1CEA135594EA0C0FC4
:1012900095EA0C0F00F0A7F8A4EB050481EA030E11
:1012A00052EA03354FEA013100F088804FEA0333F8
:1012B0004FF0805545EA131343EA12634FEA0222C6
:1012C00045EA111545EA10654FEA00260EF0004187
:1012D0009D4208BF964244F1FD0404F5407402D2D9
:1012E0005B084FEA3202B61A65EB03055B084FEA6A
:1012F00032024FF480104FF4002CB6EB020E75EB67
:10130000030E22BFB61A754640EA0C005B084FEA8E
:101310003202B6EB020E75EB030E22BFB61A75460B
:1013200040EA5C005B084FEA3202B6EB020E75EB56
:10133000030E22BFB61A754640EA9C005B084FEACE
:101340003202B6EB020E75EB030E22BFB61A7546DB
:1013500040EADC0055EA060E18D04FEA051545EACA
:1013600016754FEA06164FEAC30343EA52734FEA73
:10137000C2025FEA1C1CC0D111F4801F0BD141EAEC
:1013800000014FF000004FF0004CB6E711F4801F51
:1013900004BF01430020B4F1FD0C88BFBCF5E06F31
:1013A0003FF6AFAEB5EB030C04BFB6EB020C5FEA41
:1013B000500C50F1000041EB045170BD0EF0004E96
:1013C0004EEA113114EB5C04C2BFD4EB0C0541EAC8
:1013D000045170BD41F480114FF0000E013C90E6C5
:1013E00045EA060E8DE60CEA135594EA0C0F08BF89
:1013F00095EA0C0F3FF43BAF94EA0C0F0AD150EA88
:1014000001347FF434AF95EA0C0F7FF425AF10461A
:1014100019462CE795EA0C0F06D152EA03353FF442
:10142000FDAE1046194622E750EA410618BF52EABF
:1014300043067FF4C5AE50EA41047FF40DAF52EA93
:1014400043057FF4EBAE12E74FF0FF3C06E000BF30
:101450004FF0010C02E000BF4FF0010C4DF804CD3D
:101460004FEA410C7FEA6C5C4FEA430C18BF7FEAFD
:101470006C5C1BD001B050EA410C0CBF52EA430C2B
:1014800091EA030F02BF90EA020F0020704710F1AB
:10149000000F91EA030F58BF994208BF90422CBF3A
:1014A000D8176FEAE37040F0010070474FEA410C33
:1014B0007FEA6C5C02D150EA013C07D14FEA430C51
:1014C0007FEA6C5CD6D152EA033CD3D05DF8040BC2
:1014D000704700BF8446104662468C4619466346F4
:1014E00000E000BF01B5FFF7B7FF002848BF10F1CB
:1014F000000F01BD4DF808EDFFF7F4FF0CBF012010
:1015000000205DF808FB00BF4DF808EDFFF7EAFF8B
:1015100034BF012000205DF808FB00BF4DF808ED46
:10152000FFF7E0FF94BF012000205DF808FB00BF3B
:101530004DF808EDFFF7CEFF94BF012000205DF8C5
:1015400008FB00BF4DF808EDFFF7C4FF34BF0120D2
:1015500000205DF808FB00BF4A0011D212F500120E
:1015600011D20DD56FF47873B3EB62520ED44FEAFB
:10157000C12343F0004343EA505323FA02F070477B
:101580004FF00000704750EA013002D14FF0FF30B9
:1015900070474FF0000070471FB514461A46094BBC
:1015A0001B680546D86854B9074B1C46CDE9013481
:1015B00000912B46054900F075FE01F097F9044BA8
:1015C000F4E700BFB40E000038872108E19D210830
:1015D000D49D21080A22002100F044B9024B0A469A
:1015E0000146186800F002B8B40E000070B5A1FB07
:1015F00002543CB9294600F03FF8064628B90026B7
:10160000304670BD0C220260F9E72A46214601F0FF
:101610003FF8F5E7024B0146186800F02DB800BF0F
:10162000B40E0000024B0146186802F01BB800BF60
:10163000B40E000070B50F4E0C463168054611B966
:1016400001F0AEF830602146284601F0A9F8431CAD
:1016500003D14FF0FF34204670BDC41C24F00304B6
:10166000A042F8D0211A284601F09AF80130F2D1B0
:10167000EFE700BFC81B01002DE9F041CD1C25F0AC
:10168000030508350C2D38BF0C25002D064601DB5F
:10169000A94204D90C2333600020BDE8F081314F0A
:1016A000F2F78CFD3B681C4644BB29463046FFF7E9
:1016B000C1FF431C044650D13C682146002941D15A
:1016C000002C44D02368304604EB030801F068F88E
:1016D00080453CD121686D1A29463046FFF7AAFFA4
:1016E000013034D023682B4423603B68002B36D074
:1016F0005A68A24229D100225A600EE02268521B89
:101700001DD40B2A16D96119A342256018BF596050
:10171000636808BF396062514B603046F2F770FD74
:1017200004F10B00231D20F00700C21AB5D01B1ACC
:10173000A350B2E7A3426268DED13A60EDE72346E8
:101740006468B1E70C464968B8E71346CEE70C2356
:1017500033603046F2F754FD9EE70560DDE75B60DD
:10176000FFDE00BFCC1B0100242B2DE9F04786468D
:10177000904601D8012B06D101F034F816230360FE
:101780000020BDE8F08736480D462A4615F8014B83
:10179000065D16F00806F8D12D2C24D12C780126F0
:1017A000951C2BBB302C30D00A2306F1004C0CF1D9
:1017B000FF3C0022BCFBF3F9104603FB19CAA4F15D
:1017C0003007092F28D83C46A34234DD571C07D0E8
:1017D00081452DD301D1A2452ADB00FB0340012224
:1017E00015F8014BEBE72B2C04BF2C78951CD8E7A0
:1017F000102BDAD1302CD8D12A7802F0DF02582A07
:10180000D3D16C7810230235CFE72B7803F0DF03B8
:10181000582BF6D00823C8E7A4F14107192F01D8A7
:10182000373CD1E7A4F16107192F04D8573CCBE727
:101830004FF0FF32D4E7531C08D12223CEF80030FA
:101840006046B8F1000F9CD0691E06E006B1404228
:10185000B8F1000F95D0002AF6D1C8F8001090E733
:10186000119E210813460A46014602480068FFF708
:101870007BBF00BFB40E00002DE9F04F89B0DDE959
:101880001598002B1D461446BCBF03F100431446B7
:1018900028F0200A149AB6BF1D4600232D23BAF162
:1018A000460FDDE9126B137005D0BAF1450F00D178
:1018B0000136022300E0032307AA049206AACDE919
:1018C0000292CDE9003622462B4601F0A1F8B8F18C
:1018D000670F074619D11BF0010F0ED007EB060862
:1018E0000022002320462946FFF704FE08B1CDF868
:1018F0001C803022079B434521D3079B179ADB1B93
:101900003846136009B0BDE8F08FB8F1470FE2D058
:10191000BAF1460F00EB0608E2D10378302B0AD16A
:101920000022002320462946FFF7E4FD18B9C6F13E
:101930000106C9F80060D9F800309844D0E7591C76
:1019400007911A70D6E7F7B50029BABF49422D238F
:101950002B2309290270437029DD0DF107031D4671
:101960000A271A46B1FBF7F607FB1614303402F8C3
:10197000014C0C46632C03F1FF333146F1DC30316E
:10198000941E03F8011C411C2346AB420AD30DF1FF
:1019900009039B1AAC4288BF002302330344181A80
:1019A00003B0F0BD13F8016B01F8016FEDE73023D0
:1019B00030318370C170031DF1E700002DE9F04F55
:1019C00091B00C46DDF8688016461F46054600F0CB
:1019D000AFFE03680893184600F080FF00230E93C3
:1019E000D8F800300990073323F0070303F1080209
:1019F00094F818A0D4F800B0C8F80020D3E9008902
:101A000029F000430B93CDF82880C4E91289DDE961
:101A10000A019C4B4FF0FF3202F058FE70BBDDE92B
:101A20000A01984B4FF0FF32FFF778FD30BB0022E0
:101A3000002340464946FFF767FD10B12D2384F887
:101A40004330914A914BBAF1470F94BF9046984664
:101A5000032323612BF0040323604FF00009009758
:101A600033460FAA2146284600F0DEF9013040F047
:101A700099804FF0FF3011B0BDE8F08F42464B46E1
:101A80004046494602F022FE40B14B46002BBCBF07
:101A90002D2384F843307E4A7E4BD4E763685A1C7A
:101AA00029D1062363604BF48063002223600692F1
:101AB0000EAACDE904A20DAA03920DF13302CDE9DD
:101AC00001326368009342464B462846FFF7D4FE36
:101AD000BAF1670F0D99804615D1CB1C3BDB6368CB
:101AE000994238DC0E9B994255DB23682161D80767
:101AF00045D54B1C42E00AF0DF02472AD3D1002B28
:101B0000D1D10123CEE7BAF1470F07D1C81C25DB9D
:101B100063688B4222DB4FF0670AE3E7BAF1650F97
:101B20001FD80139524604F150000D91FFF70BFF09
:101B30000E9A1318012A8146236102DC2268D2071B
:101B400001D5013323619DF83330002B87D02D233D
:101B500084F8433083E74FF0650AE2E74FF0450A27
:101B6000DFE7BAF1660FBDD1002963680BDD2161A3
:101B700013B92268D00702D501330B442361A16554
:101B80004FF00009DFE713B92268D20701D502330D
:101B9000F4E70123F2E70029D4BFC1F102020122D8
:101BA0001344EBE723685A0507D4236942463146BC
:101BB0002846B84701302BD15BE7BAF1650F40F2F8
:101BC000DC80D4E9120100220023FFF793FC0028F7
:101BD00033D0314A012331462846B84701303FF41B
:101BE00048AFDDE90D38434502DB2368D8070FD540
:101BF000DDE9082331462846B84701303FF439AFC4
:101C00004FF0000908F1FF3804F11A0AC84509DC51
:101C100023689B0700F10281E0680F9B9842B8BFE0
:101C2000184628E70123524631462846B847013076
:101C30003FF41FAF09F10109E8E70D9B002B38DCE9
:101C4000154A012331462846B84701303FF411AF09
:101C5000DDE90D3959EA030302D12368D907D7D545
:101C6000DDE9082331462846B84701303FF401AF8B
:101C70004FF0000A04F11A0B0D9B5B4253450DDC3B
:101C80004B4693E7FFFFEF7F119F2108159F210827
:101C9000199F21081D9F2108CA8F210801235A4638
:101CA00031462846B84701303FF4E3AE0AF1010A55
:101CB000E2E7A36DDDF838A05345A8BF5346002BDB
:101CC000994636DC4FF0000B29EAE97904F11A0253
:101CD000A36D0A93A3EB09035B4531DC0D9B9A4589
:101CE0003ADC2368DA0737D40D9BAAEB03090A9B79
:101CF000AAEB03039945A8BF9946B9F1000F33DC5D
:101D00004FF0000829EAE97904F11A0B0D9BAAEBC0
:101D10000303A3EB090343457FF77AAF01235A4638
:101D200031462846B84701303FF4A3AE08F1010818
:101D3000ECE7424631462846B8470130C2D198E622
:101D40000123314628460A92B84701303FF491AE4C
:101D50000A9A0BF1010BBBE7DDE90823314628465F
:101D6000B8470130C0D184E60A9A4B464244314616
:101D70002846B8470130C3D17BE6DDF838A0BAF178
:101D8000010F01DCDB0736D50123424631462846E8
:101D9000B84701303FF46DAEDDE9082331462846EF
:101DA000B84701303FF465AED4E9120100220023A8
:101DB0000AF1FF3AFFF79EFBC0B9534608F1010252
:101DC00031462846B84701300CD152E601235A4625
:101DD00031462846B84701303FF44BAE08F10108C0
:101DE000D045F3DB4B4604F15002E0E64FF000082B
:101DF00004F11A0BF4E701234246E1E701234A46C6
:101E000031462846B84701303FF433AE08F10108A7
:101E1000E3680F995B1A4345F0DCFDE64FF00008DC
:101E200004F11909F4E700BF2DE9F047164698467A
:101E30008A680B69DDF820909342B8BF134633607F
:101E400091F8432007460C460AB1013333602368FA
:101E5000990642BF336802333360256815F00605E2
:101E600006D104F1190AE36832689B1AAB4226DCFA
:101E700094F843302268003B18BF012392062BD40C
:101E800004F1430241463846C84701301ED023685A
:101E9000226903F00603042B02BFE5683368ED1ADC
:101EA000A3680CBF25EAE57500259342C4BF9B1AC1
:101EB000ED1800261A34B5421AD1002008E001239B
:101EC000524641463846C847013003D14FF0FF30F3
:101ED000BDE8F0870135C6E7E1185A1C302081F8CB
:101EE0004300224494F8451082F843100233C7E7B8
:101EF0000123224641463846C8470130E6D0013624
:101F0000D9E700002DE9FF470F7E0C9E782F914600
:101F100080460C469A4601F1430207D8622F0AD840
:101F2000002F00F0DD80582F00F0C38004F142063E
:101F300084F842703AE0A7F16303152BF6D801A1AB
:101F400051F823F09D2F2108B12F21082D2F2108B2
:101F50002D2F21082D2F21082D2F2108B12F2108E9
:101F60002D2F21082D2F21082D2F21082D2F21085D
:101F7000C73021083F3021087F3021082D2F21084C
:101F80002D2F2108E93021082D2F21083F3021086D
:101F90002D2F21082D2F21088730210833681A1D85
:101FA0001B68326004F1420684F842300123A8E045
:101FB00031682368081D30601E0601D50D6803E0F6
:101FC0005D06FBD5B1F900506168002D78DA2D204F
:101FD000002984F84300A1602DDA5E486D420A238F
:101FE0001646B5FBF3F103FB1157C75D06F8017DFB
:101FF0002F46BB420D46F4D9082B0BD12368DF07CF
:1020000008D5236961689942DEBF302306F8013C98
:1020100006F1FF36921B2261CDF800A04B4603AAC1
:1020200021464046FFF700FF01306FD14FF0FF30EF
:1020300004B0BDE8F08723F004032360CDE72168F6
:102040003368080653F8045B02D4490648BFADB2B2
:102050006F2F4048336014BF0A230823002184F8FF
:1020600043106668A660002EBADB216821F00401E7
:102070002160002DB4D1002EB2D11646BCE72368F2
:1020800043F0200323603448782784F845702368A0
:1020900031681F0651F8045B02D45F0648BFADB239
:1020A0003160D90744BF43F0200323601DB11023E2
:1020B000D4E72848E9E7236823F020032360F6E704
:1020C00024480A23CDE7336825686169181D30600C
:1020D0002E061B6801D5196002E06806FBD5198041
:1020E00000232361164697E733681A1D32601E6885
:1020F00062680021304600F093FB08B1801B6060ED
:1021000063682361002384F8433085E723693246FE
:1021100049464046D047013088D023689B0714D4F5
:10212000E068039B9842B8BF184681E70123324616
:1021300049464046D04701303FF478AF0135E36867
:1021400003995B1AAB42F1DCEAE7002504F11906BA
:10215000F5E700BF219F2108329F2108002310B519
:102160000446C0E90033C0E90433836081814366DB
:10217000C2818361194608225C3000F089FA0D4B58
:1021800063620D4BA3620D4BE3620D4B23630D4B5A
:1021900024629C4206D003F16802944202D0D033FC
:1021A0009C4205D104F15800BDE8104000F020BB6E
:1021B00010BD00BF8D342108AF342108E734210859
:1021C0000B352108D01B0100024A0349034800F0E7
:1021D0007BB800BFA80E000041542108B80E0000D3
:1021E00041680C4B994210B5044601D002F028F921
:1021F000A168094B994202D0204602F021F9E1681A
:10220000064B994204D02046BDE8104002F018B9B0
:1022100010BD00BFD01B0100381C0100A01C010034
:1022200010B50B4B0B4C0C4A1A60204600220421BF
:10223000FFF794FF04F1680001220921FFF78EFFE8
:1022400004F1D0000222BDE810401221FFF786BF42
:10225000081D0100D01B0100C9312108014800F010
:10226000C8BA00BF101D0100014800F0C3BA00BF8A
:10227000101D010010B50446FFF7F0FF236A1BB1E3
:10228000BDE81040FFF7F0BF044B2362044B1B680E
:10229000002BF5D1FFF7C4FFF2E700BFE1312108C1
:1022A000081D01000EB403B5014603AB054853F801
:1022B000042B0068019301F027FF02B05DF804EBE6
:1022C00003B07047B40E00002DE9F8430746884676
:1022D00014460026D4E90195B9F1010905D5246811
:1022E000002CF7D13046BDE8F883AB89012B07D924
:1022F000B5F90E30013303D029463846C0470643AE
:102300006835E9E70FB407B5064904AB086853F828
:10231000042B8168019301F0F7FE03B05DF804EB34
:1023200004B07047B40E0000036A70B584680546B7
:102330000E460BB9FFF79EFF636EDB0705D4A3893A
:10234000980502D4A06D00F054FAA389190702D5AC
:102350002369002B35D12146284600F019F980B3B6
:102360004FF0FF35636EDA0705D4A3899B0502D4CD
:10237000A06D00F03FFA284670BD002B15DB2368E6
:102380005A1C22601970A36816F8011F013BA36054
:102390000029F2D1002B16DA22460A21284600F045
:1023A000B8F80130DCD00A25DCE7A2699A4201DCEA
:1023B0000A29E4D12246284600F0ABF80130E2D1E8
:1023C000CEE7013EDFE723685A1C22600A221A701A
:1023D000E9E70000024B01461868FFF7A5BF00BF00
:1023E000B40E00000CB430B5174B0C1E1D689DB028
:1023F00008DA8B232B604FF0FF301DB0BDE8304072
:1024000002B070474FF40273ADF8143014BF04F1FA
:10241000FF332346049307934FF6FF730290069011
:10242000ADF81630209A21AB02A92846019301F09D
:1024300045FD431CBCBF8B232B60002CDDD0029BD1
:1024400000221A70D9E700BFB40E00000EB400B528
:102450009CB01DAB029006906FF0004109480791B7
:102460000491094953F8042B05910068019302A9CE
:1024700001F024FD029B00221A701CB05DF804EBF1
:1024800003B07047B40E00000802FFFF10B50C4601
:10249000B1F90E1000F072F90028ABBF636DA3898B
:1024A0001B1823F48053ACBF6365A38110BD2DE9D5
:1024B000F0411F468B89DB0505460C46164605D5BF
:1024C000B1F90E100223002200F046F9A389B4F9F5
:1024D0000E1023F48053A38132463B462846BDE8C4
:1024E000F04100F06DB910B50C46B1F90E1000F0D6
:1024F00033F9431CA38915BF606523F4805343F46B
:102500008053A38118BFA38110BDB1F90E1000F054
:1025100013B9F8B50E461446054618B1036A0BB94F
:10252000FFF7A8FEA369A360A3891A0701D5236951
:1025300043B92146284600F02BF818B14FF0FF3779
:102540003846F8BD23682269981A6369F6B2834257
:10255000374605DC2146284601F072FF0028EDD100
:10256000A368013BA36023685A1C22601E70626945
:10257000431C9A4204D0A389DB07E1D50A2EDFD1A0
:102580002146284601F05CFF0028D9D0D6E700009C
:1025900038B5294B054618680C4618B1036A0BB9C3
:1025A000FFF768FEB4F90C30190722D4DA0607D415
:1025B00009222A6043F04003A3814FF0FF3033E04B
:1025C000580712D5616B41B104F14403994202D01E
:1025D000284601F047F800236363A38923F024030E
:1025E000A3810023636023692360A38943F0080368
:1025F000A38123694BB9A38903F42073B3F5007F4A
:1026000003D02146284601F069FFB4F90C3013F0DD
:1026100001020AD00022A26062695242A2612269CC
:1026200042B913F08000C5D138BD990758BF62691F
:10263000A260F4E70020F7E7B40E000010B50139FE
:102640000244904201D1002005E0037811F8014FC7
:10265000A34201D0181B10BD0130F2E7884210B52B
:1026600001EB020402D98442234607D8431EA1424B
:1026700008D011F8012B03F8012FF8E702440146B6
:102680008A4200D110BD13F8014D02F8014DF7E761
:1026900002440346934200D1704703F8011BF9E757
:1026A000C9B20346184613F8012B12B18A42F9D178
:1026B0007047002918BF0020704710B56AB1013972
:1026C000841810F8012B11F8013F9A4203D1A0425F
:1026D00001D0002AF5D1D01A10BD1046FCE710B584
:1026E0000139034632B111F8014F03F8014B013AA9
:1026F000002CF7D11A440021934200D110BD03F8F9
:10270000011BF9E70A7870B56AB970BD9A4209D120
:102710000C46054614F8013F002BF6D015F8016F62
:102720009E42F7D001300378002BEFD11846ECE73A
:1027300000487047F40F000038B5064D00230446EA
:1027400008462B60F1F71EFE431C02D12B6803B133
:10275000236038BD0C1D010038B5074D04460846FE
:10276000114600222A601A46F1F716FE431C02D1D8
:102770002B6803B1236038BD0C1D010038B5074D2F
:1027800004460846114600222A601A46F1F706FE62
:10279000431C02D12B6803B1236038BD0C1D01001E
:1027A00038B5064D0023044608462B6001F0CCFFE7
:1027B000431C02D12B6803B1236038BD0C1D0100FE
:1027C00038B5074D04460846114600222A601A46CD
:1027D000F1F7B6FD431C02D12B6803B1236038BD6D
:1027E0000C1D0100014B1868704700BFB40E0000BB
:1027F00070477047704710F8012B11F8013B012A10
:1028000028BF9A42F7D0D01A7047034611F8012B1F
:1028100003F8012B002AF9D17047000000000000E6
:1028200001F0FF01102A2BDB10F0070F08D010F881
:10283000013B013A8B422DD010F0070F42B3F6D185
:10284000F0B441EA012141EA014122F007047FF09E
:1028500000070023F0E80256083C85EA010586EAF5
:10286000010685FA47F5A3FA87F586FA47F6A5FA31
:1028700087F68EB9EED1F0BC01F0FF0102F007023D
:1028800032B110F8013B013A83EA010313B1F8D1E8
:102890000020704701387047002D06BF35460338C9
:1028A000073815F0010F07D1013015F4807F02BF02
:1028B000013015F4C03F0130F0BC0138704700BF53
:1028C0000A44914200F1FF3300D1704710B511F86E
:1028D000014B03F8014F9142F9D110BD034613F8A3
:1028E000012B002AFBD1181A0138704708B50620C1
:1028F00001F058FE0120F1F71DFD2DE9F74F0369A6
:102900000C69A34207467EDB013C01F11408A300D9
:1029100000F11405009305EB8403019358F824306B
:1029200055F8242001339A4208EB8409B2FBF3F6F0
:102930002ED34FF0000AC446AE46D3465CF8043BA3
:1029400098B206FB00A0020C1B0C06FB0323DEF86A
:10295000002080B292B2121A5A44DEF800004FEA08
:10296000134A9BB2C3EB224303EB104392B242EAF9
:102970000342E1454EF8042B4FEA234BDED2009B85
:10298000EB582BB9019B043B9D421A462FD33C6167
:10299000384601F02FF9002825DB2946002058F899
:1029A000042BD1F800C01FFA82FE1FFA8CF3A3EBB0
:1029B0000E030344120CC2EB234202EB1C429BB2F7
:1029C00043EA0243C14541F8043B4FEA2240E6D2C4
:1029D00055F8242005EB840322B9043B9D421A4696
:1029E0000BD33C610136304603B0BDE8F08F12686E
:1029F000043B002ACBD1013CC6E71268043B002A05
:102A0000EFD1013CEAE70020EEE700000000000003
:102A10002DE9F04FC76997B014461D46CDE904452E
:102A2000239E83467FB91020FEF7F4FD0246CBF8C3
:102A30001C0020B9A64BEF21A648FEF7ADFDC0E96A
:102A400001770760C760DBF81C30196859B15A6814
:102A50004A60012393408B60584600F08DFEDBF8FE
:102A60001C3000221A602B1EB9BF23F000430593CF
:102A700000233360059F984BBCBF01223260BB43EB
:102A800019D1229A42F20F731360C7F31303234341
:102A900000F0DE85249B53B9904B21E0904B0893C6
:102AA0000833249A1360089817B0BDE8F08F8B4B59
:102AB00008930333F5E79DED047B002251EC170BDF
:102AC00000238DED0C7BFEF715FD804650B1229A58
:102AD00001231360249B13B1249A824B1360824B11
:102AE0000893E0E714AB019315AB00935846DDE97A
:102AF0000C2301F02FF9C7F30A560390002E79D06A
:102B00000D9BCDF84C80C3F31303DDE90C0143F0BA
:102B10007F5343F44013A6F2FF3619460022734B4D
:102B2000FEF7C8F864A3D3E90023FEF77BFA64A399
:102B3000D3E90023FEF7C0F8044630460D46FEF701
:102B400007FA61A3D3E90023FEF76CFA02460B46AD
:102B500020462946FEF7B0F804460D4601F0CCFDAC
:102B600000220746002320462946FEF7CDFC40B14F
:102B70003846FEF7EDF922462B46FEF7BBFC00B9BE
:102B8000013F162F53D85A4B03EBC703D3E9002359
:102B9000DDE90C01FEF7B8FC00284AD0013F002314
:102BA0001293149B9B1B5A1E45BFC3F1010309934B
:102BB000002300230A9254BF09930A93002F3ADBA3
:102BC0000A9B0F973B440A9300230B93209B092BEE
:102BD00067D8052BC4BF043B2093209BA3F10203BD
:102BE000CCBF00240124032B00F28680DFE803F031
:102BF0002B383657DDE914631E4406F23243202B8E
:102C0000C1BFC3F140039F4006F2124324FA03F30D
:102C1000D6BFC3F1200347EA030004FA03F0FEF72E
:102C200087F90122A1F1F873013E139275E70123A0
:102C3000B6E71290B5E7099BDB1B09937B420B9328
:102C400000230F93C2E700230E93219B002B56DC39
:102C50000123069399461A4621920CE00123F3E7DB
:102C600000230E93219BFB1803F1010906934B46A9
:102C7000012BB8BF0123DBF81C000021042202F164
:102C800014059D423FD94160584600F035FD08903B
:102C900000283BD1174B024640F2AF11CCE601238E
:102CA000DFE70124002320930E944FF0FF330693B7
:102CB000994600221223CFE761436F63A787D23F73
:102CC000B3C8608B288AC63FFB799F501344D33F1B
:102CD000509F2108679F21080000F07F4C9F21082A
:102CE000439F2108CB8F2108CA8F21080000F83F9D
:102CF00060A02108C09F210801230E93D5E7219BE6
:102D000006939946B7E701315200B8E7DBF81C306B
:102D1000089A1A60B9F10E0F6FD8002C6DD0002FF1
:102D200036DDA14B07F00F0203EBC20393ED007BEE
:102D3000F8058DED107B4FEA271417D59B4BDDE985
:102D40000C01D3E90823FEF797FACDE9040104F05A
:102D50000F044FF00308954D5CB9DDE91023DDE960
:102D60000401FEF789FACDE904012BE04FF00208D7
:102D7000F1E7E10709D5DDE91001D5E90023FEF708
:102D800051F9CDE9100108F1010864100835E3E7B5
:102D900000F007817C42844B844D04F00F0203EB6A
:102DA000C203D3E90023DDE90C01FEF73BF9CDE9CD
:102DB0000401241100234FF00208002C40F0E580AC
:102DC000002BD0D1129BDDE90445002B00F04B8194
:102DD000774B002220462946FEF796FB002800F09C
:102DE0004281B9F1000F00F03E81069B002B00F3F9
:102DF000E380DDE90C34CDE90434159B002B02DBC4
:102E00000E2F40F341820E9A002A40F066820B9CFE
:102E1000DDF824800025B8F1000F0DD00A9B002BAF
:102E20000ADD4345099AA8BF4346D21A09920A9A75
:102E3000A8EB0308D31A0A930B9B0BB30E9B002B32
:102E400000F0A582002C00F0A082294622465846B8
:102E500000F00AFE039A01460546584600F05AFD66
:102E600003990646584600F087FC0B9B1B1B0B93EF
:102E700000F090820B9A3146584600F0F5FD039021
:102E80000121584600F030FD0F9B0446002B00F056
:102E900083821A460146584600F0E6FD209B012B2E
:102EA000044603DC049B002B00F07B820026236990
:102EB00004EB8303186900F0C7FC0F96C0F12000F3
:102EC0000A9B184410F01F0000F09082C0F120030C
:102ED000042B40F38082099BC0F11C00034409933A
:102EE0000A9B034480440A93099B002B05DD039948
:102EF0001A46584600F012FE03900A9B002B05DD8F
:102F000021461A46584600F009FE0446129B002B43
:102F100000F075820398214600F06CFE002880F2D4
:102F20006E82002303990A22584600F047FC0E9B4C
:102F300003907E1E002B00F05B82002329460A22AC
:102F4000584600F03BFC069B002B054603DC209B0B
:102F5000022B00F35D82B8F1000F05DD29464246E1
:102F6000584600F0DBFD05460F9B002B00F0CF829A
:102F70006968584600F0C0FB0746002840F07E8292
:102F80000C4B024640F2EF2156E5E20706D5D5E9A3
:102F90000023FEF747F808F1010801236410083503
:102FA0000BE74FF002080DE760A0210838A02108C8
:102FB0000000F03FC09F21082046AD4B002229466B
:102FC000FEF730F8CDE90401069C7E1E08F10108E9
:102FD0004046FDF7BDFFDDE90423FEF723F8A54BCE
:102FE0000022FDF769FEA1F15073CDE910011193A4
:102FF000002C3BD1DDE904019F4B0022FDF75AFE76
:1030000002460B46CDE90423DDE91023FEF79AFAC8
:10301000002840F05781DDE9102101F10043DDE98E
:103020000401FEF771FA00283FF4E3AE00242546C0
:10303000219BDDF820A0DE434FF0000821465846D2
:1030400000F09AFB002D00F0A980B8F1000F05D028
:10305000A84503D04146584600F08EFB2946584605
:1030600000F08AFB9AE03E464C46B1E7834B03EB07
:10307000C40353E90201089B1C440E9B002B4AD059
:1030800002460B4600207E49FEF7F6F8DDE91023E4
:10309000FDF710FECDE91001DDF820A0DDE9040107
:1030A00001F02AFB0546FDF753FF02460B46DDE91A
:1030B0000401FDF7FFFD3035CDE9040102460B4662
:1030C0000AF8015BDDE91001FEF73CFA002865D142
:1030D000DDE904236B490020FDF7ECFD02460B46B9
:1030E000DDE91001FEF72EFA002840F00D81A2451F
:1030F00000F0EA80DDE910015D4B0022FDF792FF50
:103100005B4BCDE910010022DDE90401FDF78AFFE8
:10311000CDE90401C2E7DDE91023FDF783FFCDE926
:103120001001DDF820A0A046DDE9040101F0E4FA79
:103130000546FDF70DFF02460B46DDE90401FDF7EC
:10314000B9FD30350AF8015B02460B46A245CDE9D0
:1031500004234FF0000223D1494BDDE91001FDF7B4
:10316000ABFD02460B46DDE90401FEF7EBF9002852
:1031700040F0CA80DDE9102341490020FDF79AFDA7
:1031800002460B46DDE90401FEF7BEF970B1C24606
:1031900008F1FF381AF8013C302BF8D0374655E0DB
:1031A000334BFDF73FFFCDE90401BDE7DDE90C340A
:1031B000CDE90434159B002BFFF629AE0E2F3FF707
:1031C00026AE2E4B03EBC70393ED007B219B002B18
:1031D0008DED067B02DAB9F1000F64D0DDE904451C
:1031E000DDF820A0DDE9062320462946FEF744F855
:1031F00001F082FA0646FDF7ABFEDDE90623FDF796
:1032000011FF02460B462046294606F13004FDF721
:1032100051FD0AF8014B089CAAEB0404A1450246A3
:103220000B4640F08280FDF747FDDDE906230446AA
:103230000D46FEF787F9002865D1DDE90623204613
:103240002946FEF757F908B1F3075CD403995846AD
:1032500000F092FA00238AF80030229B01371F60A9
:10326000249B002B3FF41FACC3F800A01BE400BF5D
:103270000000244000001C400000144060A0210811
:103280000000E03F0000F03FA24B03EBC70393EDCB
:10329000007B219B002B8DED067B9FDAB9F1000F9F
:1032A0009CDC7FF4C3AE9C4B0022DDE90601FDF7F8
:1032B000B9FEDDE90423FEF73BF9044600287FF45C
:1032C000B5AE3E462546B4E0DDE90C34CDE9043424
:1032D000159B002B01DB0E2FD6DD209A012A36DC50
:1032E000139A82B303F233430B9CDDF82480099ACE
:1032F0001A4409920A9A01211A4458460A9200F087
:10330000F3FA054687E53E4653469A4613F8012DE3
:10331000392A06D1089A9A42F7D108993022013603
:103320000A701A7801321A7038E77C4B0022FDF7D8
:1033300079FE0022002304460D46FEF7DBF8002844
:103340003FF450AF82E7149BC3F13603CCE70B9BED
:1033500009F1FF34A34208DBB9F1000FA3EB040429
:103360000EDBDDF824804B46C1E70B9B0F9A0B94D4
:10337000E31A1A44DDF824800F924B460024B6E786
:10338000099BA3EB09080023B1E7039E72E50B9AA2
:10339000039971E5039673E5209B012B17DC049BD1
:1033A000ABB9059BC3F313039BB9059B23F0004600
:1033B000360D360536B1099B013309930A9B01335B
:1033C0000A9301260F9B002B7FF471AD0F9601200D
:1033D00076E50026F6E73FF487AD099A1C331A44D8
:1033E00009920A9A1A4498440A927DE50346F4E742
:1033F000069B002B2BDC209B022B09DC27E0B9F17C
:10340000000F1DDC209B022B1ADDCDF818903E46E4
:10341000069B002B7FF40CAE21460522584600F097
:10342000CDF901460446039800F0E4FB00287FF73D
:10343000FFADDDF820A031230AF8013B0136FBE5A2
:103440000E9BCDF818903E46002B7FF484AD089F6C
:1034500003982146FFF751FA00F1300907F8019B64
:10346000089B069AFB1A9A4240F3CB8003990023EB
:103470000A22584600F0A2F90390E9E72A690232CD
:10348000920005F10C010C30FFF71AFA01223946BF
:10349000584600F043FB089B089A03F1010A069B7B
:1034A00013440A93049B03F00103A8460B930546BB
:1034B0000AF1FF33214603980693FFF71EFA4146AF
:1034C000099000F13009039800F094FB2A46214648
:1034D0000746584600F0AAFBC268014602B35846A8
:1034E00000F04AF9002F3ADA03990122584600F019
:1034F00015FB2146039000F07DFB002803DC29D159
:1035000019F0010F26D0B9F1390F1DD132E028464C
:10351000C1E700BF60A02108000014400000244063
:103520000E90039800F066FB0E990C90584600F040
:1035300023F90C9A5ABB209B53B90B9B43B9B9F1A1
:10354000390F17D0002F05DD099B03F1310901E088
:10355000002F2ADADDF818A00AF8019B6EE5209BFF
:103560003B4304D1049B03F00103002BBCD0B9F111
:10357000390F36D1069F392307F8013BBA46013F80
:103580001AF8013C392B5BD001333B7056E5002F14
:1035900006DB209B3B4306D1049B03F0010313B9D8
:1035A000002AA1DCD6E7002AE1DC0A9B0AF8019C8C
:1035B000534557462FD0039900230A22584600F05E
:1035C000FDF8A84503904FF000034FF00A02414672
:1035D00058460BD100F0F2F8804605460AF1010A80
:1035E00066E7DDF818A009F10109B5E700F0E6F893
:1035F0002946804600230A22584600F0DFF8054697
:10360000ECE7069B002BC8BF1F46089BD8BF0127CD
:103610001F444FF0000803990122584600F07EFA3B
:103620002146039000F0E6FA0028A7DC02D119F049
:10363000010FA3D1BA4617F8013D302BFAD0FDE4B3
:10364000089BBB429AD1089A312301361370F5E4E6
:10365000249B002B7FF422AA014BFFF741BA00BF45
:10366000439F210838B50546002941D051F8043C54
:103670000C1F002BB8BFE418F0F7A0FD1D4A13681B
:1036800033B9636014602846BDE83840F0F7B8BD30
:10369000A34208D9206821188B4201BF19685B68D2
:1036A00009182160EDE71A465B680BB1A342FAD90D
:1036B00011685018A0420BD1206801445018834271
:1036C0001160E0D118685B68536008441060DAE765
:1036D00002D90C232B60D6E7206821188B4204BF47
:1036E00019685B68636004BF091821605460CAE709
:1036F00038BD00BFCC1B010070B5C66904460D463D
:1037000076B91020FDF786FF0246E06120B9184B1C
:1037100018486B21FDF740FFC0E901660660C660EE
:10372000E669F36883B1E369DB6853F82500B8B94B
:10373000012101FA05F6721D92002046FDF756FFA1
:1037400060B1C0E901560EE0212204212046FDF7B8
:103750004DFFE369F060DB68002BE4D1002070BD11
:10376000026843F825200023C0E90333F7E700BFD0
:10377000509F2108D19F210870B5C66905460C46A7
:1037800076B91020FDF746FF0246E86120B9094BE3
:1037900009488F21FDF700FFC0E901660660C66099
:1037A0003CB1EB696268DB6853F82210216043F892
:1037B000224070BD509F2108D19F21082DE9F04182
:1037C0000D6907460C461E4601F1140C0020DCF87A
:1037D000003099B202FB01611E0C0B0C02FB063398
:1037E00089B2013001EB034185424CF8041B4FEADA
:1037F0001346ECDC0EB3A368AB4219DC61683846B3
:103800000131FFF779FF804628B902460C4B0D487D
:10381000BA21FDF7C1FE2269023204F10C019200C7
:103820000C30FFF74DF821463846FFF7A5FF444618
:1038300004EB850301355E6125612046BDE8F0811A
:10384000C09F2108D19F2108B0F5803F034636BFB5
:10385000030400201020B3F1807F3CBF1B0208301E
:10386000B3F1805F3CBF1B010430B3F1804F03D341
:10387000002B0ADB013070479B0001D502307047F6
:103880005B0001D503307047202070470368024673
:1038900013F007000BD0D90721D4980749BF5B0864
:1038A0009B08012013605CBF13600220704799B22F
:1038B00009B91B0C1020D9B209B908301B0A190725
:1038C00004BF1B090430990704BF9B080230D907C5
:1038D00003D45B0800F1010003D01360704700209F
:1038E000704720207047000010B50C460121FFF7FB
:1038F00003FF024628B9054B054840F24511FDF784
:103900004BFE01234461036110BD00BFC09F21082D
:10391000D19F21082DE9F04F14460A6923699A4284
:10392000A8BF23460F46A4BF0C461F46D4F810A0DC
:10393000D7F81090A36861680AEB0906B34285B016
:10394000B8BF0131FFF7D8FE30B90246444B4548B5
:103950004FF4B171FDF720FE00F1140505EB860868
:103960002B460022434521D307F1140104F1140230
:1039700002EB8A0201EB89030293131B153B23F030
:103980000303043304F11507BA4238BF042301933B
:10399000029B03918B420CD8002E03DD58F8043DA6
:1039A000002B5BD0066105B0BDE8F08F43F8042B17
:1039B000D8E7B1F800A0BAF1000F24D004F1140E3A
:1039C000A9464FF0000C5EF8047BD9F800301FFACE
:1039D00087FB9BB20AFB0B334FEA174BD9F80070F9
:1039E00063444FEA174C0AFB0BC707EB13479BB224
:1039F00043EA0743724549F8043B4FEA174CE2D8C3
:103A0000019B45F803C0039BB3F802900431B9F160
:103A1000000F21D02B6804F1140CAE464FF0000AC1
:103A2000BCF800B0BEF8027009FB0B7757449BB29C
:103A300043EA07434EF8043B5CF8043B4FEA134A61
:103A4000BEF8003009FB0A3303EB174362454FEA27
:103A5000134AE5D8019FEB51043599E7013E9BE7F6
:103A6000C09F2108D19F21082DE9F843154612F087
:103A7000030207460E4607D0254C013A002354F8AE
:103A80002220FFF79BFE0646AD103DD0FC697CB9B5
:103A90001020FDF7BFFD0246F86128B91D4B1E48F6
:103AA00040F2B311FDF778FDC0E901440460C46041
:103AB000D7F81C80D8F808404CB940F2712138463C
:103AC000FFF712FF0023C8F80800044603604FF018
:103AD0000009EB070AD5314622463846FFF71AFFA0
:103AE000314680463846FFF747FE46466D100BD0FC
:103AF000206838B9224621463846FFF70BFF206080
:103B0000C0F800900446E4E73046BDE8F88300BF03
:103B10002CA02108509F2108D19F21082DE9F047B2
:103B20000C464968236903EB6218A368074691466F
:103B30004FEA621A08F10106B3420BDB3846FFF781
:103B4000DBFD054648B90246284B29484FF4EF7182
:103B5000FDF722FD01315B00EEE7002300F11401C7
:103B600000F110021846534533DB20692AEAEA7A4D
:103B700004F1140319F01F0901EB8A0103EB800C17
:103B80002BD0C9F1200E8A460022186800FA09F0ED
:103B900010434AF8040B53F8042B9C4522FA0EF20A
:103BA000F3D8ACEB0403153B23F00303043304F117
:103BB0001500844538BF0423CA500AB108F1020633
:103BC000013E38462E612146FFF7D6FD2846BDE866
:103BD000F08742F8040F0133C5E7043953F8042B8A
:103BE00041F8042F9C45F9D8EAE700BFC09F21089F
:103BF000D19F21080A6903460069801A30B50ED1A9
:103C00001433143103EB820401EB820154F8045D98
:103C100051F8042D954203D005D24FF0FF3030BD4E
:103C2000A342F3D3FBE70120F9E700002DE9F74FAA
:103C300089460646114648461446FFF7DBFF051E37
:103C400012D129463046FFF757FD024628B93F4BAF
:103C500040F237213E48FDF79FFC0123C0E90435BF
:103C6000104603B0BDE8F08FBCBF4B46A1463046BE
:103C7000D9F80410BABF1C4601250025FFF73CFD0A
:103C8000024618B9314B40F24521E3E7D9F81070EC
:103C90002669C56009F1100309F1140504F1140E39
:103CA00000F1140B05EB87080EEB86060193D9464D
:103CB0004FF0000C019B5EF8040B53F804AF019326
:103CC0001FFA8AF3194683B2CB1A000C6344C0EB87
:103CD0001A4000EB23409BB243EA0043764549F883
:103CE000043B4FEA204CE5D8331B153B23F003037C
:103CF00015340433A64238BF04231D445B441E46DA
:103D00002C4644450ED308F10301491B21F0030161
:103D1000033DA84538BF00210B4453F8041D91B161
:103D200017619DE754F8041BE646080C1CFA81FC59
:103D3000714400EB2C4089B241EA004146F8041B73
:103D40004FEA204CDDE7013FE7E700BFC09F2108B5
:103D5000D19F21082DE973430121089E9046994681
:103D6000FFF7CAFC044630B90246244B244840F20F
:103D70000F31FDF711FCC9F30A55C9F313030DB157
:103D800043F480130193B8F1000324D068460093F4
:103D9000FFF77CFDDDE90012D8B1C0F1200302FA83
:103DA00003F30B43C24063610192019BA361002BAB
:103DB0000CBF012202222261ADB1A5F233450544B8
:103DC0003560C0F13500099B1860204602B0BDE89F
:103DD00070836161E9E701A8FFF758FD019B63610A
:103DE00020300122E7E704EB8203A0F2324030608A
:103DF0001869FFF729FDC0EB4210E4E7C09F2108D6
:103E0000D19F21082DE9F0478E681F46BE420B68FE
:103E100082460C4690462DD8B1F90C2012F4906FD2
:103E200026D06569096905EB4505A3EB010905EB9A
:103E3000D5757B1C4B446D109D4238BF1D46530504
:103E400027D52946FDF718FC064660B321694A4686
:103E5000FEF736FDA38923F4906343F08003A3812A
:103E6000266165614E44A5EB09052660A5603E46C6
:103E7000BE4200D93E46206832464146FEF7EEFB80
:103E8000A3689B1BA3602368334423600020BDE824
:103E9000F0872A4600F0D6FB06460028E0D12169CB
:103EA0005046FFF7DFFB0C23CAF80030A38943F02C
:103EB0004003A3814FF0FF30E9E700002DE9F04F08
:103EC00098468B891B069DB007460D46144610D5B3
:103ED0000B6973B94021FDF7CFFB2860286130B929
:103EE0000C233B604FF0FF301DB0BDE8F08F402346
:103EF0006B610023099320238DF82930CDF80C80C5
:103F00003023DFF89C818DF82A304FF001092346D9
:103F10009A4613F8012B0AB1252AF9D1BAEB040B02
:103F20000BD05B46224629463846FFF76BFF01302F
:103F300000F0A780099A5A4409929AF80030002BA1
:103F400000F09F8000234FF0FF32CDE905230AF1F6
:103F5000010A049307938DF853301A9354460522AF
:103F600014F8011B4E48FEF75BFC049AD8B9D00642
:103F700044BF20238DF85330110744BF2B238DF805
:103F800053309AF800302A2B15D0079A5446002057
:103F90004FF00A0C214611F8013B303B092B4BD95D
:103FA000B0B1079214E0A0EB080309FA03F313433E
:103FB0000493A246D2E7039B191D1B680391002BB3
:103FC000BBBF5B4242F0020207930793B8BF049263
:103FD00023782E2B0AD163782A2B32D1039B1A1D0A
:103FE0001B68039243EAE37302340593DFF8C0A031
:103FF000217803225046FEF713FC38B1049BA0EB56
:104000000A004022824013430134049314F8011B38
:1040100024488DF828100622FEF702FC002836D02E
:10402000214B1BBB039B073323F007030833039388
:10403000099B334409936AE70CFB02320C460120CA
:10404000A8E700230134059319464FF00A0C2046D7
:1040500010F8012B303A092A03D9002BC6D005915C
:10406000C4E70CFB012104460123F0E703AB0093F6
:104070002A460E4B04A93846FDF7A0FC421C064612
:10408000D6D1AB895B063FF52DAF09982CE703AB82
:1040900000932A46054B04A93846FDF733FFEDE7A8
:1040A00028A1210832A12108BD292108054E210897
:1040B0002EA121089368013B002B10B4936008DA0D
:1040C0009469A34201DB0A2903D15DF8044BFEF792
:1040D00020BA1368581C1060197008465DF8044B2C
:1040E0007047F8B506460F461446D518AC4201D1C4
:1040F000002007E014F8011B3A463046FFF7DAFFCC
:10410000431CF3D1F8BD00002DE9F04F0D469DB0E2
:1041100014469846064618B1036A0BB9FEF7AAF88A
:104120006B6ED90705D4AB899A0502D4A86DFEF74A
:1041300060FBAB891B0701D52B699BB9294630462B
:10414000FEF726FA70B16B6EDC0704D54FF0FF3036
:104150001DB0BDE8F08FAB899805F7D4A86DFEF7C8
:1041600049FBF3E70023099320238DF82930CDF88C
:104170000C803023DFF8AC818DF82A304FF0010934
:1041800023469A4613F8012B0AB1252AF9D1BAEB36
:10419000040B0BD05B46224629463046FFF7A1FFB1
:1041A000013000F0A780099A5A4409929AF8003029
:1041B000002B00F09F8000234FF0FF32CDE9052354
:1041C0000AF1010A049307938DF853301A93544669
:1041D000052214F8011B5348FEF722FB049AD8B9B4
:1041E000D10644BF20238DF85330130744BF2B233F
:1041F0008DF853309AF800302A2B15D0079A544680
:1042000000204FF00A0C214611F8013B303B092BEE
:104210004BD9B0B1079214E0A0EB080309FA03F3FD
:1042200013430493A246D2E7039B191D1B68039115
:10423000002BBBBF5B4242F0020207930793B8BF5B
:10424000049223782E2B0AD163782A2B32D1039B38
:104250001A1D1B68039243EAE37302340593DFF8E7
:10426000D4A0217803225046FEF7DAFA38B1049B35
:10427000A0EB0A004022824013430134049314F857
:10428000011B29488DF828100622FEF7C9FA0028DC
:104290003FD0264B1BBB039B073323F00703083398
:1042A0000393099B3B4409936AE70CFB02320C46DB
:1042B0000120A8E700230134059319464FF00A0CAA
:1042C000204610F8012B303A092A03D9002BC6D01A
:1042D0000591C4E70CFB012104460123F0E703AB81
:1042E00000932A46124B04A93046FDF767FB0746A8
:1042F000781CD6D16B6ED90705D4AB899A0502D448
:10430000A86DFEF777FAAB895B063FF51FAF0998FA
:104310001EE703AB00932A46054B04A93046FDF780
:10432000F1FDE4E728A1210832A12108BD292108D7
:10433000E35021082EA12108B1F90C202DE9F0410C
:10434000170705460C4656D44B68002B02DC0B6C55
:10435000002B3DDDE66A002E3AD0002312F4805295
:104360002F68216A2B6025D0626DA389580705D577
:104370006368D21A636B0BB1236CD21A216AE66AA6
:1043800000232846B047411C24D0002363602369E2
:104390002360A389DA0400D56065616B2F60B9B131
:1043A00004F14403994202D02846FFF75BF9002349
:1043B00063630DE001232846B047461C0246D4D172
:1043C0002B68002BD1D01D2B01D0162B2BD12F60A9
:1043D00000202FE02A68B4F90C3042B11D2A01D028
:1043E000162A22D10023636023692360D5E7626027
:1043F00022692260CEE70F69002FE9D093070E688B
:1044000008BF4B690F6018BF0023A6EB07088B603D
:10441000B8F1000FDCDD216AA66A43463A46284619
:10442000B047002808DCB4F90C3043F04003A38106
:104430004FF0FF30BDE8F0810744A8EB0008E7E744
:1044400038B50B6905460C4613B90025284638BD1A
:1044500018B1036A0BB9FDF70DFFB4F90C30002B4E
:10446000F3D0626ED00704D4990502D4A06DFEF794
:10447000C0F928462146FFF75FFF636EDA0705465D
:10448000E4D4A3899B05E1D4A06DFEF7B3F9DDE781
:1044900070B50C46B1F90E10002996B015461E46AF
:1044A0000DDAA38913F0800F4FF0000114BF4023F1
:1044B0004FF48063002031602B6016B070BD6A46F7
:1044C00000F078F80028ECDB019901F47041A1F5C7
:1044D0000053594259414FF48063EBE78B89F7B59C
:1044E0009D0706460C4607D504F147032360236168
:1044F0000123636103B0F0BD01AB6A46FFF7C8FF5B
:10450000009F054639463046FDF7B6F848B9B4F97C
:104510000C309A05EED423F0030343F00203A38189
:10452000E2E7A389206043F08003A381019BC4E9F3
:1045300004075BB1B4F90E10304600F04DF828B115
:10454000A38923F0030343F00103A381A3891D433F
:10455000A581CFE71F2938B505460C4604D9162397
:1045600003604FF0FF3038BDC26B12B152F82130FA
:104570004BB9284600F052F8224601462846BDE8CD
:10458000384000F039B8012B0AD0591C03D116234A
:1045900003600120E7E7002142F8241020469847F5
:1045A0000020E0E7024B01461868FFF7D3BF00BFC9
:1045B000B40E000038B5074D0023044608461146E6
:1045C0002B60EFF7E2FE431C02D12B6803B123609E
:1045D00038BD00BF0C1D010038B5064D0023044650
:1045E00008462B60EFF7D6FE431C02D12B6803B1BF
:1045F000236038BD0C1D010038B5074D002304466B
:10460000084611462B60EFF78DFE431C02D12B6844
:1046100003B1236038BD00BF0C1D0100EFF780BE61
:1046200082B001B901A942B14BB113780B60127885
:10463000101E18BF012002B070471046FBE76FF054
:104640000100F8E72DE9F041804615460C4621B9F6
:10465000BDE8F0411146FDF70FB82AB9FFF702F89F
:1046600000242046BDE8F08100F027F88542064688
:1046700002D8B5EB500FF4D829464046FCF7FCFFB2
:1046800007460028ECD0B5422A46214628BF3246CC
:10469000FEF716F921464046FEF7E4FF3C46E0E708
:1046A0000346084641B1FF2A04D98A221A604FF016
:1046B000FF3070470A700120704751F8043C181F02
:1046C000002BBCBF0B58C018704700004FEA410CCC
:1046D0007FEA6C5C02D150EA013C0AD14FEA430CFC
:1046E0007FEA6C5C02D152EA033C02D14FF0000039
:1046F00070474FF0010070474FEA410212F5001277
:1047000015D211D56FF47873B3EB625212D94FEA18
:10471000C12343F0004343EA505311F0004F23FA02
:1047200002F018BF404270474FF00000704750EA57
:10473000013005D111F0004008BF6FF00040704714
:104740004FF00000704700BF044A05491368002B72
:1047500008BF0B461844106018467047141D01002E
:10476000184D0100F8B500BFF8BC08BC9E46704764
:10477000F8B500BFF8BC08BC9E46704700000000BA
:104780005FF800F0411C00005FF800F057150000D2
:104790005FF800F0311E00005FF800F0B515000072
:1047A0005FF800F0452000005FF800F06919000094
:1047B0005FF800F0E92000005FF800F0D917000072
:1047C0005FF800F0F91E00005FF800F0B11F000074
:1047D0005FF800F0191E00005FF800F0D11B000028
:1047E0005FF800F0111B00005FF800F0C91700002F
:1047F0005FF800F0C31400005FF800F00517000038
:104800005FF800F05D1D00005FF800F0CD1E0000B5
:104810005FF800F09D1B00005FF800F0951C0000A1
:104820005FF800F0E51700005FF800F001210000DC
:104830005FF800F0051F00005FF800F06D16000043
:104840005FF800F0251F00005FF800F0C51A0000B7
:104850005FF800F0AD1700005FF800F0BD17000032
:104860005FF800F0C11E0000696E206A6F696E205B
:1048700043420D00463A204A6F696E204576656EC8
:104880007420726563656976656420776974682051
:10489000256C75206279746573207061796C6F6125
:1048A000640A00476F742072657175657374202502
:1048B0007320776974682064617461206C656E6729
:1048C0007468203A20256C750D0A00746578742F81
:1048D00068746D6C00746578742F706C61696E001B
:1048E000343034204E6F7420466F756E64007373DD
:1048F000696400252E2A7300706173737068726199
:1049000073650073656375726974795F7479706536
:1049100000343030204261642052657175657374D3
:10492000007B22737461747573223A20226F6B22AC
:104930007D006170706C69636174696F6E2F6A735A
:104940006F6E0052656D6F746520436C69656E749F
:1049500020646973636F6E6E65637465643A2000EA
:1049600052656D6F746520436C69656E7420636F6A
:104970006E6E65637465643A2000556E6B6E6F777A
:104980006E007B22636F756E74223A2022256C754F
:10499000222C20227363616E5F726573756C747371
:1049A000223A205B007B2273736964223A2022251D
:1049B00073222C202273656375726974795F747930
:1049C0007065223A20222573222C20226E6574778E
:1049D0006F726B5F74797065223A20222575222CE4
:1049E0000020226273736964223A202225303278D3
:1049F0003A253032783A253032783A253032783AD2
:104A0000253032783A25303278222C2022636861B2
:104A10006E6E656C223A20222575222C202272733C
:104A20007369223A20222D2575227D005D7D005775
:104A30004C414E207363616E2073746172746564BF
:104A4000200D005363616E6E696E672E2E2E0D0071
:104A5000574C414E205363616E206661696C6564FA
:104A600020256C782E20506C65617365206D616B1C
:104A700065207375726520746865206C6174657358
:104A80007420636F6E6E65637469766974792066ED
:104A900069726D7761726520697320757365642E24
:104AA0000D0A0035303020496E7465726E616C20DD
:104AB000536572766572204572726F72005363613E
:104AC0006E20646F6E65207374617465200D000D37
:104AD0000A57692D46692050726F766973696F6E47
:104AE000696E672064656D6F2073746172746564AC
:104AF0000D004661696C656420746F207374617287
:104B0000742057692D466920415020696E74657282
:104B1000666163653A203078256C780D0A00576924
:104B20002D466920415020696E697469616C697A0B
:104B300065640D004661696C656420746F20627263
:104B4000696E672057692D466920415020696E744F
:104B50006572666163652075703A203078256C78DF
:104B60000D0A0057692D4669204150207374617207
:104B70007465640D004854545020736572766572F4
:104B800020696E6974206661696C65643A256C7889
:104B90000D0A005365727665722073746172742019
:104BA0006661696C3A256C780D0A0050726F7669FF
:104BB00073696F6E696E6720485454502073657234
:104BC00076657220737461727465640D000D0A431A
:104BD0006F6E6E65637420746F20616363657373B9
:104BE00020706F696E7420222573222066726F6DAB
:104BF00020796F7572206465766963650D0A0047D8
:104C00006F20746F20687474703A2F2F25752E25CD
:104C1000752E25752E25752F206F6E20796F757274
:104C20002062726F7773657220746F2070726F7676
:104C30006973696F6E696E67206F662057692D46CC
:104C4000690D0A005365727665722073746F702067
:104C50006661696C3A256C780D0A00536572766559
:104C600072206465696E6974206661696C3A256CAE
:104C7000780D0A00485454502053657276657220AE
:104C80006465696E697469616C697A65640D004177
:104C900070206465696E6974203A203078256C78DC
:104CA0000D0A0057692D4669204150206465696EE0
:104CB000697469616C697A65640D004661696C6547
:104CC0006420746F2073746172742057692D466973
:104CD00020636C69656E7420696E746572666163C9
:104CE000653A203078256C780D0A0057692D4669A1
:104CF00020636C69656E7420696E746572666163A9
:104D00006520696E697469616C697A65640D004F2C
:104D100070656E0057504100575041320057504166
:104D20003300575041335F5472616E736974696F19
:104D30006E004D69786564204D6F64650046616959
:104D40006C656420746F2073657420636C69656E94
:104D5000742070726F66696C653A203078256C78C3
:104D60000D0A0057692D46692073657420636C69CC
:104D7000656E742070726F66696C6520763420737E
:104D80007563636573730D00535349442025730D98
:104D90000A004661696C656420746F206272696EF6
:104DA000672057692D466920636C69656E742069B8
:104DB0006E746572666163652075703A203078257F
:104DC0006C780D0A00535441206465696E69742043
:104DD0003A203078256C780D0A00495076342061ED
:104DE00064647265737320636F6E66696775726160
:104DF00074696F6E206973206661696C6564203A1E
:104E0000203078256C780D0A004950763420616492
:104E1000647265737320636F6E666967757261741F
:104E2000696F6E20636F6D706C6574650D00436C07
:104E300069656E7420495076343A200057692D46D2
:104E4000692050726F766973696F6E696E6720644E
:104E5000656D6F2069732073756363657373667521
:104E60006C6C7920636F6D706C657465640D000007
:104E70000F5D2108145D2108185D21087A59210869
:104E80007A5921087A592108325D21081D5D2108CF
:104E9000225D210853493931372D48545450536508
:104EA0007276657200343035204E6F7420416C6C20
:104EB0006F776564002F002F696E6465782E6874C3
:104EC0006D6C002F636F6E6E6563742E68746D6C0D
:104ED000002F636F6E6E656374002F7363616E00E5
:104EE00061707000B55E2108F5222008B75E2108C8
:104EF000F5222008C35E21083D222008D15E21084A
:104F000085232008DA5E2108912620080000000091
:104F10000000000000000000000000000000000091
:104F20000000000000000000000000000000000081
:104F30000000000000000000000000000000000071
:104F4000010000000000000000000000020400005A
:104F50000000000000000000000000000000000051
:104F60000000000000000000000000000000000041
:104F70000000000000000000000000000000000031
:104F80000000000000000000000000000000000021
:104F90000000000000000000000000000000000011
:104FA000E05E21080000000000000000000000009A
:104FB00000000000000C00000800000000000000DD
:104FC000000000000D0A3C21444F43545950452035
:104FD00068746D6C3E0D0A3C68746D6C206C616E7B
:104FE000673D22656E223E0D0A3C686561643E0D98
:104FF0000A3C6D65746120636861727365743D225B
:105000005554462D38223E0D0A3C6D657461206E64
:10501000616D653D2276696577706F7274222063D9
:105020006F6E74656E743D2277696474683D646563
:10503000766963652D77696474682C20696E69747C
:1050400069616C2D7363616C653D312E30223E0DBC
:105050000A3C7469746C653E53695747393137208F
:10506000456467652041737365742054656C656D94
:1050700065747279205465726D696E616C3C2F7431
:1050800069746C653E0D0A3C7374796C653E0D0A5B
:105090003A726F6F74207B0D0A20202D2D62673AC3
:1050A00020233036303931333B0D0A20202D2D702E
:1050B000616E656C3A20233064313532373B0D0A1E
:1050C00020202D2D70616E656C2D6C696768743AB7
:1050D00020233136323233663B0D0A20202D2D62DB
:1050E0006F726465723A20233165326534613B0D1D
:1050F0000A20202D2D6379616E3A202330306630EE
:1051000066663B0D0A20202D2D677265656E3A207C
:10511000233035666639323B0D0A20202D2D616D16
:105120006265723A20236666623730303B0D0A2092
:10513000202D2D7265643A20236666346134613B0C
:105140000D0A20202D2D746578743A202365326570
:105150003866303B0D0A20202D2D746578742D643F
:10516000696D3A20233466366239343B0D0A7D0D71
:105170000A626F6479207B0D0A2020666F6E742DA1
:1051800066616D696C793A2027436F6E736F6C614D
:1051900073272C2027436F7572696572204E6577DF
:1051A000272C206D6F6E6F73706163653B0D0A2055
:1051B000206D617267696E3A20303B0D0A202070C5
:1051C000616464696E673A20313670783B0D0A205D
:1051D000206261636B67726F756E642D636F6C6FB5
:1051E000723A20766172282D2D6267293B0D0A20C4
:1051F00020636F6C6F723A20766172282D2D746572
:105200007874293B0D0A7D0D0A2E777261707065E6
:1052100072207B0D0A20206D61782D776964746897
:105220003A203136303070783B0D0A20206D6172A3
:1052300067696E3A2030206175746F3B0D0A7D0DF1
:105240000A686561646572207B0D0A2020646973B9
:10525000706C61793A20666C65783B0D0A20206A93
:105260007573746966792D636F6E74656E743A2018
:1052700073706163652D6265747765656E3B0D0AB9
:105280002020616C69676E2D6974656D733A2063C7
:10529000656E7465723B0D0A202070616464696EEE
:1052A000673A203132707820323070783B0D0A2016
:1052B000206261636B67726F756E643A207661720B
:1052C000282D2D70616E656C293B0D0A2020626FC0
:1052D000726465723A2031707820736F6C69642053
:1052E000766172282D2D626F72646572293B0D0AFA
:1052F0002020626F726465722D7261646975733A01
:10530000203670783B0D0A20206D617267696E2D22
:10531000626F74746F6D3A20313670783B0D0A7D80
:105320000D0A2E6C6F676F2D73656374696F6E2045
:105330007B0D0A2020646973706C61793A20666C79
:1053400065783B0D0A2020616C69676E2D69746574
:105350006D733A2063656E7465723B0D0A20206799
:1053600061703A20313270783B0D0A7D0D0A2E7043
:10537000756C7365207B0D0A202077696474683A28
:10538000203870783B0D0A20206865696768743A98
:10539000203870783B0D0A20206261636B67726F62
:1053A000756E643A20766172282D2D677265656E80
:1053B000293B0D0A2020626F726465722D72616450
:1053C0006975733A203530253B0D0A2020626F78CD
:1053D0002D736861646F773A20302030203130704F
:1053E0007820766172282D2D677265656E293B0DD8
:1053F0000A7D0D0A2E7379732D7469746C65207B98
:105400000D0A2020666F6E742D7765696768743A9F
:1054100020626F6C643B0D0A20206C6574746572A9
:105420002D73706163696E673A203170783B0D0AA5
:105430002020666F6E742D73697A653A203135705D
:10544000783B0D0A7D0D0A2E68772D7370656373A6
:10545000207B0D0A2020646973706C61793A2066A4
:105460006C65783B0D0A20206761703A20313670F8
:10547000783B0D0A2020666F6E742D73697A653A49
:1054800020313170783B0D0A2020636F6C6F723AC7
:1054900020766172282D2D746578742D64696D29CC
:1054A0003B0D0A7D0D0A2E68772D7370656373209E
:1054B0007370616E207374726F6E67207B20636FF0
:1054C0006C6F723A20766172282D2D74657874297C
:1054D0003B207D0D0A2E677269642D332D31207BB0
:1054E0000D0A2020646973706C61793A20677269D3
:1054F000643B0D0A2020677269642D74656D706CC1
:105500006174652D636F6C756D6E733A20336672CE
:10551000203166723B0D0A20206761703A203136D7
:1055200070783B0D0A7D0D0A2E70616E656C207BD4
:105530000D0A20206261636B67726F756E643A209A
:10554000766172282D2D70616E656C293B0D0A20E5
:1055500020626F726465723A2031707820736F6CCC
:10556000696420766172282D2D626F7264657229DC
:105570003B0D0A2020626F726465722D726164694E
:1055800075733A203670783B0D0A20207061646490
:10559000696E673A20313670783B0D0A7D0D0A2E10
:1055A00070616E656C2D686561646572207B0D0AA3
:1055B0002020646973706C61793A20666C65783B71
:1055C0000D0A20206A7573746966792D636F6E7495
:1055D000656E743A2073706163652D6265747765DA
:1055E000656E3B0D0A2020616C69676E2D697465DC
:1055F0006D733A2063656E7465723B0D0A202062FC
:105600006F726465722D626F74746F6D3A203170C1
:105610007820736F6C696420766172282D2D626F1B
:1056200072646572293B0D0A202070616464696EA2
:10563000672D626F74746F6D3A20313270783B0D54
:105640000A20206D617267696E2D626F74746F6DD0
:105650003A20313670783B0D0A7D0D0A2E70616E4E
:10566000656C2D7469746C65207B0D0A2020666F53
:105670006E742D73697A653A20313370783B0D0A68
:105680002020746578742D7472616E73666F726D0C
:105690003A207570706572636173653B0D0A202056
:1056A000636F6C6F723A20766172282D2D63796179
:1056B0006E293B0D0A2020666F6E742D7765696731
:1056C00068743A20626F6C643B0D0A7D0D0A2E6D82
:1056D0006574726963732D7374726970207B0D0A2F
:1056E0002020646973706C61793A20677269643B49
:1056F0000D0A2020677269642D74656D706C617489
:10570000652D636F6C756D6E733A2072657065619F
:105710007428342C20316672293B0D0A20206761E1
:10572000703A20313270783B0D0A20206D6172672B
:10573000696E2D626F74746F6D3A20313670783BEC
:105740000D0A7D0D0A2E6D696E692D6361726420EC
:105750007B0D0A20206261636B67726F756E643A1D
:1057600020766172282D2D70616E656C2D6C6967D5
:105770006874293B0D0A2020626F726465722D6C7B
:105780006566743A2033707820736F6C6964207694
:105790006172282D2D6379616E293B0D0A202070DE
:1057A000616464696E673A20313270783B0D0A207B
:1057B00020626F726465722D7261646975733A203C
:1057C00030203470782034707820303B0D0A7D0D05
:1057D0000A2E6D696E692D6C6162656C207B0D0A05
:1057E0002020666F6E742D73697A653A20313070AF
:1057F000783B0D0A2020636F6C6F723A20766172DD
:10580000282D2D746578742D64696D293B0D0A204F
:1058100020746578742D7472616E73666F726D3A60
:10582000207570706572636173653B0D0A7D0D0AAA
:105830002E6D696E692D76616C207B0D0A202066C5
:105840006F6E742D73697A653A20313870783B0D2C
:105850000A2020666F6E742D7765696768743A2038
:10586000626F6C643B0D0A20206D617267696E2D5A
:10587000746F703A203470783B0D0A7D0D0A7461A4
:10588000626C65207B0D0A202077696474683A2079
:10589000313030253B0D0A2020626F726465722D15
:1058A000636F6C6C617073653A20636F6C6C6170D0
:1058B00073653B0D0A7D0D0A7468207B0D0A20205C
:1058C00070616464696E673A2031307078203132DB
:1058D00070783B0D0A2020746578742D616C6967BF
:1058E0006E3A206C6566743B0D0A2020666F6E74FC
:1058F0002D73697A653A20313170783B0D0A20208A
:10590000636F6C6F723A20766172282D2D74657802
:10591000742D64696D293B0D0A2020626F726465E5
:10592000722D626F74746F6D3A2032707820736FCD
:105930006C696420766172282D2D626F72646572C5
:10594000293B0D0A2020746578742D7472616E7382
:10595000666F726D3A207570706572636173653B36
:105960000D0A7D0D0A7464207B0D0A20207061648D
:1059700064696E673A20313270783B0D0A202066E8
:105980006F6E742D73697A653A20313370783B0DF0
:105990000A2020626F726465722D626F74746F6D7D
:1059A0003A2031707820736F6C69642076617228B8
:1059B0002D2D626F72646572293B0D0A7D0D0A748C
:1059C000723A686F766572207464207B206261632E
:1059D0006B67726F756E643A20766172282D2D7038
:1059E000616E656C2D6C69676874293B207D0D0ABA
:1059F0002E6261646765207B0D0A202070616464FB
:105A0000696E673A20327078203670783B0D0A2034
:105A100020626F726465722D7261646975733A20D9
:105A20003370783B0D0A2020666F6E742D73697A8F
:105A3000653A20313070783B0D0A2020666F6E7415
:105A40002D7765696768743A20626F6C643B0D0A54
:105A50007D0D0A2E62672D677265656E207B206260
:105A600061636B67726F756E643A2072676261285A
:105A7000352C3235352C3134362C302E31293B2023
:105A8000636F6C6F723A20766172282D2D67726594
:105A9000656E293B20626F726465723A20317078BE
:105AA00020736F6C6964207267626128352C32350F
:105AB000352C3134362C302E33293B207D0D0A2EE7
:105AC00062672D616D626572207B206261636B6726
:105AD000726F756E643A2072676261283235352CB8
:105AE0003138332C302C302E31293B20636F6C6FD2
:105AF000723A20766172282D2D616D626572293BA4
:105B000020626F726465723A2031707820736F6C16
:105B100069642072676261283235352C3138332C44
:105B2000302C302E33293B207D0D0A2E62672D72DA
:105B30006564207B206261636B67726F756E643A87
:105B40002072676261283235352C37342C37342C7B
:105B5000302E31293B20636F6C6F723A2076617270
:105B6000282D2D726564293B20626F726465723A3C
:105B70002031707820736F6C6964207267626128CD
:105B80003235352C37342C37342C302E33293B200A
:105B90007D0D0A2E6C6F672D73747265616D207BAD
:105BA0000D0A20206865696768743A2034303070C7
:105BB000783B0D0A20206F766572666C6F772D79C1
:105BC0003A206175746F3B0D0A2020666F6E742D4C
:105BD00073697A653A20313170783B0D0A20206C68
:105BE000696E652D6865696768743A20312E353BAA
:105BF0000D0A2020636F6C6F723A2023613162338B
:105C000063623B0D0A7D0D0A2E6C6F672D656E7405
:105C10007279207B0D0A20206D617267696E2D629A
:105C20006F74746F6D3A203670783B0D0A202062D5
:105C30006F726465722D626F74746F6D3A2031708B
:105C400078206461736865642023313632323366AC
:105C50003B0D0A202070616464696E672D626F7469
:105C6000746F6D3A203470783B0D0A7D0D0A2E6CEE
:105C70006F672D7473207B20636F6C6F723A207690
:105C80006172282D2D746578742D64696D293B200F
:105C90007D0D0A2E62746E2D616374696F6E207BB8
:105CA0000D0A20206261636B67726F756E643A2023
:105CB0007472616E73706172656E743B0D0A2020A0
:105CC000626F726465723A2031707820736F6C690C
:105CD0006420766172282D2D6379616E293B0D0A4F
:105CE0002020636F6C6F723A20766172282D2D63CD
:105CF00079616E293B0D0A202070616464696E67CA
:105D00003A2036707820313270783B0D0A202066B8
:105D10006F6E742D66616D696C793A206D6F6E6F70
:105D200073706163653B0D0A2020637572736F7237
:105D30003A20706F696E7465723B0D0A2020626FA5
:105D4000726465722D7261646975733A203470787B
:105D50003B0D0A7D0D0A2E62746E2D616374696FAE
:105D60006E3A686F766572207B206261636B677242
:105D70006F756E643A207267626128302C3234305D
:105D80002C3235352C302E31293B207D0D0A3C2F0D
:105D90007374796C653E0D0A3C2F686561643E0D35
:105DA0000A3C626F64793E0D0A3C64697620636C3C
:105DB0006173733D2277726170706572223E0D0AC5
:105DC00020203C6865616465723E0D0A2020202019
:105DD0003C64697620636C6173733D226C6F676FFE
:105DE0002D73656374696F6E223E0D0A202020209A
:105DF00020203C64697620636C6173733D2270756A
:105E00006C7365223E3C2F6469763E0D0A2020208B
:105E10002020203C64697620636C6173733D22739B
:105E200079732D7469746C65223E42524432363067
:105E30003541202F2F204F4E424F41524420454E96
:105E40005649524F4E4D454E54414C205445524DAB
:105E5000494E414C3C2F6469763E0D0A202020209B
:105E60003C2F6469763E0D0A202020203C64697630
:105E700020636C6173733D2268772D737065637363
:105E8000223E0D0A2020202020203C7370616E3EAF
:105E90004D43553A203C7374726F6E673E436F7288
:105EA0007465782D4D344620283138304D487A2994
:105EB0003C2F7374726F6E673E3C2F7370616E3E41
:105EC0000D0A2020202020203C7370616E3E504837
:105ED000593A203C7374726F6E673E57692D46695C
:105EE000203620283830322E31316178293C2F730A
:105EF00074726F6E673E3C2F7370616E3E0D0A20A8
:105F000020202020203C7370616E3E5352414D3A58
:105F1000203C7374726F6E673E384D422065787412
:105F200020505352414D3C2F7374726F6E673E3C4C
:105F30002F7370616E3E0D0A2020202020203C73BC
:105F400070616E3E525353493A203C7374726F6EC7
:105F5000672069643D226E6F64652D7273736922D8
:105F60003E2D34302064426D3C2F7374726F6E6727
:105F70003E3C2F7370616E3E0D0A202020203C2F86
:105F80006469763E0D0A20203C2F68656164657265
:105F90003E0D0A0D0A20203C64697620636C617313
:105FA000733D22677269642D332D31223E0D0A2024
:105FB0002020203C6469763E0D0A202020202020ED
:105FC0003C64697620636C6173733D226D65747205
:105FD0006963732D7374726970223E0D0A2020204C
:105FE00020202020203C64697620636C6173733D1F
:105FF000226D696E692D63617264223E3C6469762C
:1060000020636C6173733D226D696E692D6C6162F2
:10601000656C223E4D344620436F72652054656D99
:10602000703C2F6469763E3C64697620636C6173D2
:10603000733D226D696E692D76616C222069643D25
:10604000226D2D636F72652D74656D70223E2D2D4E
:106050003C2F6469763E3C2F6469763E0D0A202011
:106060002020202020203C64697620636C617373BB
:106070003D226D696E692D636172642220737479AB
:106080006C653D22626F726465722D6C6566742D5D
:10609000636F6C6F723A20766172282D2D6772657E
:1060A000656E29223E3C64697620636C6173733DA2
:1060B000226D696E692D6C6162656C223E416D6274
:1060C00069656E742048756D69646974793C2F64E4
:1060D00069763E3C64697620636C6173733D226D22
:1060E000696E692D76616C222069643D226D2D6890
:1060F000756D223E2D2D3C2F6469763E3C2F6469E0
:10610000763E0D0A20202020202020203C64697645
:1061100020636C6173733D226D696E692D636172DA
:106120006422207374796C653D22626F72646572BB
:106130002D6C6566742D636F6C6F723A2076617298
:10614000282D2D616D62657229223E3C646976209E
:10615000636C6173733D226D696E692D6C6162655C
:106160006C223E4D61676E6574696320466C75787C
:106170003C2F6469763E3C64697620636C6173737E
:106180003D226D696E692D76616C222069643D2225
:106190006D2D6D6167223E2D2D3C2F6469763E3C4E
:1061A0002F6469763E0D0A20202020202020203CEC
:1061B00064697620636C6173733D226D696E692D2D
:1061C0006361726422207374796C653D22626F7220
:1061D0006465722D6C6566742D636F6C6F723A2006
:1061E000766172282D2D72656429223E3C646976A1
:1061F00020636C6173733D226D696E692D6C616201
:10620000656C223E494D55205374617475733C2F63
:106210006469763E3C64697620636C6173733D22E9
:106220006D696E692D76616C222069643D226D2D49
:10623000696D75223E2D2D3C2F6469763E3C2F649E
:1062400069763E0D0A2020202020203C2F646976AC
:106250003E0D0A0D0A2020202020203C6469762073
:10626000636C6173733D2270616E656C223E0D0A32
:1062700020202020202020203C64697620636C614F
:1062800073733D2270616E656C2D68656164657223
:10629000223E0D0A202020202020202020203C64A7
:1062A000697620636C6173733D2270616E656C2D3D
:1062B0007469746C65223E4F6E626F617264205324
:1062C000656E736F72204D617472697820486172D7
:1062D0006477617265204C617965723C2F646976E0
:1062E0003E0D0A202020202020202020203C627506
:1062F00074746F6E20636C6173733D2262746E2DD3
:10630000616374696F6E22206F6E636C69636B3DAD
:1063100022636C656172496E74657272757074285F
:1063200029223E434C4541522048414C4C20494E85
:10633000544552525550543C2F627574746F6E3EE2
:106340000D0A20202020202020203C2F6469763E4A
:106350000D0A20202020202020203C646976207314
:1063600074796C653D226F766572666C6F772D78F7
:106370003A206175746F3B223E0D0A2020202020B8
:1063800020202020203C7461626C653E0D0A202094
:10639000202020202020202020203C74686561647B
:1063A0003E0D0A20202020202020202020202020F8
:1063B000203C74723E0D0A20202020202020202026
:1063C000202020202020203C74683E4861726477A1
:1063D000617265205461726765743C2F74683E0D6C
:1063E0000A202020202020202020202020202020C3
:1063F000203C74683E53656E736F72204964656E0D
:106400007469666965723C2F74683E0D0A2020200D
:10641000202020202020202020202020203C7468C4
:106420003E5072696D617279204D65747269633C8A
:106430002F74683E0D0A20202020202020202020BC
:106440002020202020203C74683E5365636F6E64DA
:10645000617279204D65747269633C2F74683E0DDA
:106460000A20202020202020202020202020202042
:10647000203C74683E494D5520332D417869732086
:10648000566563746F723C2F74683E0D0A2020209D
:10649000202020202020202020202020203C746844
:1064A0003E48616C6C204566666563743C2F746879
:1064B0003E0D0A20202020202020202020202020E7
:1064C0002020203C74683E4F7065726174696F6E65
:1064D000616C205374617475733C2F74683E0D0AAF
:1064E00020202020202020202020202020203C2F81
:1064F00074723E0D0A202020202020202020202001
:10650000203C2F74686561643E0D0A202020202005
:10651000202020202020203C74626F647920696450
:106520003D2273656E736F722D726F77223E0D0A76
:106530002020202020202020202020203C2F74629A
:106540006F64793E0D0A202020202020202020206A
:106550003C2F7461626C653E0D0A202020202020B3
:1065600020203C2F6469763E0D0A20202020202028
:106570003C2F6469763E0D0A202020203C2F646960
:10658000763E0D0A0D0A202020203C6469762063A7
:106590006C6173733D2270616E656C223E0D0A2042
:1065A00020202020203C64697620636C6173733D59
:1065B0002270616E656C2D686561646572223E0DA6
:1065C0000A20202020202020203C64697620636C53
:1065D0006173733D2270616E656C2D7469746C65B6
:1065E000223E53695778393137204B65726E656C9E
:1065F000204C6F67733C2F6469763E0D0A20202083
:106600002020203C2F6469763E0D0A202020202087
:10661000203C64697620636C6173733D226C6F6704
:106620002D73747265616D222069643D226C6F6701
:106630002D626F78223E3C2F6469763E0D0A202041
:1066400020203C2F6469763E0D0A20203C2F64698F
:10665000763E0D0A3C2F6469763E0D0A0D0A3C73A6
:1066600063726970743E0D0A6C657420696E74659E
:106670007272757074416374697665203D2066613D
:106680006C73653B0D0A0D0A66756E6374696F6EF7
:106690002072616E64286D696E2C206D61782920EE
:1066A0007B2072657475726E204D6174682E666C05
:1066B0006F6F72284D6174682E72616E646F6D2801
:1066C00029202A20286D6178202D206D696E202BCD
:1066D00020312929202B206D696E3B207D0D0A6613
:1066E000756E6374696F6E2072616E64466C6F6163
:1066F00074286D696E2C206D617829207B2072656D
:106700007475726E20284D6174682E72616E646FAC
:106710006D2829202A20286D6178202D206D696E32
:1067200029202B206D696E292E746F466978656467
:106730002832293B207D0D0A0D0A66756E63746947
:106740006F6E206164644C6F6728747970652C20CB
:106750006D736729207B0D0A2020636F6E73742090
:106760006C6F67426F78203D20646F63756D656E56
:10677000742E676574456C656D656E744279496405
:1067800028276C6F672D626F7827293B0D0A202020
:10679000636F6E7374207473203D206E65772044A0
:1067A00061746528292E746F49534F537472696E52
:1067B0006728292E737562737472696E6728313188
:1067C0002C203139293B0D0A20206C657420636F21
:1067D0006C6F72203D2027766172282D2D746578AC
:1067E0007429273B0D0A202069662028747970657A
:1067F000203D3D3D20275741524E272920636F6C95
:106800006F72203D2027766172282D2D616D6265A3
:106810007229273B0D0A202069662028747970654B
:10682000203D3D3D202743524954272920636F6C6A
:106830006F72203D2027766172282D2D72656429A4
:10684000273B0D0A20206966202874797065203D59
:106850003D3D2027454D424544272920636F6C6FFD
:1068600072203D2027766172282D2D6379616E2973
:10687000273B0D0A20200D0A2020636F6E737420C1
:10688000656E747279203D20646F63756D656E74FA
:106890002E637265617465456C656D656E7428273D
:1068A00064697627293B0D0A2020656E7472792E63
:1068B000636C6173734E616D65203D20276C6F675B
:1068C0002D656E747279273B0D0A2020656E7472F7
:1068D000792E696E6E657248544D4C203D20603CA7
:1068E0007370616E20636C6173733D226C6F672DF2
:1068F0007473223E5B247B74737D5D3C2F737061E7
:106900006E3E203C7370616E207374796C653D221D
:10691000636F6C6F723A247B636F6C6F727D223E83
:106920005B247B747970657D5D20247B6D73677D4E
:106930003C2F7370616E3E603B0D0A20206C6F67C8
:10694000426F782E696E736572744265666F726508
:1069500028656E7472792C206C6F67426F782E6692
:10696000697273744368696C64293B0D0A2020695D
:106970006620286C6F67426F782E6368696C64725A
:10698000656E2E6C656E677468203E203235292056
:106990006C6F67426F782E72656D6F7665436869BC
:1069A0006C64286C6F67426F782E6C6173744368F7
:1069B000696C64293B0D0A7D0D0A0D0A66756E63CC
:1069C00074696F6E2070617273654861726477617B
:1069D000726554656C656D657472792829207B0D2C
:1069E0000A2020636F6E73742074626F6479203D97
:1069F00020646F63756D656E742E676574456C6594
:106A00006D656E7442794964282773656E736F7281
:106A10002D726F7727293B0D0A202074626F6479ED
:106A20002E696E6E657248544D4C203D2027273BE1
:106A30000D0A0D0A2020636F6E737420616D626908
:106A4000656E7454656D70203D2072616E64466C95
:106A50006F61742832312E342C2033342E38293B88
:106A60000D0A2020636F6E7374206D6375436F721F
:106A70006554656D70203D2072616E64466C6F6177
:106A8000742834312E322C2035382E35293B0D0A0E
:106A90002020636F6E73742068756D696469747902
:106AA000203D2072616E64466C6F61742834302E14
:106AB000352C2036352E32293B0D0A2020636F6E8F
:106AC00073742061636358203D2072616E64466C6C
:106AD0006F6174282D302E31352C20302E32322922
:106AE0003B0D0A2020636F6E73742061636359202D
:106AF0003D2072616E64466C6F6174282D302E30BB
:106B0000382C20302E3134293B0D0A2020636F6E43
:106B10007374206163635A203D2072616E64466C19
:106B20006F617428302E39322C20312E3035293BBC
:106B30000D0A2020636F6E7374206D61676E65743B
:106B40006963466C7578203D2072616E64282D3132
:106B5000352C203835293B0D0A0D0A20206C657430
:106B600020737461747573436C617373203D2027C7
:106B700062672D677265656E273B0D0A20206C6584
:106B8000742073746174757354657874203D202784
:106B9000E2978F204E4F4D494E414C273B0D0A0D39
:106BA0000A2020696620286D61676E6574696346F6
:106BB0006C7578203E203630207C7C206D637543D8
:106BC0006F726554656D70203E2035352E3029205A
:106BD0007B0D0A20202020737461747573436C61EF
:106BE0007373203D202762672D616D626572273BBC
:106BF0000D0A2020202073746174757354657874B5
:106C0000203D2027E296A0205448524553484F4C3F
:106C100044205741524E494E47273B0D0A20202021
:106C200020696620284D6174682E72616E646F6DF4
:106C30002829203E20302E3629206164644C6F675D
:106C400028275741524E272C206053695747393126
:106C50003720436F72652054656D7020656C6576D2
:106C6000617465643A20247B6D6375436F7265546B
:106C7000656D707DC2B04360293B0D0A20207D0DFB
:106C80000A0D0A2020696620286D61676E657469A7
:106C900063466C7578203E203735202626202169F2
:106CA0006E746572727570744163746976652920BB
:106CB0007B0D0A20202020737461747573436C610E
:106CC0007373203D202762672D726564273B0D0A90
:106CD0002020202073746174757354657874203D8E
:106CE0002027E296B22048414C4C20494E54455250
:106CF00052555054273B0D0A202020206164644CDB
:106D00006F67282743524954272C206050726F78B0
:106D1000696D69747920616C6572743A204869679D
:106D200068206D61676E6574696320666C75782094
:106D300064657465637465642028247B6D61676E87
:106D400065746963466C75787D2075542960293BAC
:106D50000D0A20202020696E74657272757074416E
:106D60006374697665203D20747275653B0D0A2059
:106D7000207D0D0A0D0A2020696620284D61746867
:106D80002E72616E646F6D2829203E20302E3932BC
:106D900029207B0D0A202020206164644C6F672825
:106DA00027454D424544272C206046726565525464
:106DB0004F5320486561703A20247B72616E6428CD
:106DC0003432302C20353132297D204B42206176FF
:106DD00061696C61626C6560293B0D0A20207D0D44
:106DE0000A0D0A2020636F6E7374207472203D2098
:106DF000646F63756D656E742E637265617465454D
:106E00006C656D656E742827747227293B0D0A2006
:106E10002074722E696E6E657248544D4C203D2070
:106E2000600D0A202020203C74643E3C7374726F15
:106E30006E67207374796C653D22636F6C6F723A74
:106E4000766172282D2D6379616E29223E4252446B
:106E500032363035413C2F7374726F6E673E3C643E
:106E60006976207374796C653D22666F6E742D733C
:106E7000697A653A313070783B636F6C6F723A763D
:106E80006172282D2D746578742D64696D29223EF8
:106E90004E6F64652D5461726765743C2F6469762A
:106EA0003E3C2F74643E0D0A202020203C74643E3A
:106EB000536957783931372D4275696C74696E3C66
:106EC0002F74643E0D0A202020203C74643E247BF5
:106ED000616D6269656E7454656D707D203C737080
:106EE000616E207374796C653D22636F6C6F723ACA
:106EF000766172282D2D746578742D64696D292250
:106F00003EC2B0432028416D62293C2F7370616EF0
:106F10003E3C2F74643E0D0A202020203C74643EC9
:106F2000247B68756D69646974797D203C73706138
:106F30006E207374796C653D22636F6C6F723A7664
:106F40006172282D2D746578742D64696D29223E37
:106F50002552483C2F7370616E3E3C2F74643E0D89
:106F60000A202020203C74643E5B247B61636358CC
:106F70007D2C20247B616363597D2C20247B6163FD
:106F8000635A7D5D203C7370616E207374796C650B
:106F90003D22636F6C6F723A766172282D2D746595
:106FA00078742D64696D29223E473C2F7370616EA1
:106FB0003E3C2F74643E0D0A202020203C74643E29
:106FC0003C7370616E207374796C653D22636F6CE5
:106FD0006F723A247B6D61676E65746963466C7588
:106FE00078203E203630203F2027766172282D2DD4
:106FF000616D6265722927203A2027766172282DFB
:107000002D7465787429277D223E247B6D61676E1F
:1070100065746963466C75787D2075543C2F737078
:10702000616E3E3C2F74643E0D0A202020203C748B
:10703000643E3C7370616E20636C6173733D2262C9
:107040006164676520247B737461747573436C613C
:1070500073737D223E247B737461747573546578F9
:10706000747D3C2F7370616E3E3C2F74643E0D0A3C
:107070002020603B0D0A202074626F64792E6170BD
:1070800070656E644368696C64287472293B0D0AEC
:107090000D0A2020646F63756D656E742E676574CC
:1070A000456C656D656E744279496428276D2D6362
:1070B0006F72652D74656D7027292E746578744321
:1070C0006F6E74656E74203D206D6375436F7265DD
:1070D00054656D70202B202720C2B043273B0D0A3A
:1070E0002020646F63756D656E742E676574456CE2
:1070F000656D656E744279496428276D2D68756DDC
:1071000027292E74657874436F6E74656E74203D04
:10711000204D6174682E726F756E642868756D6994
:107120006469747929202B20272025273B0D0A200C
:1071300020646F63756D656E742E676574456C654C
:107140006D656E744279496428276D2D6D616727DE
:10715000292E74657874436F6E74656E74203D20BB
:107160006D61676E65746963466C7578202B2027A6
:10717000207554273B0D0A2020646F63756D656E82
:10718000742E676574456C656D656E7442794964EB
:1071900028276D2D696D7527292E74657874436FC6
:1071A0006E74656E74203D20284D6174682E616296
:1071B00073286163635A202D20312E3029203C2012
:1071C000302E313529203F2027535441424C45274A
:1071D000203A20274D4F54494F4E273B0D0A20207F
:1071E000646F63756D656E742E676574456C656D4F
:1071F000656E744279496428276E6F64652D7273D9
:10720000736927292E74657874436F6E74656E7484
:10721000203D2072616E64282D34382C202D3335AA
:1072200029202B20272064426D273B0D0A7D0D0A63
:107230000D0A66756E6374696F6E20636C656172AA
:10724000496E746572727570742829207B0D0A204E
:1072500020696E74657272757074416374697665C5
:10726000203D2066616C73653B0D0A2020616464DB
:107270004C6F672827454D424544272C202749530A
:10728000523A2048616C6C2073656E736F72206D8A
:1072900061676E65746963206C6174636820696EF0
:1072A0007465727275707420636C65617265642EAA
:1072B00027293B0D0A7D0D0A0D0A6164644C6F6736
:1072C0002827454D424544272C2027426F6F74697B
:1072D0006E672053696C69636F6E204C6162732026
:1072E000576972656C65737320537461636B2076A4
:1072F000323032362E612E2E2E27293B0D0A616444
:10730000644C6F672827454D424544272C20274968
:107310003243205065726970686572616C204469FF
:1073200073636F766572793A2052482F54656D7099
:10733000202620494D552064657465637465642E6C
:1073400027293B0D0A736574496E74657276616C0A
:107350002870617273654861726477617265546503
:107360006C656D657472792C2032303030293B0D9C
:107370000A70617273654861726477617265546501
:107380006C656D6574727928293B0D0A3C2F736317
:10739000726970743E0D0A3C2F626F64793E0D0A6B
:1073A0003C2F68746D6C3E0031000000000000004E
:1073B0000001000006000000010000001000008035
:1073C00000000080000050200000000000000000CD
:1073D00000000000000000000000000000000000AD
:1073E000000000003100000000000000000100006B
:1073F0000000000081000000040D088000000080F3
:10740000000050280000000000A100000000000063
:10741000000000000000000000000000000000006C
:1074200095010000CB58210800000000000000007A
:10743000A55E21080F0000000F0000009E5E2108DD
:10744000945E210838872108000000000000000039
:1074500000000000000000000010000037000000E5
:1074600000000000000000000201030349444C45F5
:1074700000546D725100546D722053766300256480
:107480002E25642E25642E2564002532583A253297
:10749000583A2532583A2532583A2532583A253248
:1074A0005800000000000000000000003408010047
:1074B00050000000B5562008D5562008695820080D
:1074C0004D58200835582008ED572008A5572008AA
:1074D00051572008455720083957200805572008DC
:1074E000F9562008ED562008E1562008004A03000E
:1074F0000041030000490300004B0300000A060599
:10750000000B06060006060100070602002F020B0C
:107510000030020C0009020400060201001D0200F6
:10752000001E02000008020302020A02433A2F551D
:10753000736572732F696F745F652F53696D706C1B
:10754000696369747953747564696F2F53444B731D
:107550002F73696D706C69636974795F73646B2FE5
:10756000657874656E73696F6E2F77697365636F85
:107570006E6E6563742F636F6D706F6E656E74737E
:107580002F6465766963652F73696C6162732F730D
:10759000693931782F776972656C6573732F61680B
:1075A000625F696E746572666163652F7372632FC3
:1075B0007273695F68616C5F6D63755F6D345F7274
:1075C0006F6D2E630025733A25733A25643A0D0AD0
:1075D00020494E56414C494420494E54455252553B
:1075E0005054200D0A0D0A00736C695F6D345F6999
:1075F0006E746572727570745F697372000000005A
:107600005A600100010000000100000001000000BC
:1076100059600100010000000100000058600100F5
:107620000100000001000000010000000100000056
:1076300001000000576001005660010001000000D9
:10764000556001005460010001000000526001001B
:1076500001000000516001001A0000000F0000004E
:1076600019000000020000002100000007000000D7
:1076700000000000433A2F55736572732F696F74D1
:107680005F652F53696D706C6963697479537475A4
:1076900064696F2F53444B732F73696D706C69630A
:1076A0006974795F73646B2F657874656E73696F45
:1076B0006E2F77697365636F6E6E6563742F636F8A
:1076C0006D706F6E656E74732F6465766963652F78
:1076D00073696C6162732F73693931782F776972BE
:1076E000656C6573732F6168625F696E746572663D
:1076F0006163652F7372632F736C5F7369393178BF
:107700005F6275732E630025733A25733A25643AD8
:107710000D0A20484541502045584841555354458D
:107720004420445552494E4720414C4C4F4341540C
:10773000494F4E200D0A0D0A0025733A25733A254C
:10774000643A0D0A544120697320696E20616374A4
:107750006976652073746174650D0A0D0A00736C97
:10776000695F73693931785F636F6E6669675F6DF2
:10777000345F646D615F646573635F6F6E5F7265D4
:1077800073657400736C695F73693931785F737501
:10779000626D69745F72785F706B7400433A2F5545
:1077A000736572732F696F745F652F53696D706CA9
:1077B000696369747953747564696F2F53444B73AB
:1077C0002F73696D706C69636974795F73646B2F73
:1077D000657874656E73696F6E2F77697365636F13
:1077E0006E6E6563742F636F6D706F6E656E74730C
:1077F0002F6465766963652F73696C6162732F739B
:10780000693931782F776972656C6573732F61738D
:10781000796E6368726F6E6F75735F736F636B659C
:10782000742F7372632F736C5F73693931785F7370
:107830006F636B65742E630025733A25733A256474
:107840003A0A204D61782072657472616E736D69B9
:107850007373696F6E2074696D656F7574207661DE
:107860006C756520696E206265747765656E203180
:10787000202D20333220616E642073686F756C6434
:1078800020626520706F776572206F662074776F55
:107890002E2065783A312C322C342C382C31362C71
:1078A0003332200A0D0A00736C5F73693931785FD7
:1078B000736574736F636B6F707400433A2F557305
:1078C0006572732F696F745F652F53696D706C6992
:1078D0006369747953747564696F2F53444B732FC4
:1078E00073696D706C69636974795F73646B2F651C
:1078F0007874656E73696F6E2F77697365636F6EE9
:107900006E6563742F636F6D706F6E656E74732F29
:107910006465766963652F73696C6162732F73693F
:107920003931782F776972656C6573732F6D656D6A
:107930006F72792F6D656D5F706F6F6C5F627566CA
:107940006665725F71756F74612E630025733A25E9
:10795000733A25643A51756F746120666F722062C4
:1079600075666665722074797065732073686F75CB
:107970006C642062652061746C65617374203130C1
:107980000D0A0025733A25733A25643A0D0A2049F9
:107990006E76616C6964206F7065726174696F6E78
:1079A0002C20736F6D652062756666657273206149
:1079B0007265206E6F742066726565640D0A0073CF
:1079C0006C695F73693931785F686F73745F646580
:1079D000696E69745F6275666665725F6D616E611E
:1079E00067657200736C5F73693931785F636865CE
:1079F000636B5F666F725F76616C69645F636F6E05
:107A000066696700433A2F55736572732F696F7407
:107A10005F652F53696D706C696369747953747510
:107A200064696F2F53444B732F73696D706C696376
:107A30006974795F73646B2F657874656E73696FB1
:107A40006E2F77697365636F6E6E6563742F636FF6
:107A50006D706F6E656E74732F6465766963652FE4
:107A600073696C6162732F73693931782F7769722A
:107A7000656C6573732F736C5F6E65742F737263BF
:107A80002F736C5F6E65745F73693931785F636102
:107A90006C6C6261636B5F6672616D65776F726B50
:107AA0002E630025733A25733A25643A0D0A556E04
:107AB000737570706F72746564206576656E740D91
:107AC0000A0D0A00736C5F73693931785F6465660B
:107AD00061756C745F68616E646C657200433A2F07
:107AE00055736572732F696F745F652F53696D707D
:107AF0006C696369747953747564696F2F53444B6F
:107B0000732F73696D706C69636974795F73646BEB
:107B10002F657874656E73696F6E2F77697365630F
:107B20006F6E6E6563742F636F6D706F6E656E74CC
:107B3000732F6465766963652F73696C6162732F57
:107B400073693931782F776972656C6573732F7338
:107B50006C5F6E65742F7372632F736C5F6E6574E8
:107B60005F73693931785F696E74656772617469D2
:107B70006F6E5F68616E646C65722E630025733A88
:107B800025733A25643A3E3C3C3C3C20476F7420C8
:107B90006E6574206576656E74203A2025750A0D31
:107BA0000A00736C5F6E65745F73693931785F6565
:107BB00076656E745F64697370617463685F686131
:107BC0006E646C657200433A2F55736572732F694A
:107BD0006F745F652F53696D706C69636974795355
:107BE000747564696F2F53444B732F73696D706C98
:107BF00069636974795F73646B2F657874656E73FC
:107C0000696F6E2F77697365636F6E6E6563742F2E
:107C1000636F6D706F6E656E74732F6465766963E4
:107C2000652F73696C6162732F73693931782F77AF
:107C30006972656C6573732F736F636B65742F73F3
:107C400072632F736C5F73693931785F736F636B25
:107C500065745F7574696C6974792E630025733A75
:107C600025733A25643A0D0A20494E56414C494441
:107C70002053454C4543542049440D0A0D0A0073D6
:107C80006C695F73693931785F736F636B65745FBB
:107C90006576656E745F68616E646C657200433A08
:107CA0002F55736572732F696F745F652F53696DFC
:107CB000706C696369747953747564696F2F534488
:107CC0004B732F73696D706C69636974795F73644A
:107CD0006B2F657874656E73696F6E2F7769736546
:107CE000636F6E6E6563742F636F6D706F6E656E1C
:107CF00074732F6465766963652F73696C61627351
:107D00002F73693931782F776972656C6573732FBA
:107D10007372632F736C5F7273695F7574696C69DA
:107D200074792E630025733A25733A25643A5253C9
:107D30004E204F554920253032783A253032783A56
:107D4000253032782E0A0D0A0025733A25733A251C
:107D5000643A506169727769736520636970686518
:107D60007220737569746520636F756E743A20258F
:107D7000752E0A0D0A0073693931785F6173796E67
:107D8000635F72785F6576656E74007175657565A1
:107D90002D3E7461696C203D3D204E554C4C007366
:107DA0006C695F73693931785F72656D6F76655F95
:107DB0006275666665725F66726F6D5F7175657517
:107DC000655F62795F636F6D70617261746F72007D
:107DD000736C695F73693931785F666C7573685F5E
:107DE000736F636B65745F636F6D6D616E645F71FC
:107DF00075657565735F62617365645F6F6E5F71F2
:107E0000756575655F7479706500736C695F707214
:107E10006F636573735F736F636B65745F636C6FC0
:107E2000736500736C695F70726F636573735F7203
:107E3000736E5F656C656D656E7400000FAC00500D
:107E4000F271756575652D3E68656164203D3D2064
:107E50004E554C4C00433A2F55736572732F696F22
:107E6000745F652F53696D706C69636974795374BD
:107E70007564696F2F53444B732F73696D706C6910
:107E8000636974795F73646B2F657874656E736969
:107E90006F6E2F77697365636F6E6E6563742F63A2
:107EA0006F6D706F6E656E74732F64657669636550
:107EB0002F73696C6162732F73693931782F776919
:107EC00072656C6573732F7372632F736C5F736964
:107ED0003931785F6472697665722E63005553207C
:107EE00000455520004A5020004B522000534720A7
:107EF00000434E2000736C695F73693931785F709D
:107F00006F705F66726F6D5F6275666665725F71D6
:107F10007565756500736C695F73693931785F6188
:107F20007070656E645F746F5F6275666665725FC0
:107F30007175657565000404040204000A0A0A00EC
:107F400050060000000000000000000000000000DB
:107F500000000000FFFF0000FFFFFFFFFFFFFFFF2B
:107F6000FFFFFFFFFFFFFFFFFFFFFFFFFFFFFFFF21
:107F7000FFFFFFFFFFFFFFFF0000000001002A09D5
:107F800000010000010000003100000054544C5377
:107F900000464153540050454150004C454150006B
:107FA00022617574683D4D5343484150563222005A
:107FB000746C7300746C735F315F3200746C735F48
:107FC000315F3100746C735F315F3000746C735FCC
:107FD000315F3300433A2F55736572732F696F74A5
:107FE0005F652F53696D706C69636974795374753B
:107FF00064696F2F53444B732F73696D706C6963A1
:108000006974795F73646B2F657874656E73696FDB
:108010006E2F77697365636F6E6E6563742F636F20
:108020006D706F6E656E74732F73657276696365BC
:108030002F6273645F736F636B65742F736939317B
:10804000785F736F636B65742F736C5F736939311D
:10805000785F6273645F736F636B65742E63007324
:108060006C695F68616E646C655F736F5F6D61788A
:108070005F72657472616E736D697373696F6E5F41
:1080800074696D656F75745F76616C75650000006D
:1080900031000000000000000001000006000000A8
:1080A000010000001000008000000080000050204F
:1080B00000000000000000000000000000000000C0
:1080C000000000000000000000000000310000007F
:1080D000000000000001000000000000810000001E
:1080E000040D0880000000800000502800000000FF
:1080F00000A10000000000000000000000000000DF
:108100000000000000000000594F55525F41505FD1
:10811000535349440000000000000000000000002C
:1081200000000000000000004D595F41505F5353B4
:1081300049440000000000000000000000000000B2
:108140000000000000000000433A2F557365727371
:108150002F696F745F652F53696D706C6963697403
:108160007953747564696F2F53444B732F73696D22
:10817000706C69636974795F73646B2F657874657B
:108180006E73696F6E2F77697365636F6E6E65636B
:10819000742F636F6D706F6E656E74732F7365727D
:1081A000766963652F6E6574776F726B5F6D616E54
:1081B000616765722F7372632F736C695F6E65748C
:1081C0005F636F6D6D6F6E5F7574696C6974792E26
:1081D000630025733A25733A25643A4661696C65F4
:1081E0006420746F207465726D696E617465206EB1
:1081F0006574776F726B206D616E61676572207454
:1082000068726561640A0D0A0025733A25733A2580
:10821000643A4661696C656420746F2064656C65BE
:108220007465206E6574776F726B206D616E616727
:108230006572206D6573736167652071756575651D
:108240000A0D0A0025733A25733A25643A46616996
:108250006C656420746F2064656C6574652061755D
:10826000746F2D6A6F696E206576656E7420666C1A
:1082700061670A0D0A0025733A25733A25643A0DA1
:108280000A4661696C656420746F206765742070AC
:108290006572666F726D616E63652070726F66697C
:1082A0006C653A203078256C780D0A0D0A0025732C
:1082B0003A25733A25643A0D0A53756363657373FF
:1082C00020746F207365742075702057692D46697E
:1082D00020666F722050726F66696C652049442079
:1082E00025640D0A0D0A0025733A25733A25643A70
:1082F0000D0A4661696C656420746F207365742093
:1083000075702057692D466920666F722050726F14
:1083100066696C652049442025643A203078256CD4
:10832000780D0A0D0A0025733A25733A25643A0D33
:108330000A5265747279696E6720746F2073657470
:108340002075702057692D46692E2E2E0D0A0D0AB4
:108350000025733A25733A25643A0D0A20436F6E5F
:108360006E6563746564206173796E6368726F6EA5
:108370006F75736C790D0A0D0A0025733A25733AEF
:1083800025643A4661696C656420746F2063726588
:10839000617465206175746F2D6A6F696E206576F2
:1083A000656E7420666C61672E0A0D0A0025733AAB
:1083B00025733A25643A4661696C656420746F20C0
:1083C000637265617465206E6574776F726B206D82
:1083D000616E61676572206D657373616765207199
:1083E000756575652E0A0D0A0025733A25733A25C1
:1083F000643A4661696C656420746F2063726561DC
:108400007465206E6574776F726B206D616E616745
:108410006572207468726561642E0A0D0A00257306
:108420003A25733A25643A4661696C656420746F35
:1084300020636F6E6E65637420746F2057692D46DC
:1084400069206E6574776F726B2E0A0D0A002573B2
:108450003A25733A25643A4175746F2D6A6F696ED7
:108460002070726F6365737320636F6D706C6574D9
:1084700065642E0A0D0A0025733A25733A25643A7D
:108480004175746F2D6A6F696E2070726F636573CA
:1084900073206661696C65642E0A0D0A00736C694D
:1084A0005F617474656D70745F636F6E6E65637425
:1084B000696F6E5F746F5F70726F66696C65730071
:1084C000736C695F636F6E6E6563745F746F5F7307
:1084D0006F727465645F776966695F70726F6669F1
:1084E0006C657300736C695F6765745F697465724E
:1084F0006174655F70726F66696C65735F636F75D9
:108500006E7400736C695F6E6574776F726B5F6D0C
:10851000616E616765725F6576656E745F68616ED6
:10852000646C657200736C695F68616E646C655F32
:108530006175746F5F6A6F696E00736C695F636CFD
:1085400065616E75705F6175746F5F6A6F696E00EB
:108550006E6574776F726B5F6D616E616765725F78
:108560007175657565006E6574776F726B5F6D61AF
:108570006E616765720000005095210800000000E0
:1085800000000000000000000000000000000000EB
:1085900066952108000000000000000000000000B7
:1085A00000000000000900001800000000000000AA
:1085B00000000000433A2F55736572732F696F7482
:1085C0005F652F53696D706C696369747953747555
:1085D00064696F2F53444B732F73696D706C6963BB
:1085E0006974795F73646B2F657874656E73696FF6
:1085F0006E2F77697365636F6E6E6563742F636F3B
:108600006D706F6E656E74732F73657276696365D6
:108610002F736C5F687474705F7365727665722F08
:108620007372632F736C5F687474705F73657276B6
:1086300065722E630025733A25733A25643A0D0A54
:10864000416363657074656420736F636B65742048
:108650004944203A20256C640D0A0D0A0025733A1E
:1086600025733A25643A0D0A536F636B6574206372
:1086700072656174696F6E206661696C65642077EC
:1086800069746820627364206572726F723A202583
:10869000640D0A0D0A0025733A25733A25643A0DD4
:1086A0000A53657276657220536F636B6574204957
:1086B00044203A2025640D0A0D0A0025733A2573DB
:1086C0003A25643A0D0A53657420536F636B6574E1
:1086D000206F7074696F6E206661696C65642077C5
:1086E00069746820627364206572726F723A202523
:1086F000640D0A0D0A0025733A25733A25643A0D74
:108700000A536F636B65742062696E6420666169E9
:108710006C65642077697468206273642065727286
:108720006F723A2025640D0A0D0A0025733A2573ED
:108730003A25643A0D0A536F636B6574206C697354
:1087400074656E206661696C656420776974682061
:10875000627364206572726F723A2025640D0A0D8F
:108760000A0025733A25733A25643A0D0A4C697359
:1087700074656E696E67206F6E204C6F63616C204C
:10878000506F7274203A2025640D0A0D0A0025737B
:108790003A25733A25643A0D0A536F636B6574206A
:1087A000616363657074206661696C6564207769D4
:1087B000746820627364206572726F723A20256457
:1087C0000D0A0D0A0025733A25733A25643A0D0AFD
:1087D000496E2068747470207365727665722074B7
:1087E00068726561643A20476F742053746F70201B
:1087F000436F6D6D616E640D0A0D0A0025733A2595
:10880000733A25643A0D0A436C69656E7420536FA0
:10881000636B65743A25642D2D2D2D2D2D2D2D2D59
:108820002D2D2D2D2D2D2D2D2D2D2D2D2D2D2D2D78
:108830002D2D2D0D0A0025733A25733A25643A0D26
:108840000A20736574736F636B6F7074206661695F
:108850006C0D0A0D0A0025733A25733A25643A0D0A
:108860000A20736574736F636B6F707420646F6E2E
:10887000650D0A0D0A0025733A25733A25643A0DF1
:108880000A536F636B657420726563656976652052
:108890006661696C6564207769746820627364201E
:1088A0006572726F723A2025640D0A0D0A002573F5
:1088B0003A25733A25643A476F74206368756E6B86
:1088C0003A200A25730A0D0A0025733A25733A25C2
:1088D000643A476F742072657175657374206D65B5
:1088E00074686F64203A2025730A0D0A00474554C6
:1088F00000504F5354005055540044454C45544586
:10890000004845414400485454502F312E31004313
:108910006F6E74656E742D4C656E67746800257398
:108920003A25733A25643A476F7420657870656319
:108930007465642064617461206C656E677468207E
:108940003A20256C750A0D0A0025733A25733A25DD
:10895000643A476F7420686561646572206C656E67
:10896000677468203A2025750A0D0A0025733A2598
:10897000733A25643A476F742072656D61696E6958
:108980006E672064617461206C656E677468203A5C
:1089900020256C750A0D0A0025733A25733A256463
:1089A0003A0D0A20536572766572205468726561CB
:1089B00064205465726D696E61746564200D0A0DE2
:1089C0000A0025733A25733A25643A0D0A496E2048
:1089D00068747470207365727665722073746F703A
:1089E0003A20446F6E650D0A0D0A00485454502F0A
:1089F000312E312000485454502F312E3020002584
:108A0000733A25733A25643A0D0A4D656D6F727994
:108A100020616C6C6F636174696F6E206661696C54
:108A2000656420666F7220726573706F6E73652067
:108A30006275666665720D0A0D0A00256C75002563
:108A40007325730D0A00436F6E74656E742D54792F
:108A500070653A2025730D0A00436F6E74656E745D
:108A60002D4C656E6774683A2025730D0A002573D6
:108A70003A2025730D0A00436F6E6E656374696F4B
:108A80006E3A20636C6F73650D0A0D0A0025733A08
:108A900025733A25643A4661696C656420746F20D9
:108AA00073656E64206275666665720D0A002573D3
:108AB0003A25733A25643A0D0A526573706F6E73E6
:108AC00065206275666665722073656E64206661F6
:108AD000696C65642E0D0A0D0A004E6F7420466F96
:108AE000756E642100736C5F687474705F73657277
:108AF0007665725F77726974655F64617461007333
:108B00006C695F73656E645F726573706F6E7365B9
:108B10005F62756666657200736C5F687474705F1F
:108B20007365727665725F73656E645F726573708C
:108B30006F6E736500736C5F687474705F736572D9
:108B40007665725F726561645F7265717565737475
:108B50005F6461746100736C5F687474705F7365E7
:108B6000727665725F73746F7000736C695F7061A9
:108B70007273655F687474705F6865616465727351
:108B800000736C695F70726F636573735F72657198
:108B90007565737400636C69656E745F61636365AA
:108BA00070745F63616C6C6261636B00736C695FAE
:108BB000687474705F73657276657200687474703F
:108BC0005F73657276657200BC9B2108000000002F
:108BD000000000000000000000000000000800008D
:108BE000180000000000000000000000433A2F556C
:108BF000736572732F696F745F652F53696D706C45
:108C0000696369747953747564696F2F53444B7346
:108C10002F73696D706C69636974795F73646B2F0E
:108C2000657874656E73696F6E2F77697365636FAE
:108C30006E6E6563742F636F6D706F6E656E7473A7
:108C40002F736C695F73693931785F776966695F23
:108C50006576656E745F68616E646C65722F7372A1
:108C6000632F736C695F73693931785F77696669FF
:108C70005F6576656E745F68616E646C65722E63A5
:108C80000025733A25733A25643A0D0A204255535C
:108C90005F57524954455F4552524F52200D0A0DBD
:108CA0000A0025733A25733A25643A3C3E3E3E3E1F
:108CB000205478202D3E2071756575654964203AF1
:108CC0002025752C206672616D654964203A20303C
:108CD0007825782C206C656E677468203A2025759D
:108CE0000A0D0A0025733A25733A25643A3E3C3C46
:108CF0003C3C205278202D3E207175657565496495
:108D0000203A2025752C206672616D654964203AF1
:108D100020307825782C206672616D6553746174FB
:108D200075733A20307825782C206C656E677468EE
:108D3000203A2025750A0D0A0025733A25733A2535
:108D4000643A52617720446174610A0D0A00736CC1
:108D5000695F6372656174655F67656E657269639B
:108D60005F72785F7061636B65745F66726F6D5F71
:108D7000706172616D73006275735F77726974659B
:108D80005F646174615F6672616D65006275735FD7
:108D900077726974655F6672616D6500736C695F97
:108DA00073693931785F776966695F68616E646C91
:108DB000655F72785F6576656E747300736C695F6A
:108DC000776966695F636F6D6D616E645F656E671D
:108DD000696E65002C2066756E6374696F6E3A204B
:108DE00000617373657274696F6E2022257322208F
:108DF0006661696C65643A2066696C65202225733A
:108E0000222C206C696E65202564257325730A0069
:108E1000002020202020202020202828282828204A
:108E20002020202020202020202020202020202042
:108E300020881010101010101010101010101010AA
:108E4000100404040404040404040410101010109A
:108E50001010414141414141010101010101010164
:108E600001010101010101010101010110101010B6
:108E70001010424242424242020202020202020236
:108E8000020202020202020202020202101010108A
:108E900020000000000000000000000000000000B2
:108EA00000000000000000000000000000000000C2
:108EB00000000000000000000000000000000000B2
:108EC00000000000000000000000000000000000A2
:108ED0000000000000000000000000000000000092
:108EE0000000000000000000000000000000000082
:108EF0000000000000000000000000000000000072
:108F00000000000000000000000000000000000061
:108F100000494E4600696E66004E414E006E616E1D
:108F200000303132333435363738394142434445E5
:108F30004600303132333435363738396162636454
:108F4000656600496E66696E697479004E614E000F
:108F50005245454E54206D616C6C6F632073756390
:108F6000636565646564002F646174612F6A656E72
:108F70006B696E732F776F726B73706163652F47C8
:108F80004E552D746F6F6C636861696E2F61726DE1
:108F90002D31322F7372632F6E65776C69622D638A
:108FA000796777696E2F6E65776C69622F6C69627D
:108FB000632F7374646C69622F64746F612E630035
:108FC00042616C6C6F63207375636365656465648F
:108FD000002F646174612F6A656E6B696E732F7701
:108FE0006F726B73706163652F474E552D746F6F91
:108FF0006C636861696E2F61726D2D31322F7372EF
:10900000632F6E65776C69622D63796777696E2F60
:109010006E65776C69622F6C6962632F7374646C20
:1090200069622F6D707265632E6300000500000099
:10903000190000007D0000000080E03779C3414343
:10904000176E05B5B5B89346F5F93FE9034F384DAE
:10905000321D30F94877825A3CBF737FDD4F15755A
:10906000000000000000F03F00000000000024406D
:1090700000000000000059400000000000408F4048
:10908000000000000088C34000000000006AF840B3
:109090000000000080842E4100000000D0126341D7
:1090A0000000000084D797410000000065CDCD414D
:1090B000000000205FA00242000000E8764837422E
:1090C000000000A2941A6D42000040E59C30A242CC
:1090D0000000901EC4BCD64200003426F56B0C4341
:1090E0000080E03779C3414300A0D88557347643E8
:1090F00000C84E676DC1AB43003D9160E458E14349
:10910000408CB5781DAF154450EFE2D6E41A4B44BD
:1091100092D54D06CFF08044F64AE1C7022DB54402
:10912000B49DD9794378EA44232D302B2000686C14
:109130004C00656667454647004300504F53495809
:10914000002E00FF7F490278D1F80035F0B502F01B
:1091500001024478877CC57CDFF8E8E123F48023B2
:1091600043EA8243C1F80035427F017804F00103ED
:109170009B0012F00F0643EA91134FEAC3431FBF4F
:10918000C7F3021C43EA8C2305F0030C4FEA4C0C96
:109190001CBF4CEAD71C43EACC13DEF89CC42CF469
:1091A000601C08BF43F410632CF4FC5C43EA0C0C15
:1091B000CEF89CC4DFF8A0C1ACF80030C3F3C21CE9
:1091C000C3F38223042B98BF0133BCF1000F00F0DE
:1091D000B080BCF1010F00F0AF80ACF1020EBEF127
:1091E000020F01D80CF1010C9B0243EACC13DFF80B
:1091F0006CC1ACF80030534BD3F8ACC4C1F344019C
:109200002CF01F0C41EA0C01C3F8AC14D3F8101475
:1092100021F4FE1C817801F00301490141EAD401E7
:109220004CEA8131C3F81014D3F80414847821F483
:10923000FC11A40841EAC431C3F80414D3F808149B
:10924000447C07F00F077F0047EAD41721F4F81198
:1092500041EA0741C3F80814D3F80C1484793A4F53
:10926000640821F4FE1141EA8431C3F80C14D3F8E8
:109270003814C47921F4F03104F00F0441EA443188
:10928000C3F83814D3F81414047A21F4FE1104F04E
:109290007F0441EA8431C3F81414C37A847AD7F87E
:1092A00008155B0043EAD413047B21F47F7104F0BA
:1092B000010421F0030143EA44230B432349C7F887
:1092C0000835234CD1F834740123C1F83434D4F870
:1092D000103A23F00F0343EA1513C4F8103AC1F80B
:1092E000347466B302F00F0252041A4990F8244015
:1092F000D1F8403723F4F0131A43C1F84027D1F8CE
:109300007C27837F22F00F02C3F383031343C1F84A
:109310007C3790F82530D1F8482703F007035B002D
:1093200022F4F03243EAD41342EA4333C1F8483717
:10933000F0BD4FF0020C57E74FF0000C54E74FF42C
:10934000C012D2E700A005240080042400100424E9
:109350000030042400800524D2070100D00701005A
:109360003C21444F43545950452068746D6C3E3C39
:1093700068746D6C206C616E673D22656E223E3CA8
:10938000686561643E3C6D657461206368617273F9
:1093900065743D225554462D38223E3C6D657461FE
:1093A000206E616D653D2276696577706F727422FB
:1093B00020636F6E74656E743D2277696474683DD6
:1093C0006465766963652D77696474682C20696EBD
:1093D000697469616C2D7363616C653D312E302257
:1093E0003E3C7469746C653E4C6F67696E205061D9
:1093F00067653C2F7469746C653E3C7374796C6569
:109400003E626F6479207B666F6E742D66616D6954
:109410006C793A20417269616C2C2073616E732DF6
:1094200073657269663B6D617267696E3A20303BA5
:1094300070616464696E673A20303B646973706C74
:1094400061793A20666C65783B6A757374696679F0
:109450002D636F6E74656E743A2063656E74657209
:109460003B616C69676E2D6974656D733A20636545
:109470006E7465723B6865696768743A2031303094
:1094800076683B6261636B67726F756E642D636FA4
:109490006C6F723A20236630663066303B7D236302
:1094A0006F6E6E6563742D666F726D207B74657868
:1094B000742D616C69676E3A2063656E7465723BEA
:1094C00070616464696E673A20323070783B626F15
:1094D000726465723A2031707820736F6C69642011
:1094E000236363633B626F726465722D72616469AA
:1094F00075733A203870783B6261636B67726F7581
:109500006E642D636F6C6F723A20236666663B7DD6
:10951000696E7075745B747970653D2274657874DA
:10952000225D2C696E7075745B747970653D227074
:10953000617373776F7264225D207B7769647468EE
:109540003A20313030253B70616464696E673A209F
:10955000313070783B6D617267696E3A20313070DE
:109560007820303B626F726465722D726164697538
:10957000733A203570783B626F726465723A2031BD
:10958000707820736F6C696420236363633B626F40
:10959000782D73697A696E673A20626F72646572BA
:1095A0002D626F783B7D696E7075745B7479706540
:1095B0003D227375626D6974225D207B77696474E6
:1095C000683A20313030253B70616464696E673AD7
:1095D00020313070783B6D617267696E3A203130AE
:1095E000707820303B626F726465723A206E6F6EE5
:1095F000653B626F726465722D7261646975733A5E
:10960000203570783B6261636B67726F756E642D95
:10961000636F6C6F723A20233030376266663B634B
:109620006F6C6F723A20236666663B637572736F68
:10963000723A20706F696E7465723B7D696E7075E9
:10964000745B747970653D227375626D6974225D17
:109650003A686F766572207B6261636B67726F75C3
:109660006E642D636F6C6F723A2023303035366232
:10967000333B7D2368656164696E67207B6D617231
:1096800067696E2D626F74746F6D3A203230707836
:109690003B77696474683A20313030253B7D7365CF
:1096A0006C6563745B6E616D653D22736563757295
:1096B0006974792D74797065225D207B7769647493
:1096C000683A20313030253B70616464696E673AD6
:1096D00020313070783B6D617267696E3A203130AD
:1096E000707820303B626F726465722D72616469BC
:1096F00075733A203570783B626F726465723A20F8
:1097000031707820736F6C696420236363633B62FC
:109710006F782D73697A696E673A20626F7264653B
:10972000722D626F783B7D2E666F726D2D726F7732
:10973000207B646973706C61793A20666C65783B54
:109740006A7573746966792D636F6E74656E743AA9
:109750002073706163652D6265747765656E3B612A
:109760006C69676E2D6974656D733A2063656E74FC
:1097700065723B6D617267696E3A20313070782096
:10978000303B7D2E666F726D2D726F77206C61623B
:10979000656C207B77696474683A2031303070786A
:1097A0003B746578742D616C69676E3A20726967E5
:1097B00068743B6D617267696E2D72696768743A8F
:1097C00020313070783B77686974652D7370616300
:1097D000653A206E6F777261703B7D2E666F726D99
:1097E0002D726F7720696E7075742C2E666F726D96
:1097F0002D726F772073656C656374207B666C6572
:10980000783A20323B7D3C2F7374796C653E3C2F57
:10981000686561643E3C626F64793E3C64697620B1
:1098200069643D22636F6E6E6563742D666F726D41
:10983000223E3C68332069643D2268656164696E3C
:1098400067223E53696C69636F6E204C6162733CA2
:109850002F68333E3C666F726D2069643D22636FF2
:109860006E6E6563742D666F726D2220616374691C
:109870006F6E3D222F636F6E6E65637422206D657F
:1098800074686F643D22706F7374223E3C64697625
:1098900020636C6173733D22666F726D2D726F77FA
:1098A000223E3C6C6162656C20666F723D22737370
:1098B0006964223E535349443A3C2F6C6162656CA3
:1098C0003E3C696E70757420747970653D227465D4
:1098D0007874222069643D227373696422206E616A
:1098E0006D653D22737369642220706C61636568E5
:1098F0006F6C6465723D2253534944222072657136
:1099000075697265643E3C2F6469763E3C64697695
:1099100020636C6173733D22666F726D2D726F7779
:10992000223E3C6C6162656C20666F723D22706104
:109930007373776F7264223E50617373776F7264D2
:109940003A3C2F6C6162656C3E3C696E70757420A8
:10995000747970653D2274657874222069643D22B3
:1099600070617373776F726422206E616D653D2242
:1099700070617373776F72642220706C61636568C5
:109980006F6C6465723D2250617373776F726422ED
:109990002072657175697265643E3C2F6469763E1C
:1099A0003C64697620636C6173733D22666F726DEF
:1099B0002D726F77223E3C6C6162656C20666F721F
:1099C0003D2273656375726974792D7479706522AF
:1099D0003E536563757269747920547970653A3CB9
:1099E0002F6C6162656C3E3C73656C6563742069C5
:1099F000643D2273656375726974792D747970653D
:109A000022206E616D653D2273656375726974799C
:109A10002D74797065223E3C6F7074696F6E20768C
:109A2000616C75653D22575041223E5750413C2F95
:109A30006F7074696F6E3E3C6F7074696F6E2076E4
:109A4000616C75653D2257504132223E575041327C
:109A50003C2F6F7074696F6E3E3C6F7074696F6EEF
:109A60002076616C75653D2257504133223E575038
:109A700041333C2F6F7074696F6E3E3C6F70746938
:109A80006F6E2076616C75653D224D697865642046
:109A90004D6F6465223E4D69786564204D6F646545
:109AA0003C2F6F7074696F6E3E3C2F73656C6563FD
:109AB000743E3C2F6469763E3C696E707574207408
:109AC0007970653D227375626D6974222076616CD0
:109AD00075653D22436F6E6E656374223E3C2F6652
:109AE0006F726D3E3C2F6469763E3C7363726970A1
:109AF000743E646F63756D656E742E676574456C36
:109B0000656D656E74427949642827636F6E6E6572
:109B100063742D666F726D27292E616464457665C6
:109B20006E744C697374656E657228277375626D07
:109B30006974272C2066756E6374696F6E202865C2
:109B400076656E7429207B6576656E742E707265FD
:109B500076656E7444656661756C7428293B766120
:109B60007220786872203D206E657720584D4C48F1
:109B70007474705265717565737428293B786872C6
:109B80002E6F70656E2827504F5354272C20272F97
:109B9000636F6E6E656374272C2074727565293B44
:109BA0007868722E73657452657175657374486553
:109BB000616465722827436F6E74656E742D5479E5
:109BC0007065272C20276170706C69636174696F00
:109BD0006E2F6A736F6E27293B766172206964204D
:109BE0003D20646F63756D656E742E676574456C9A
:109BF000656D656E747342794E616D652827737368
:109C0000696427295B305D2E76616C75653B7661F2
:109C1000722070617373776F7264203D20646F638C
:109C2000756D656E742E676574456C656D656E74D3
:109C30007342794E616D65282770617373776F7217
:109C40006427295B305D2E76616C75653B766172A9
:109C500020736563757269747954797065203D204D
:109C6000646F63756D656E742E676574456C656DA4
:109C7000656E7442794964282773656375726974E7
:109C8000792D7479706527292E76616C75653B6333
:109C90006F6E736F6C652E6C6F6728275353494442
:109CA0003A2027202B206964293B636F6E736F6C09
:109CB000652E6C6F67282750617373776F72643AF3
:109CC0002027202B2070617373776F7264293B63A8
:109CD0006F6E736F6C652E6C6F67282753656375A5
:109CE0007269747920547970653A2027202B20738B
:109CF0006563757269747954797065293B76617210
:109D00002064617461203D207B69643A2069642C81
:109D100070617373776F72643A2070617373776FD9
:109D200072642C7365637572697479547970653ADD
:109D3000207365637572697479547970657D3B78B9
:109D400068722E73656E64284A534F4E2E73747278
:109D5000696E67696679286461746129293B7D2988
:109D60003B3C2F7363726970743E3C2F626F647961
:109D70003E3C2F68746D6C3E000000003700000010
:109D8000AAAAAAAA008007240A000000001C062430
:109D9000000003442100000000FC0200891F0000B5
:109DA000001804240C000000000000000000000067
:109DB000800C010000000000F8842108F4842108D0
:109DC000F0842108EC84210800000000000000005D
:109DD0000000000000000000000000000000000083
:109DE000891F00000000024527000000000000005D
:109DF00000000000B00C01000000000008852108F0
:109E00000485210800852108FC8421080000000049
:109E10000000000000000000010000000000000041
:109E2000000000009FFF1F0000000044260000000B
:109E30000000000000000000E00C01002485210863
:109E4000208521081C8521081885210814852108F2
:109E5000108521080C852108000000000100000089
:109E600000000000000000000001040001000000EC
:109E700000010001000203000100000000010100D8
:109E800000000000000000000000000000000000D2
:109E900000000000000000000000000000000000C2
:109EA0002823000000000000000000000000000067
:109EB00000000000000000000000000000000000A2
:109EC0000000000000000000000000000000000092
:109ED0000000000000000000000000000000000082
:109EE0000000000000000000000000000000000072
:109EF0000000000000000000000000000000000062
:109F00000000000000000000000000000000000051
:109F10000000000000000000000000000000000041
:109F20000000000000000000000000000000000031
:109F30000000000000000000000000000000000021
:109F40000000000000000000000000000000000011
:109F50000000000000000000000000000000000001
:109F600000000000000000000000000000000000F1
:109F700000000000000000000000000000000000E1
:109F800001000000000000000000000000000000D0
:109F900000000000000000000000000000000000C1
:109FA00000000000000000000000000000000000B1
:109FB00000000000000000000000000000000000A1
:109FC0000000000000000000000000000000000091
:109FD0000000000000000000000000000000000081
:109FE0000000000000000000000000000000000071
:109FF0000000000000000000000000000000000061
:10A000000000000000000000000000000000000050
:10A010000000000000000000000000000000000040
:10A020000101000000FC0200001C0624400A0000A0
:10A03000340A000040150100C81401001F00000090
:10A04000FFF0FF7F011F1FFF0100FFFF0100000065
:10A05000E80300000202FFFFFFFFFFFF0000010016
:10A0600010004D595F41505F504153535048524189
:10A070005345000000000000000000000000000048
:10A0800000000000000000000000000000000000D0
:10A0900000000000000000000000000000000000C0
:10A0A00000000000000000000000000000000000B0
:10A0B00000000000000000000000000000000000A0
:10A0C0000000000000000000000000000000000090
:10A0D0000000000000000000000000000000000080
:10A0E0000000000000000000000000000000000070
:10A0F0000000000000000000000000000000000060
:10A10000000000000000000000000000000000004F
:10A11000000000000000000000000000000000003F
:10A1200000000000000001001200594F55525F412D
:10A13000505F504153535048524153450000000076
:10A14000000000000000000000000000000000000F
:10A1500000000000000000000000000000000000FF
:10A1600000000000000000000000000000000000EF
:10A1700000000000000000000000000000000000DF
:10A1800000000000000000000000000000000000CF
:10A1900000000000000000000000000000000000BF
:10A1A00000000000000000000000000000000000AF
:10A1B000000000000000000000000000000000009F
:10A1C000000000000000000000000000000000008F
:10A1D000000000000000000000000000000000007F
:10A1E000000000000000000000000000000000006F
:10A1F000FFFFFFFFFFFFFFFF000000000300000064
:10A20000D01B0100B80E000000000000D01B0100B0
:10A21000381C0100A01C010000000000000000002C
:10A22000000000000000000000000000000000002E
:10A23000000000000000000000000000000000001E
:10A24000000000000000000000000000000000000E
:10A2500000000000430000000000000000000000BB
:10A2600000000000000000000000000000000000EE
:10A27000000000004300000000000000000000009B
:10A2800000000000000000000000000000000000CE
:10A29000000000004300000000000000000000007B
:10A2A00000000000000000000000000000000000AE
:10A2B000000000004300000000000000000000005B
:10A2C000000000000000000000000000000000008E
:10A2D000000000004300000000000000000000003B
:10A2E000000000000000000000000000000000006E
:10A2F000000000004300000000000000000000001B
:10A30000000000000000000000000000000000004D
:10A3100000000000430000000000000000000000FA
:10A32000000000000000000000000000000000002D
:10A3300000000000A156210821562108000000005D
:10A34000109E210841A1210838872108388721085B
:10A35000388721083887210838872108388721085D
:10A36000388721083887210838872108FFFFFFFF39
:10A37000FFFFFFFFFFFFFFFFFFFF00000100415352
:10A3800043494900000000000000000000000000F8
:10A390000000000000000000000000000000415329
:10A3A00043494900000000000000000000000000D8
:10A3B000000000000000000000000000000000009D
:10A3C00038B5234B0222C3F88420BFF34F8FBFF36D
:10A3D0006F8F204BD3F80028D30735D401231946BB
:10A3E000202B01D11C4606E001FA03F4144203F1CC
:10A3F000010027D0DCB2184B03EB04139A68C2F3B8
:10A400008162032A22D09B689B0F032B1ED0134B23
:10A41000142202FB0433D3E90253ED1A18BF0125BD
:10A420000F4B0E4ADB680C49DB690E4898472DB18B
:10A43000084A01235169A3400B435361044B022294
:10A440005A6038BD0346CBE70024D4E70025E7E790
:10A4500000E100E00000034400FC02008409010068
:10A4600000013000400A000038B5244B4FF48062F0
:10A47000C3F88020BFF34F8FBFF36F8F204BD3F80B
:10A480000028D30736D4012319460C2B01D11C46D2
:10A4900006E001FA03F4144203F1010028D0DCB213
:10A4A000184B03EB04139A68C2F38162032A23D08A
:10A4B0009B689B0F032B1FD0134B142202FB04330A
:10A4C000D3E90253ED1A18BF0125104B0E4ADB6881
:10A4D0000C49DB690E4898472DB1094A012351699F
:10A4E000A3400B435361054B4FF480621A6038BDA3
:10A4F0000346CAE70024D3E70025E6E700E100E0D1
:10A5000000800724001C062494080100000130008C
:10A51000340A00002DE9F041044600F0C9FF334B36
:10A52000334E1A68334F01321A603568002D52D10C
:10A5300034601B68012B1FD1B8464046013500F03E
:10A54000A3FF382D08F11408F7D1DFF8D0802A4D89
:10A55000404600F099FF284600F096FF274800F09B
:10A5600093FF274800F090FF264800F08DFF264B10
:10A57000C3F80080254B1D60254A13680133136022
:10A58000244AA3641168E36A8B4288BF13601422D3
:10A590005343F918201D4A68A2609568E560686019
:10A5A0009060FA5861610132FA5000F065FF1A4B71
:10A5B0001B6873B13368DA6AE36A9A4209D24FF0D2
:10A5C000E0234FF08052C3F8042DBFF34F8FBFF349
:10A5D0006F8FBDE8F081104B1A68E36A002ACBD177
:10A5E0003268D26A9A4298BF3460C5E7F4390000F5
:10A5F000CC3E00006C3A0000443A0000283A0000CB
:10A60000143A0000FC390000403A00003C3A0000D7
:10A61000D8390000EC390000E8390000583A000051
:10A620002DE9F8431F4B204C1D68204BD3F80080C8
:10A630001F4B0646D3F8009023682068002283F859
:10A64000722004300F4600F043FF731C14D19FB1F9
:10A65000184B21685A688A6021689068C860216830
:10A6600004314160216804319160226853611A68A5
:10A6700001321A60BDE8F88323682168AD195D6076
:10A6800001F1040104D34846BDE8F84300F0F0BEF0
:10A69000404600F0EDFE084B1A68AA4288BF1D60D4
:10A6A000E8E700BFF0390000CC3E0000403A00006F
:10A6B0003C3A0000FC390000D4390000064A136817
:10A6C0001968064B19B94FF0FF321A6070471268CB
:10A6D000D2681268F9E700BF403A0000D4390000A0
:10A6E00010B590F8713004463BB9006B00F0D4FE11
:10A6F0002046BDE8104000F0CFBE012BF9D0022B60
:10A7000008D04FF0140383F31188BFF36F8FBFF3AA
:10A710004F8FFEE710BD0000F8B50C4C0C4F0D4DEF
:10A72000236803B9F8BD00F0C3FEFB68DE68301D86
:10A7300000F0CEFE2B68013B2B602368013B2360B9
:10A7400000F09AFE3046FFF7CBFFE9E7103A000031
:10A75000143A0000F439000008B5084E4FF0E02428
:10A760004FF08055FFF7D8FF3368012BFAD9C4F8B2
:10A77000045DBFF34F8FBFF36F8FF3E76C3A0000B8
:10A780002DE9F0470A9C9600324680460D46206B24
:10A79000A5219946DDE9087A00F082FE236B043E8C
:10A7A0001E4426F0070666646DB16B1E04F1330289
:10A7B0000E3513F8011F02F8011F09B1AB42F8D1A1
:10A7C000002384F84230372F08D94FF0140383F365
:10A7D0001188BFF36F8FBFF34F8FFEE7E7622765E6
:10A7E000201D00F055FEC7F1380704F1180000F0F5
:10A7F0004FFE2461A76164624A464146304600F03C
:10A8000063FE2060BAF1000F01D0CAF80040BDE835
:10A81000F0872DE9F04387B0DDE90F940E46002163
:10A820000546174698460491B9F1000F08D14FF03C
:10A83000140383F31188BFF36F8FBFF34F8FFEE7CD
:10A8400044B94FF0140383F31188BFF36F8FBFF344
:10A850004F8FFEE778230593059A9A4208D04FF070
:10A86000140383F31188BFF36F8FBFF34F8FFEE79D
:10A870002046059B00F014FE022384F8713004ABDF
:10A88000C4F8309001930E9B00933A4643463146FC
:10A8900028460294FFF774FF2046FFF73BFE04981A
:10A8A00007B0BDE8F0832DE9F043074685B090007E
:10A8B00088461646994600F00FFE0546F0B178200E
:10A8C00000F00AFE0446B0B17822002100F0E8FD55
:10A8D0000D9B256301930C9B009332464B464146EA
:10A8E00038460294FFF74CFF2046FFF713FE012085
:10A8F00005B0BDE8F083284600F0CEFD4FF0FF30F4
:10A90000F6E70000F8B50446254D00F0D1FD04B986
:10A910002C68271D384600F0DBFDA36A1BB104F14B
:10A92000180000F0D5FD1F4A1F4E13680133136055
:10A930002B68A342336800D15BB91C4A1368013B02
:10A940001360FFF7BBFE00F097FD2046FFF7C8FE3F
:10A9500009E01748394600F087FD164A13680133AD
:10A96000136000F089FD3368C3B12B68A34215D191
:10A97000114B1B6843B14FF0140383F31188BFF3ED
:10A980006F8FBFF34F8FFEE74FF0E0234FF0805201
:10A99000C3F8042DBFF34F8FBFF36F8FF8BD00BF17
:10A9A000CC3E0000D8390000E8390000F43900003E
:10A9B000143A0000103A0000CC3900002DE9F041B3
:10A9C000044640B94FF0140383F31188BFF36F8F2F
:10A9D000BFF34F8FFEE7194B1B68834226D000F070
:10A9E00067FD174BD4F828801F68164B65691E68F1
:10A9F00000F042FD144B98451AD0BD421AD0B54222
:10AA000018D0124B9D4209D1A36A9BB994F87030BB
:10AA1000012B14BF03200220BDE8F0810C4B9D42A6
:10AA20000AD0002D14BF01200420F5E70020F3E731
:10AA30000120F1E70220EFE70420EDE7CC3E000023
:10AA4000403A00003C3A0000283A0000FC3900007F
:10AA5000143A000030B58DB008AB214A1D4612F8FB
:10AA6000014B03F8014B002CF9D107AA06A905A850
:10AA7000CDE9054400F018FD059B0293069B079A5B
:10AA80001848CDE9004329462346FFF7C2FE164B7E
:10AA90001860A8B100F010FD012815D14FF0140383
:10AAA00083F31188BFF36F8FBFF34F8F0F4B4FF0BE
:10AAB000FF321A600E4B18600E4B1C6000F0E0FC79
:10AAC0000D4B1B680DB030BD0130F9D14FF01403B0
:10AAD00083F31188BFF36F8FBFF34F8FFEE700BF83
:10AAE0006C84210809140000D0390000D43900001A
:10AAF000E8390000F03900002C0A0000024A13680F
:10AB000001331360704700BFCC390000014B186857
:10AB1000704700BFF039000008B500F0D1FC014BD0
:10AB2000186808BDF0390000014B1868704700BF75
:10AB3000F43900002DE9F84F544B1B68002B40F00E
:10AB40009E80534B1C6801341C60BCB9514B1A6881
:10AB5000126842B14FF0140383F31188BFF36F8F73
:10AB6000BFF34F8FFEE74C4A1968106818601160F8
:10AB70004A4A136801331360FFF7A0FD484D494A64
:10AB80002B68DFF82CB19C424FF000000FD2DBF8AD
:10AB90000030DB6A14214B43D358022B424B1B6815
:10ABA00028BF0120002B18BF0120BDE8F88FDFF877
:10ABB00004C10746374B1B681B681BB94FF0FF33B6
:10ABC0002B60E4E7334B1B68DB68DB6859688C4219
:10ABD00001D22960DBE7D3E90219D3F81480C1F868
:10ABE0000890C9F80410D8F8041003F1040E714558
:10ABF000D8F8001008BFC8F8049001395F61C8F8A0
:10AC00000010D3F82880B8F1000F13D0D3E907194A
:10AC1000C1F80890C9F80410D8F8041003F1180A14
:10AC20005145D8F8001008BFC8F8049001399F6258
:10AC3000C8F80010D96ADCF800801426414506FBEC
:10AC400001F802EB080A88BFCCF80010DAF804908B
:10AC5000C3F80890D9F80860DE60C6F804E0C9F8C7
:10AC600008E0C3F814A052F80830013342F8083065
:10AC7000DBF80030DB6A994288BF01209AE70B4A73
:10AC800013680133136000208FE700BFCC39000048
:10AC9000F0390000403A00003C3A0000DC39000086
:10ACA000D43900006C3A0000E0390000E4390000BB
:10ACB000CC3E0000EC3900002DE9F84F00F0F8FB25
:10ACC0004C4B1A6842B94FF0140383F31188BFF359
:10ACD0006F8FBFF34F8FFEE71A68013A1A601B6847
:10ACE0002BB1002400F0C8FB2046BDE8F88F424A93
:10ACF0001268002AF5D04148414C424A424E434F27
:10AD000014254FF0010C51E0C368DB68D3E9071844
:10AD1000D3F828E0C1F80880C8F80410DEF8041061
:10AD200003F1180949454FF0000108BFCEF804802F
:10AD30009962DEF800100139CEF80010D3E902184C
:10AD4000D3F814E0C1F80880C8F80410DEF8041045
:10AD500003F104094945DEF8001008BFCEF804806D
:10AD60000139CEF80010D3F82CE0216805FB0EF86D
:10AD700002EB080A8E45DAF804109960D1F808B0A1
:10AD8000C3F80CB0CBF80490C1F8089052F8081042
:10AD900088BFC4F800E00131C3F814A042F80810DD
:10ADA0003168C96A8E4501D9C7F800C00168002919
:10ADB000AAD10BB1FFF782FC154D2C6844B1134E9C
:10ADC0000127FFF7B7FE00B13760013CF9D12C60D5
:10ADD0000E4B1B68002B84D00B4B1B684FF0E023FD
:10ADE0004FF08052C3F8042DBFF34F8FBFF36F8F26
:10ADF000012477E7CC390000F4390000283A00003C
:10AE0000EC3900006C3A0000CC3E0000E039000054
:10AE1000E439000008B550B94FF0E0234FF08052FC
:10AE2000C3F8042DBFF34F8FBFF36F8F08BDFFF73B
:10AE300065FE0A4B1B68012B08D04FF0140383F307
:10AE40001188BFF36F8FBFF34F8FFEE70021FFF72D
:10AE5000E7FBFFF731FF0028DED0E7E7CC39000041
:10AE60001C4B1A681C4BF0B512B101221A60F0BDE0
:10AE70001A481A601A4D03681A4E2A685A671A4906
:10AE800032684FF0140C0CFB02F35C18CF58A7B1DA
:10AE9000676808337F6867600B449F4204BFE368BC
:10AEA0006360142303FB02114B68DB6803603260AC
:10AEB000036803685B6F2B60D9E742B94FF0140356
:10AEC00083F31188BFF36F8FBFF34F8FFEE7013A13
:10AED000D9E700BFCC390000E0390000CC3E0000CB
:10AEE000F8390000EC3900006C3A000010B50C464F
:10AEF00040B94FF0140383F31188BFF36F8FBFF392
:10AF00004F8FFEE7054B1968183100F0B1FA204663
:10AF10000121BDE81040FFF783BB00BFCC3E00001D
:10AF200030B4034640B94FF0140383F31188BFF3E4
:10AF30006F8FBFF34F8FFEE71348006840B94FF0A3
:10AF4000140383F31188BFF36F8FBFF34F8FFEE7B6
:10AF50000E4C206841F00041816120685968C16150
:10AF600020688D6805622068183068602068183095
:10AF7000886021688B6219680131196030BC012139
:10AF80001046FFF74DBB00BFCC390000CC3E00009F
:10AF900070B40C46114640B94FF0140383F3118886
:10AFA000BFF36F8FBFF34F8FFEE70D4B42681D68F5
:10AFB0009668EA611D682E621D68183575601D6807
:10AFC0001B681835956098620368002903F1010336
:10AFD00003600CBF20464FF0FF3070BCFFF720BB72
:10AFE000CC3E0000C368DB68F0B543B94FF01403F2
:10AFF00083F31188BFF36F8FBFF34F8FFEE7D3E961
:10B0000007019A6A81604860506803F11804A04201
:10B0100008BF5160002199621168013911601D4A11
:10B02000D96A1268002A29D1D3E902405A69A0607E
:10B03000446054681D1DAC4208BF50601068013860
:10B040001060154A1068814288BF116013481422AD
:10B050004A43861874689C60A768DF607D60A560BD
:10B060005E618358013383500D4B1B68DB6A994244
:10B0700083BF0C4B012018600020F0BD0A4A5068C5
:10B08000D86185681D626C6084609A6213680133C0
:10B090001360E9E7CC390000EC3900006C3A00009D
:10B0A000CC3E0000E0390000283A0000294B1B6824
:10B0B000F0B543B94FF0140383F31188BFF36F8FDA
:10B0C000BFF34F8FFEE7C36841F00041016043B911
:10B0D0004FF0140383F31188BFF36F8FBFF34F8FCB
:10B0E000FEE7D0E901410269A1604C6054688442E6
:10B0F00008BF516000210161116801391160D3E975
:10B1000002015A698160486050681D1DA84208BF4D
:10B1100051601168013911600F4AD96A1068814283
:10B1200088BF11600D4814224A43861874689C60D9
:10B13000A768DF607D60A5605E618358013383503E
:10B14000074B1B68DB6A994282BF064B01221A60DB
:10B15000F0BD00BFCC390000EC3900006C3A0000B3
:10B16000CC3E0000E0390000034B1B680360034B3A
:10B170001B684360704700BFDC390000F0390000F5
:10B1800070B50D46044640B94FF0140383F311889F
:10B19000BFF36F8FBFF34F8FFEE741B94FF014033A
:10B1A00083F31188BFF36F8FBFF34F8FFEE700F07B
:10B1B0007FF9144B62681968134B186890F8720095
:10B1C00040B11B68002283F87220012400F054F97A
:10B1D000204670BD2B68581C12D00C4826680068A9
:10B1E000864204D08A4202D800232B60EDE7881AF9
:10B1F0008342F9D95B1A13442B602046FFF7B4FF52
:10B200000024E3E7F0390000CC3E0000DC39000008
:10B21000014B01221A607047E039000004290FD861
:10B2200058B9084B186840B94FF0140383F31188DC
:10B23000BFF36F8FBFF34F8FFEE7163140F8212029
:10B24000704700BFCC3E0000014B1868704700BF3C
:10B25000CC3E0000054B1B6833B1054B1868B0FAB3
:10B2600080F040094000704701207047E839000035
:10B27000CC390000F8B5044600282ED01D4DC36A15
:10B280002A68D26A93422DD282691B4E002AA1BF3E
:10B290002A68D26AC2F138028261142202FB036377
:10B2A00042699A421AD1071D384600F011F92B68FD
:10B2B000124ADB6A1168E3628B4288BF1360142272
:10B2C0005343F1184A68A2609068E0604760976055
:10B2D000F25861610132F2500120F8BD2B68DB6A3F
:10B2E000C362F9E72B68006DDB6A98422CBF00202F
:10B2F0000120F2E7CC3E00006C3A0000EC3900007F
:10B3000070B5044608B9002070BD1F4B1B6883420E
:10B3100008D04FF0140383F31188BFF36F8FBFF38E
:10B320004F8FFEE75B6D43B94FF0140383F3118831
:10B33000BFF36F8FBFF34F8FFEE7C16A026D013B12
:10B3400091424365DFD0002BDDD1051D284600F07A
:10B35000BFF8236DE362C3F13802A2610B4A1168A2
:10B360008B4288BF13601421094A4B43D0184168AF
:10B37000A1608E68E66075608D60D15860610131B2
:10B38000D1500120C0E700BFCC3E0000EC390000E6
:10B390006C3A000070B50446002846D0426D42B9B0
:10B3A0004FF0140383F31188BFF36F8FBFF34F8FF8
:10B3B000FEE7036D994238BF1946C36A8B4234D009
:10B3C000012A32D1194A1268824208D14FF014037F
:10B3D00083F31188BFF36F8FBFF34F8FFEE782694E
:10B3E000134DC162002A4FF0140202FB035342695D
:10B3F000A4BFC1F1380181619A4216D1061D3046C1
:10B4000000F066F80B4AE36A11688B4288BF13604C
:10B4100014225343E9184A68A2609068E0604660CD
:10B420009660EA5861610132EA5070BDCC3E00007E
:10B430006C3A0000EC390000044B1A6819689069F6
:10B440001A68CB6AC3F1380393617047CC3E0000A1
:10B45000034B186810B1436D01334365704700BF5B
:10B46000CC3E0000000000005FF800F069372008C3
:10B470005FF800F07F3720085FF800F0C54620082D
:10B480005FF800F03D4720085FF800F04D372008D6
:10B490005FF800F0633720085FF800F0BD4A20082D
:10B4A0005FF800F0913621085FF800F019342008A9
:10B4B0005FF800F0854620085FF800F0B9442008E6
:10B4C0005FF800F0B54820085FF800F05946200802
:10B4D0005FF800F0AD3720085FF800F01149200850
:10B4E0000100000004A40524000000420100000047
:10B4F000ACA405240000402901000000ACA40524F0
:10B50000010040290100000004A505240000C0201E
:10B5100001000000C4A405241F0000200100000059
:10B520009CA405240100C049010000009CA405243E
:10B530000000806201000000A4A40524000080A493
:10B5400001000000A4A40524000080A40100000064
:10B550009CA405240100C049010000009CA405240E
:10B56000000080620100000048870524000040833D
:10B57000010000007C870524000000180100000085
:10B58000408705240C0040A401000000CCA4052441
:10B590000080007801000000C8A405246400005861
:10B5A00001000000C4A40524008000780100000010
:10B5B000C0A405246400005801000000E0A4052494
:10B5C000D903005001000000DCA40524BF0400588A
:10B5D00001000000D8A405240E010048010000006D
:10B5E00038A40524000000280100000014A405244C
:10B5F000270080A30100000038A405240300408335
:10B600000100000038A4052403004083030000006B
:10B610000CA405245A0080A30CA4052402004010A9
:10B620000CA4052400000000030000000CA4052465
:10B630005A0080A30CA40524030040100CA4052488
:10B6400000000000030000000CA405245A0080A3A1
:10B650000CA40524000040100CA4052400000000E8
:10B660000100000008A40524150000A4010000004A
:10B6700008A40524070000A40100000004A4052478
:10B680002000C0A30100000010A40524380080A3FE
:10B690000100000010A405245A0080A3010000004E
:10B6A00000A505240000805A020000009CA4052487
:10B6B0000300C0ACACA40524100000200100000071
:10B6C00000A505240300809C01000000D4A40524EB
:10B6D0000100007801000000D0A40524F2000080E1
:10B6E0000100000058870524030080590100000074
:10B6F000588705240C00002801000000408705241D
:10B700000C0040A40100000000A405240000000873
:10B710000100000000A40524560583A001000000DC
:10B7200038A40524070040A40100000038A4052423
:10B730000F0040A40100000038A40524070040A425
:10B740000100000038A405240F0040A401000000FF
:10B750009CA4052400000021010000009CA40524F5
:10B7600001000021010000009CA405240000C01875
:10B77000010000009CA405240100C0180200000084
:10B7800094A405240100009494A40524020000ADB3
:10B79000010000009CA4052400000010010000002E
:10B7A00000A505240300809C0100000000A50524DD
:10B7B0000000809C02000000A4A40524000080A4D6
:10B7C000A4A405240000008402000000A4A4052411
:10B7D000000080A4A4A4052401000084010000004E
:10B7E000A4A40524010080A401000000A4A4052451
:10B7F000020080A40300000098A40524F80040A3E0
:10B80000A0A4052410008051A0A40524010040AD8F
:10B8100001000000A0A40524000040AD02000000CB
:10B820009CA405240000C049A0A40524000040AD4C
:10B8300005000000A0A40524000040AD9CA4052440
:10B840000200806298A40524F80040A3A0A4052467
:10B8500010008051A0A40524010040AD02000000AA
:10B8600098A40524F00040A3A0A40524010040AD45
:10B87000020000009CA405240200C049A0A40524E5
:10B88000000040AD0200000098A405242F003EA84F
:10B89000A0A40524200020A802000000548705244D
:10B8A0000100C03958870524010000210100000073
:10B8B000588705240100805203000000608705249A
:10B8C000030080AC748705240600409C748705241F
:10B8D0000400405A0200000060870524030080AC89
:10B8E00070870524010040AD010000007887052421
:10B8F00009000018010000007887052408000018DE
:10B900000500000074870524DA2422A8488705244E
:10B9100000004083408705240C0040837087052485
:10B920000C00007B70870524040000100600000056
:10B930007487052403008041488705240000408364
:10B940004087052403004083708705240200007BA4
:10B95000708705240700001074870524020000ADDD
:10B960000100000040870524090040A401000000F8
:10B97000408705240C0040A40200000054870524E1
:10B9800000000021448705240000408C02000000D4
:10B990005487052401000021448705240100408CC0
:10B9A00013000000408705240C0040A440870524B4
:10B9B000BF000060488705242600006048870524F2
:10B9C000030040944C8705242003007068870524F9
:10B9D0000300C020448705240100C09C6087052423
:10B9E000010080107887052407004041588705240E
:10B9F000CC000058748705249A2412A87487052463
:10BA00000300804140870524080040837087052497
:10BA10000500007B7087052404000010748705244E
:10BA2000020000AD70870524010000847C87052496
:10BA30000100408C388705240100801009000000B7
:10BA40009CA405240100C049A4A40524010000848D
:10BA500000A505241900C09B94A4052401008010B2
:10BA600014A405240100006394A405240100008CA3
:10BA700094A40524020000ADACA4052400004029D4
:10BA800010A5052401004029E9212008C121200832
:10BA900000000000000000000000000000000000A6
:10BAA0000000000000000000000000000000000096
:10BAB0000000000000000000000000000000000086
:10BAC0000000000000000000000000000000000076
:10BAD0000000000000000000000000000000000066
:10BAE0000000000000000000000000000000000056
:10BAF0000000000000000000000000000000000046
:10BB00000000000000000000000000000000000035
:10BB10000000000000000000000000000000000025
:10BB20000000000000000000000000000000000015
:10BB30000000000000000000000000000000000005
:10BB400000000000000000000000000000000000F5
:10BB500000000000000000000000000000000000E5
:10BB600000000000000000000000000000000000D5
:10BB700000000000000000000000000000000000C5
:10BB800000000000000000000000000000000000B5
:10BB900000000000000000000000000000000000A5
:10BBA0000000000000000000000000000000000095
:10BBB0000000000000000000000000000000000085
:10BBC0000000000000000000000000000000000075
:10BBD0000000000000000000000000000000000065
:10BBE0000000000000000000000000000000000055
:10BBF0000000000000000000000000000000000045
:10BC00000000000000000000000000000000000034
:10BC10000000000000000000000000000000000024
:10BC20000000000000000000000000000000000014
:10BC30000000000000000000000000000000000004
:10BC400000000000000000000000000000000000F4
:10BC500000000000000000000000000000000000E4
:10BC600000000000000000000000000000000000D4
:10BC700000000000000000000000000000000000C4
:10BC800000000000000000000000000000000000B4
:10BC900000000000000000000000000000000000A4
:10BCA0000000000000000000000000000000000094
:10BCB0000000000000000000000000000000000084
:10BCC0000000000000000000000000000000000074
:10BCD0000000000000000000000000000000000064
:10BCE0000000000000000000000000000000000054
:10BCF0000000000000000000000000000000000044
:10BD00000000000000000000000000000000000033
:10BD10000000000000000000000000000000000023
:10BD20000000000000000000000000000000000013
:10BD30000000000000000000000000000000000003
:10BD400000000000000000000000000000000000F3
:10BD500000000000000000000000000000000000E3
:10BD600000000000000000000000000000000000D3
:10BD700000000000000000000000000000000000C3
:10BD800000000000000000000000000000000000B3
:10BD900000000000000000000000000000000000A3
:10BDA0000000000000000000000000000000000093
:10BDB0000000000000000000000000000000000083
:10BDC0000000000000000000000000000000000073
:10BDD0000000000000000000000000000000000063
:10BDE0000000000000000000000000000000000053
:10BDF0000000000000000000000000000000000043
:10BE00000000000000000000000000000000000032
:10BE10000000000000000000000000000000000022
:10BE20000000000000000000000000000000000012
:10BE30000000000000000000000000000000000002
:10BE400000000000000000000000000000000000F2
:10BE500000000000000000000000000000000000E2
:10BE600000000000000000000000000000000000D2
:10BE700000000000000000000000000000000000C2
:10BE800000000000000000000000000000000000B2
:10BE900000000000000000000000000000000000A2
:10BEA0000000000000000000000000000000000092
:10BEB0000000000000000000000000000000000082
:10BEC0000000000000000000000000000000000072
:10BED0000000000000000000000000000000000062
:10BEE0000000000000000000000000000000000052
:10BEF0000000000000000000000000000000000042
:10BF00000000000000000000000000000000000031
:10BF10000000000000000000000000000000000021
:10BF20000000000000000000000000000000000011
:10BF30000000000000000000000000000000000001
:10BF400000000000000000000000000000000000F1
:10BF500000000000000000000000000000000000E1
:10BF600000000000000000000000000000000000D1
:10BF700000000000000000000000000000000000C1
:10BF800000000000000000000000000000000000B1
:10BF900000000000000000000000000000000000A1
:10BFA0000000000000000000000000000000000091
:10BFB0000000000000000000000000000000000081
:10BFC0000000000000000000000000000000000071
:10BFD0000000000000000000000000000000000061
:10BFE0000000000000000000000000000000000051
:10BFF0000000000000000000000000000000000041
:10C000000000000000000000000000000000000030
:00000001FF
